legacy_triple_index,subject,relation,object,publication_year,evidence_quote,provenance_recovery_status,paper_id,chunk_index,source_title,source_modality,sentence_offset,model_name,prompt_version
0,Microservices Architecture,EXTENDS,Monolithic Architecture,2021,Microservices Architecture is amateur evolution of the Monolithic Architecture.,unique_normalized_exact_quote_match,e9f78cc559511112b8b41cacd28f7476f217802d,0,Security in Microservices Architectures,abstract,,,
1,Microservices Architecture,USES,container-based deployment,2021,Microservices Architecture is intrinsically connected as a symbiosis with container-based deployment,unique_normalized_exact_quote_match,e9f78cc559511112b8b41cacd28f7476f217802d,0,Security in Microservices Architectures,abstract,,,
2,Microservices Architecture,USES,containers,2021,containers are viewed as a natural compute platform for this architecture,unique_normalized_exact_quote_match,e9f78cc559511112b8b41cacd28f7476f217802d,0,Security in Microservices Architectures,abstract,,,
3,multivocal review,APPLIED_TO,securing microservices,2021,"To capture the state of the art and practice in securing microservices, we conducted a multivocal review of the existing white and grey literature on the topic.",unique_normalized_exact_quote_match,40fda014e97c5ff3bfe5a3a55766b79d17cd42c8,0,Smells and Refactorings for Microservices Security: A Multivocal Literature Review,abstract,,,
4,multivocal review,USES,white and grey literature,2021,we conducted a multivocal review of the existing white and grey literature on the topic.,unique_normalized_exact_quote_match,40fda014e97c5ff3bfe5a3a55766b79d17cd42c8,0,Smells and Refactorings for Microservices Security: A Multivocal Literature Review,abstract,,,
5,multivocal review,PRODUCES,ten bad smells for securing microservices,2021,"Ten bad smells for securing microservices are identified, which we organized in a taxonomy",unique_normalized_exact_quote_match,40fda014e97c5ff3bfe5a3a55766b79d17cd42c8,0,Smells and Refactorings for Microservices Security: A Multivocal Literature Review,abstract,,,
6,refactoring,ADDRESSES,security smells,2021,refactorings enabling to mitigate the effects of such smells.,unique_normalized_exact_quote_match,40fda014e97c5ff3bfe5a3a55766b79d17cd42c8,0,Smells and Refactorings for Microservices Security: A Multivocal Literature Review,abstract,,,
7,Microservices architecture,USES,Application Programming Interfaces,2019,Microservices generally communicate with each other using Application Programming Interfaces (APIs),unique_normalized_exact_quote_match,fb3d52bcb2a1ca5b588ce01846d002c12edd713c,0,Security strategies for microservices-based application systems,abstract,,,
8,security strategies,ADDRESSES,threats specific to microservices,2019,develop security strategies that counter threats specific to microservices,unique_normalized_exact_quote_match,fb3d52bcb2a1ca5b588ce01846d002c12edd713c,0,Security strategies for microservices-based application systems,abstract,,,
9,security strategies,IMPROVES,security profile of the microservices-based application,2019,"develop security strategies that counter threats specific to microservices, and enhance the overall security profile of the microservices-based application",unique_normalized_exact_quote_match,fb3d52bcb2a1ca5b588ce01846d002c12edd713c,0,Security strategies for microservices-based application systems,abstract,,,
10,Systematic Literature Review,ADDRESSES,security in microservices,2022,"In this work, a Systematic Literature Review is carried out to answer questions on this subject, involving aspects of the challenges, mechanisms and technologies that deal with authentication and authorization in microservices.",unique_normalized_exact_quote_match,d64c1a7d9f3e9794a171e81f0d83fff2f1311457,0,Authentication and Authorization in Microservices Architecture: A Systematic Literature Review,abstract,,,
11,OAuth 2.0,ADDRESSES,security in microservices,2022,"To face the problems, mechanisms such as OAuth 2.0, OpenID Connect, API Gateway and JWT are used.",unique_normalized_exact_quote_match,d64c1a7d9f3e9794a171e81f0d83fff2f1311457,0,Authentication and Authorization in Microservices Architecture: A Systematic Literature Review,abstract,,,
12,OpenID Connect,ADDRESSES,security in microservices,2022,"To face the problems, mechanisms such as OAuth 2.0, OpenID Connect, API Gateway and JWT are used.",unique_normalized_exact_quote_match,d64c1a7d9f3e9794a171e81f0d83fff2f1311457,0,Authentication and Authorization in Microservices Architecture: A Systematic Literature Review,abstract,,,
13,API Gateway,ADDRESSES,security in microservices,2022,"To face the problems, mechanisms such as OAuth 2.0, OpenID Connect, API Gateway and JWT are used.",unique_normalized_exact_quote_match,d64c1a7d9f3e9794a171e81f0d83fff2f1311457,0,Authentication and Authorization in Microservices Architecture: A Systematic Literature Review,abstract,,,
14,JWT,ADDRESSES,security in microservices,2022,"To face the problems, mechanisms such as OAuth 2.0, OpenID Connect, API Gateway and JWT are used.",unique_normalized_exact_quote_match,d64c1a7d9f3e9794a171e81f0d83fff2f1311457,0,Authentication and Authorization in Microservices Architecture: A Systematic Literature Review,abstract,,,
15,Systematic Literature Review,PRODUCES,lack of practical studies on microservice security,2022,"It was found that there are few studies dealing with the subject, especially in practical order",unique_normalized_exact_quote_match,d64c1a7d9f3e9794a171e81f0d83fff2f1311457,0,Authentication and Authorization in Microservices Architecture: A Systematic Literature Review,abstract,,,
16,Systematic Literature Review,PRODUCES,lack of open-source technologies implementing security mechanisms,2022,"Finally, it was found that there are few open-source technologies that implement the researched mechanisms",unique_normalized_exact_quote_match,d64c1a7d9f3e9794a171e81f0d83fff2f1311457,0,Authentication and Authorization in Microservices Architecture: A Systematic Literature Review,abstract,,,
17,systematic mapping study,PRODUCES,321 articles,2019,The study yielded 321 articles,unique_normalized_exact_quote_match,c8b613463e55f47a32275accd071a2fb5e876ade,0,Security Mechanisms Used in Microservices-Based Systems: A Systematic Mapping,abstract,,,
18,systematic mapping study,PRODUCES,key findings,2019,"Key findings are that (i) the studies mention 18 security mechanisms; (ii) the most mentioned security mechanisms are authentication, authorization and credentials; and (iii) almost 2/3 of security mechanisms focus on stopping or mitigating attacks, but none on recovering from them.",unique_normalized_exact_quote_match,c8b613463e55f47a32275accd071a2fb5e876ade,0,Security Mechanisms Used in Microservices-Based Systems: A Systematic Mapping,abstract,,,
19,experiments and case studies,APPLIED_TO,microservices security research,2019,experiments and case studies are the most used empirical strategies in microservices security research,unique_normalized_exact_quote_match,c8b613463e55f47a32275accd071a2fb5e876ade,0,Security Mechanisms Used in Microservices-Based Systems: A Systematic Mapping,abstract,,,
20,reuse of existing architectural knowledge,ADDRESSES,security problems in microservices-based systems,2019,reuse of existing architectural knowledge to address security problems in microservices-based systems,unique_normalized_exact_quote_match,c8b613463e55f47a32275accd071a2fb5e876ade,0,Security Mechanisms Used in Microservices-Based Systems: A Systematic Mapping,abstract,,,
21,current literature,LACKS,guidance on security mechanisms,2019,current literature does not guide developers about which mechanisms are actually used by developers of microservicesbased systems,unique_normalized_exact_quote_match,c8b613463e55f47a32275accd071a2fb5e876ade,0,Security Mechanisms Used in Microservices-Based Systems: A Systematic Mapping,abstract,,,
22,Empirical study,USES,861 microservices security points,2021,"We first manually analyzed 861 microservices security points, including 567 issues, 9 documents, and 3 wiki pages from 10 GitHub open-source microservices systems and 306 Stack Overflow posts concerning security in microservices systems.",unique_normalized_exact_quote_match,c3c98df61cc4afeb7e9fc6af6d91c1a43b3bd887,0,An Empirical Study of Security Practices for Microservices Systems,abstract,,,
23,Manual analysis,PRODUCES,Catalog of 28 microservices security practices,2021,Our analysis led to a catalog of 28 microservices security practices.,unique_normalized_exact_quote_match,c3c98df61cc4afeb7e9fc6af6d91c1a43b3bd887,0,An Empirical Study of Security Practices for Microservices Systems,abstract,,,
24,Survey with 74 microservices practitioners,EVALUATES_ON,Catalog of 28 microservices security practices,2021,We then ran a survey with 74 microservices practitioners to evaluate the usefulness of these 28 practices.,unique_normalized_exact_quote_match,c3c98df61cc4afeb7e9fc6af6d91c1a43b3bd887,0,An Empirical Study of Security Practices for Microservices Systems,abstract,,,
25,Catalog of 28 microservices security practices,ADDRESSES,Security issues in microservices systems,2021,We believe that the catalog of microservices security practices can serve as a valuable resource for microservices practitioners to more effectively address security issues in microservices systems.,unique_normalized_exact_quote_match,c3c98df61cc4afeb7e9fc6af6d91c1a43b3bd887,0,An Empirical Study of Security Practices for Microservices Systems,abstract,,,
26,analysis techniques,ADDRESSES,security smells,2023,analysis techniques to automatically detect security smells,unique_normalized_exact_quote_match,301c433043fb8e992a0c36e2bb0a2032258e04dd,0,KubeHound: Detecting Microservices' Security Smells in Kubernetes Deployments,abstract,,,
27,KubeHound,USES,analysis techniques,2023,"KubeHound, an extensible prototype tool for automatically detecting security smells in microservice applications, and which already features a selected subset of the discussed analyses",unique_normalized_exact_quote_match,301c433043fb8e992a0c36e2bb0a2032258e04dd,0,KubeHound: Detecting Microservices' Security Smells in Kubernetes Deployments,abstract,,,
28,KubeHound,ADDRESSES,security smells,2023,"KubeHound, an extensible prototype tool for automatically detecting security smells",unique_normalized_exact_quote_match,301c433043fb8e992a0c36e2bb0a2032258e04dd,0,KubeHound: Detecting Microservices' Security Smells in Kubernetes Deployments,abstract,,,
29,KubeHound,EVALUATES_ON,third-party applications,2023,"applying it to existing, third-party applications",unique_normalized_exact_quote_match,301c433043fb8e992a0c36e2bb0a2032258e04dd,0,KubeHound: Detecting Microservices' Security Smells in Kubernetes Deployments,abstract,,,
30,systematic literature review,APPLIED_TO,inter-service security in microservice architectures,2024,"This paper presents a systematic literature review, analyzing 54 publications specifically in the context of security threats and mitigation strategies within the area of inter-service security in microservice architectures.",unique_normalized_exact_quote_match,b81815de13660b221f336381d9e9ce068c5eab50,0,A Systematic Literature Review of Inter-Service Security Threats and Mitigation Strategies in Microservice Architectures,abstract,,,
31,inter-service authentication and communication,LACKS,comprehensive analysis on specific security threats,2024,"There is a notable lack of comprehensive analysis on specific security threats, particularly in inter-service authentication and communication.",unique_normalized_exact_quote_match,b81815de13660b221f336381d9e9ce068c5eab50,0,A Systematic Literature Review of Inter-Service Security Threats and Mitigation Strategies in Microservice Architectures,abstract,,,
32,standardized taxonomy in microservice security,ADDRESSES,inconsistencies in the literature,2024,"It also underscores the necessity for a standardized taxonomy in microservice security to clarify terminology and consolidate best practices, addressing inconsistencies in the literature",unique_normalized_exact_quote_match,b81815de13660b221f336381d9e9ce068c5eab50,0,A Systematic Literature Review of Inter-Service Security Threats and Mitigation Strategies in Microservice Architectures,abstract,,,
33,systematic literature review,PRODUCES,"majority of studies focus on presenting methods, models, and guidelines for microservice security",2024,"We observed that the majority of studies focus on presenting methods, models, and guidelines for microservice security, with a significant portion validating these approaches.",unique_normalized_exact_quote_match,b81815de13660b221f336381d9e9ce068c5eab50,0,A Systematic Literature Review of Inter-Service Security Threats and Mitigation Strategies in Microservice Architectures,abstract,,,
34,proposed method for access control,ADDRESSES,security risks of microservices,2023,The objective is to propose a method for access control that ensures the enhanced security of microservices.,unique_normalized_exact_quote_match,c8a17e3b4d83d3b81fcda5c84b39fab34a06d481,0,Enhancing Microservices Security with Token-Based Access Control Method,abstract,,,
35,proposed method for access control,IMPROVES,security of decentralized microservices,2023,the proposed method enhanced the security of decentralized microservices,unique_normalized_exact_quote_match,c8a17e3b4d83d3b81fcda5c84b39fab34a06d481,0,Enhancing Microservices Security with Token-Based Access Control Method,abstract,,,
36,proposed method for access control,EVALUATES_ON,decentralized architectures of the microservices,2023,The proposed method was experimentally tested and validated in comparison to the centralized and decentralized architectures of the microservices.,unique_normalized_exact_quote_match,c8a17e3b4d83d3b81fcda5c84b39fab34a06d481,0,Enhancing Microservices Security with Token-Based Access Control Method,abstract,,,
37,path-based anomaly detection and access control infrastructure,IMPROVES,resiliency of microservice-based applications,2023,"To improve the resiliency of microservice-based applications, many of which store sensitive data, we propose a novel, path-based anomaly detection and access control infrastructure",unique_normalized_exact_quote_match,9acf4b31c960f7be7f9aa974a829c50ebd48b7e9,0,Sidecar-based Path-aware Security for Microservices,abstract,,,
38,path-based anomaly detection and access control infrastructure,USES,trusted proxies,2023,"We propose leveraging trusted proxies deployed alongside each service for request inspection, anomaly detection and signed token propagation for end-user path validation.",unique_normalized_exact_quote_match,9acf4b31c960f7be7f9aa974a829c50ebd48b7e9,0,Sidecar-based Path-aware Security for Microservices,abstract,,,
39,path-based anomaly detection and access control infrastructure,APPLIED_TO,microservice architectures,2023,"To improve the resiliency of microservice-based applications, many of which store sensitive data, we propose a novel, path-based anomaly detection and access control infrastructure",unique_normalized_exact_quote_match,9acf4b31c960f7be7f9aa974a829c50ebd48b7e9,0,Sidecar-based Path-aware Security for Microservices,abstract,,,
40,Pomegranate,ADDRESSES,security issues in microservices,2023,This paper presents a fully automated test tool suite that can help developers address security issues in microservices and resolve them.,unique_normalized_exact_quote_match,3d0652271dcd2d7dae893a65624387d471f17d15,0,Automatic Detection of Security Deficiencies and Refactoring Advises for Microservices,abstract,,,
41,Pomegranate,COMBINES,open-source scanning tools,2023,encapsulating open-source scanning tools into one suite,unique_normalized_exact_quote_match,3d0652271dcd2d7dae893a65624387d471f17d15,0,Automatic Detection of Security Deficiencies and Refactoring Advises for Microservices,abstract,,,
42,Pomegranate,USES,Design Science,2023,"To develop Pomegranate, we employed Design Science",unique_normalized_exact_quote_match,3d0652271dcd2d7dae893a65624387d471f17d15,0,Automatic Detection of Security Deficiencies and Refactoring Advises for Microservices,abstract,,,
43,Pomegranate,APPLIED_TO,microservices,2023,help developers to address most security issues in microservices,unique_normalized_exact_quote_match,3d0652271dcd2d7dae893a65624387d471f17d15,0,Automatic Detection of Security Deficiencies and Refactoring Advises for Microservices,abstract,,,
44,security scanning tools,LACKS,comprehensive security coverage,2023,none individually is sufficient to cover all security problems in microservices,unique_normalized_exact_quote_match,3d0652271dcd2d7dae893a65624387d471f17d15,0,Automatic Detection of Security Deficiencies and Refactoring Advises for Microservices,abstract,,,
45,containers,IMPROVES,agility in development and deployment,2020,agility in development and deployment further increased by containers,unique_normalized_exact_quote_match,1c63a43ebef0b112e86a455a34aee78b08cca035,0,Improving the Security of Microservice Systems by Detecting and Tolerating Intrusions,abstract,,,
46,host-based IDSes,APPLIED_TO,container environments,2020,Our preliminary research shows that host-based IDSes are applicable in container environments.,unique_normalized_exact_quote_match,1c63a43ebef0b112e86a455a34aee78b08cca035,0,Improving the Security of Microservice Systems by Detecting and Tolerating Intrusions,abstract,,,
47,"methodologies for detection, tolerance and mitigation of security intrusions",IMPROVES,security of microservice systems,2020,"intends to advance the security of microservice systems through research and improvement of methodologies for detection, tolerance and mitigation of security intrusions",unique_normalized_exact_quote_match,1c63a43ebef0b112e86a455a34aee78b08cca035,0,Improving the Security of Microservice Systems by Detecting and Tolerating Intrusions,abstract,,,
48,"methodologies for detection, tolerance and mitigation of security intrusions",ADDRESSES,security intrusions,2020,"methodologies for detection, tolerance and mitigation of security intrusions",unique_normalized_exact_quote_match,1c63a43ebef0b112e86a455a34aee78b08cca035,0,Improving the Security of Microservice Systems by Detecting and Tolerating Intrusions,abstract,,,
49,Microservices,USES,REST API,2018,with implementation via the Rest API,unique_normalized_exact_quote_match,e5188350d3c9a3958c766fd15a5d7f881e7a6b77,0,Microservices API Security,abstract,,,
50,Microservices,USES,Agile methods,2018,"by adapting to Agile methods, DevOps culture, cloud, Linux containers, and Continuous Integration/ Continuous Development methods",unique_normalized_exact_quote_match,e5188350d3c9a3958c766fd15a5d7f881e7a6b77,0,Microservices API Security,abstract,,,
51,Microservices,USES,DevOps culture,2018,"by adapting to Agile methods, DevOps culture, cloud, Linux containers, and Continuous Integration/ Continuous Development methods",unique_normalized_exact_quote_match,e5188350d3c9a3958c766fd15a5d7f881e7a6b77,0,Microservices API Security,abstract,,,
52,Microservices,USES,Linux containers,2018,"by adapting to Agile methods, DevOps culture, cloud, Linux containers, and Continuous Integration/ Continuous Development methods",unique_normalized_exact_quote_match,e5188350d3c9a3958c766fd15a5d7f881e7a6b77,0,Microservices API Security,abstract,,,
53,Microservices,USES,Continuous Integration/ Continuous Development methods,2018,"by adapting to Agile methods, DevOps culture, cloud, Linux containers, and Continuous Integration/ Continuous Development methods",unique_normalized_exact_quote_match,e5188350d3c9a3958c766fd15a5d7f881e7a6b77,0,Microservices API Security,abstract,,,
54,REPLICAWATCHER,APPLIED_TO,microservices-based environments,2024,"We propose a novel, training-less approach to monitoring microservices-based environments. Our system, R EPLI - CA W ATCHER , observes the behavior of identical container instances",unique_normalized_exact_quote_match,c0bcd3e6d71c327fc64950f61f58c4c1b53d9fe5,0,REPLICAWATCHER: Training-less Anomaly Detection in Containerized Microservices,abstract,,,
55,REPLICAWATCHER,ADDRESSES,normality shifts,2024,our approach is resilient against normality shifts and maintains its effectiveness without the necessity for retraining.,unique_normalized_exact_quote_match,c0bcd3e6d71c327fc64950f61f58c4c1b53d9fe5,0,REPLICAWATCHER: Training-less Anomaly Detection in Containerized Microservices,abstract,,,
56,anomaly-based intrusion detection systems,USES,pre-established baselines,2024,anomaly-based intrusion detection systems rely on comprehensive pre-established baselines for effectively identifying suspicious activities.,unique_normalized_exact_quote_match,c0bcd3e6d71c327fc64950f61f58c4c1b53d9fe5,0,REPLICAWATCHER: Training-less Anomaly Detection in Containerized Microservices,abstract,,,
57,REPLICAWATCHER,PRODUCES,precision,2024,achieving an average precision of 91.08%,unique_normalized_exact_quote_match,c0bcd3e6d71c327fc64950f61f58c4c1b53d9fe5,0,REPLICAWATCHER: Training-less Anomaly Detection in Containerized Microservices,abstract,,,
58,REPLICAWATCHER,PRODUCES,recall,2024,recall of 98.35%,unique_normalized_exact_quote_match,c0bcd3e6d71c327fc64950f61f58c4c1b53d9fe5,0,REPLICAWATCHER: Training-less Anomaly Detection in Containerized Microservices,abstract,,,
59,microservice architecture,USES,Thrift,2022,"microservice architecture, which is a small or even an independent microprocess that interacts, acts, and responds to messages via lightweight technologies such as Thrift",unique_normalized_exact_quote_match,6e6effb33ae9f75c9f92a5349b2bf897163b794c,0,"Security, Privacy and Challenges in Microservices Architecture and Cloud Computing- Survey",abstract,,,
60,microservice architecture,USES,HTTP,2022,"microservice architecture, which is a small or even an independent microprocess that interacts, acts, and responds to messages via lightweight technologies such as Thrift, HTTP",unique_normalized_exact_quote_match,6e6effb33ae9f75c9f92a5349b2bf897163b794c,0,"Security, Privacy and Challenges in Microservices Architecture and Cloud Computing- Survey",abstract,,,
61,microservice architecture,USES,REST API,2022,"microservice architecture, which is a small or even an independent microprocess that interacts, acts, and responds to messages via lightweight technologies such as Thrift, HTTP, or REST API",unique_normalized_exact_quote_match,6e6effb33ae9f75c9f92a5349b2bf897163b794c,0,"Security, Privacy and Challenges in Microservices Architecture and Cloud Computing- Survey",abstract,,,
62,distributed tracing,ADDRESSES,cyber-security attacks,2021,"In this paper, we used distributed tracing for detecting cyber-security attacks.",unique_normalized_exact_quote_match,8701b69157ad4e20d160586ba1ce9a840d8fd947,0,Detecting Cyber Security Attacks against a Microservices Application using Distributed Tracing,abstract,,,
63,distributed tracing,APPLIED_TO,performance management of microservices applications,2021,Distributed tracing is normally used for performance management of microservices applications.,unique_normalized_exact_quote_match,8701b69157ad4e20d160586ba1ce9a840d8fd947,0,Detecting Cyber Security Attacks against a Microservices Application using Distributed Tracing,abstract,,,
64,anomaly detection,EVALUATES_ON,password guessing attack,2021,This approach is evaluated using a password guessing attack.,unique_normalized_exact_quote_match,8701b69157ad4e20d160586ba1ce9a840d8fd947,0,Detecting Cyber Security Attacks against a Microservices Application using Distributed Tracing,abstract,,,
65,proposed method,USES,LEMMA,2023,The proposed method relies on LEMMA to model microservice applications,unique_normalized_exact_quote_match,b8255053e7a184b814f4ba91f60f2876fc2c59c9,0,"Towards Resolving Security Smells in Microservices, Model-Driven",abstract,,,
66,proposed method,EXTENDS,LEMMA,2023,suitably extending LEMMA itself to enable the modeling of microservices’ security aspects.,unique_normalized_exact_quote_match,b8255053e7a184b814f4ba91f60f2876fc2c59c9,0,"Towards Resolving Security Smells in Microservices, Model-Driven",abstract,,,
67,proposed method,ADDRESSES,security smells,2023,automatically detect security smells in modeled microservice applications and recommend the refactorings known to resolve the identiﬁed security smells.,unique_normalized_exact_quote_match,b8255053e7a184b814f4ba91f60f2876fc2c59c9,0,"Towards Resolving Security Smells in Microservices, Model-Driven",abstract,,,
68,proposed method,PRODUCES,proof-of-concept implementation,2023,"To assess the feasibility of the proposed method, this paper also introduces a proof-of-concept implementation",unique_normalized_exact_quote_match,b8255053e7a184b814f4ba91f60f2876fc2c59c9,0,"Towards Resolving Security Smells in Microservices, Model-Driven",abstract,,,
69,µDetector,APPLIED_TO,microservice-based applications,2023,"This paper presents µDetector, an intrusion detection tool for microservice-based applications.",unique_normalized_exact_quote_match,59dc7f786a0499b739ac1323ba1eda7ac860c63e,0,µDetector: Automated Intrusion Detection for Microservices,abstract,,,
70,µDetector,USES,intrusion detection techniques,2023,This tool uses intrusion detection techniques from previous research and automates their functioning for Kubernetes and KubeEdge deployments.,unique_normalized_exact_quote_match,59dc7f786a0499b739ac1323ba1eda7ac860c63e,0,µDetector: Automated Intrusion Detection for Microservices,abstract,,,
71,µDetector,APPLIED_TO,Kubernetes,2023,automates their functioning for Kubernetes and KubeEdge deployments.,unique_normalized_exact_quote_match,59dc7f786a0499b739ac1323ba1eda7ac860c63e,0,µDetector: Automated Intrusion Detection for Microservices,abstract,,,
72,µDetector,USES,anomaly-based intrusion detection,2023,transfers them over to the IDS module that performs anomaly-based intrusion detection.,unique_normalized_exact_quote_match,59dc7f786a0499b739ac1323ba1eda7ac860c63e,0,µDetector: Automated Intrusion Detection for Microservices,abstract,,,
73,µDetector,EVALUATES_ON,functional testing,2023,µDetector was validated using functional testing and performance and scalability tests.,unique_normalized_exact_quote_match,59dc7f786a0499b739ac1323ba1eda7ac860c63e,0,µDetector: Automated Intrusion Detection for Microservices,abstract,,,
74,microservice-based applications,IMPROVES,scalability,2023,improving flexibility and scalability in dynamic DevOps environments that leverage containers and orchestration tools such as Kubernetes.,unique_normalized_exact_quote_match,59dc7f786a0499b739ac1323ba1eda7ac860c63e,0,µDetector: Automated Intrusion Detection for Microservices,abstract,,,
75,continuous security assessments,APPLIED_TO,vulnerability detection,2022,continuous security assessments are used for vulnerability detection.,unique_normalized_exact_quote_match,8ba88dd1693e05285489e811f8171ea3b6bb2166,0,Microservices Security Challenges and Approaches,abstract,,,
76,patching detected vulnerabilities,ADDRESSES,security attacks,2022,"Detected vulnerabilities are thereafter patched, essentially reducing the chances for security attacks.",unique_normalized_exact_quote_match,8ba88dd1693e05285489e811f8171ea3b6bb2166,0,Microservices Security Challenges and Approaches,abstract,,,
77,PSRD model,ADDRESSES,privacy-related concerns in microservices architecture,2021,we address the need for identifying any privacy-related concerns within the microservices architecture by building a Privacy and Security Risk Detection (PSRD) model,unique_normalized_exact_quote_match,e9be9b23ca5818a564de3cc308b1dc0695f068f5,0,Detecting Security and Privacy Risks in Microservices End-to-End Communication Using Neural Networks,abstract,,,
78,PSRD model,USES,distributed tracing,2021,building a Privacy and Security Risk Detection (PSRD) model that is based on distributed tracing,unique_normalized_exact_quote_match,e9be9b23ca5818a564de3cc308b1dc0695f068f5,0,Detecting Security and Privacy Risks in Microservices End-to-End Communication Using Neural Networks,abstract,,,
79,PSRD model,USES,fully connected neural network,2021,We employ a fully connected neural network (FCNN) to classify the extent of the vulnerabilities that may occur within the path of a discovered service request.,unique_normalized_exact_quote_match,e9be9b23ca5818a564de3cc308b1dc0695f068f5,0,Detecting Security and Privacy Risks in Microservices End-to-End Communication Using Neural Networks,abstract,,,
80,PSRD model,APPLIED_TO,microservices architecture,2021,identifying any privacy-related concerns within the microservices architecture by building a Privacy and Security Risk Detection (PSRD) model,unique_normalized_exact_quote_match,e9be9b23ca5818a564de3cc308b1dc0695f068f5,0,Detecting Security and Privacy Risks in Microservices End-to-End Communication Using Neural Networks,abstract,,,
81,three data processing techniques,ADDRESSES,growing complexity and dynamicity of microservices,2023,"The growing complexity and dynamicity of microservices, combined with their ability to scale, present significant challenges to security monitoring tools. Integrating these tools into a DevSecOps pipeline is currently impractical, necessitating research into adaptive intrusion detection approaches. This paper introduces three data processing techniques",unique_normalized_exact_quote_match,c9be4435eb2cdf1dc5e18f473d51848690675487,0,Intrusion Detection for Scalable and Elastic Microservice Applications,abstract,,,
82,three data processing techniques,PRODUCES,reliable intrusion detection,2023,"These techniques manipulate data collected from active microservice replicas and feed it to algorithms, resulting in reliable intrusion detection even after scaling operations.",unique_normalized_exact_quote_match,c9be4435eb2cdf1dc5e18f473d51848690675487,0,Intrusion Detection for Scalable and Elastic Microservice Applications,abstract,,,
83,three data processing techniques,APPLIED_TO,intrusion detection tool,2023,"To evaluate these techniques, we integrate them into a state-of-the-art intrusion detection tool developed for microservice environments.",unique_normalized_exact_quote_match,c9be4435eb2cdf1dc5e18f473d51848690675487,0,Intrusion Detection for Scalable and Elastic Microservice Applications,abstract,,,
84,STIDE,EVALUATES_ON,microservice-based application,2023,"Their effectiveness is evaluated using two lightweight algorithms (STIDE and BoSC) with representative workloads, attacks, and a microservice-based application",unique_normalized_exact_quote_match,c9be4435eb2cdf1dc5e18f473d51848690675487,0,Intrusion Detection for Scalable and Elastic Microservice Applications,abstract,,,
85,BoSC,EVALUATES_ON,microservice-based application,2023,"Their effectiveness is evaluated using two lightweight algorithms (STIDE and BoSC) with representative workloads, attacks, and a microservice-based application",unique_normalized_exact_quote_match,c9be4435eb2cdf1dc5e18f473d51848690675487,0,Intrusion Detection for Scalable and Elastic Microservice Applications,abstract,,,
86,threat modeling framework,USES,STRIDE,2023,By leveraging STRIDE and other threat mod- eling methodologies,unique_normalized_exact_quote_match,94f4d0c7370040b4601b7079af05a360ae30f0a4,0,Microservices Security Threat Modelling in DevOps Pipelines,abstract,,,
87,continuous threat modeling,USES,OWASP Threat Dragon,2023,"integration of automated security tools, such as OWASP Threat Dragon and IriusRisk, to perform continuous threat modeling",unique_normalized_exact_quote_match,94f4d0c7370040b4601b7079af05a360ae30f0a4,0,Microservices Security Threat Modelling in DevOps Pipelines,abstract,,,
88,continuous threat modeling,USES,IriusRisk,2023,"integration of automated security tools, such as OWASP Threat Dragon and IriusRisk, to perform continuous threat modeling",unique_normalized_exact_quote_match,94f4d0c7370040b4601b7079af05a360ae30f0a4,0,Microservices Security Threat Modelling in DevOps Pipelines,abstract,,,
89,threat modeling framework,APPLIED_TO,DevOps environment,2023,demonstrates the application of our framework in a real-world DevOps environment,unique_normalized_exact_quote_match,94f4d0c7370040b4601b7079af05a360ae30f0a4,0,Microservices Security Threat Modelling in DevOps Pipelines,abstract,,,
90,automated threat modeling,IMPROVES,detection rates,2023,automated threat modeling improves detection rates by 30%,unique_normalized_exact_quote_match,94f4d0c7370040b4601b7079af05a360ae30f0a4,0,Microservices Security Threat Modelling in DevOps Pipelines,abstract,,,
91,threat modeling framework,ADDRESSES,API exploitation,2023,"we identify key vulnerabilities such as API exploitation, interservice communication risks, and dependency tampering",unique_normalized_exact_quote_match,94f4d0c7370040b4601b7079af05a360ae30f0a4,0,Microservices Security Threat Modelling in DevOps Pipelines,abstract,,,
92,proposed framework,ADDRESSES,masquerade attacks,2022,provides a novel approach to protect microservices applications from masquerade attacks.,unique_normalized_exact_quote_match,fb0262ce63a579b385fe11af143a4e3f43004429,0,Trusted Microservices: A Security Framework for Users' Interaction with Microservices Applications,abstract,,,
93,proposed framework,USES,software containers,2022,The framework was implemented using 150 software containers to define users' HTTP requests,unique_normalized_exact_quote_match,fb0262ce63a579b385fe11af143a4e3f43004429,0,Trusted Microservices: A Security Framework for Users' Interaction with Microservices Applications,abstract,,,
94,proposed framework,EVALUATES_ON,microservices,2022,a set of 20 microservices were tested to proof its applicability and benefits,unique_normalized_exact_quote_match,fb0262ce63a579b385fe11af143a4e3f43004429,0,Trusted Microservices: A Security Framework for Users' Interaction with Microservices Applications,abstract,,,
95,monolithic applications,LACKS,flexibility,2022,Such environment has several drawbacks related to flexibility and maintainability,unique_normalized_exact_quote_match,fb0262ce63a579b385fe11af143a4e3f43004429,0,Trusted Microservices: A Security Framework for Users' Interaction with Microservices Applications,abstract,,,
96,microservices architecture,IMPROVES,scalability,2022,"Microservices architecture emerges as a promising software design approach that provides large scale software systems with flexibility, scalability and fault tolerance.",unique_normalized_exact_quote_match,fb0262ce63a579b385fe11af143a4e3f43004429,0,Trusted Microservices: A Security Framework for Users' Interaction with Microservices Applications,abstract,,,
97,security controls,ADDRESSES,vulnerabilities,2025,"In this paper, we examine the relevant vulnerabilities and security controls for ensuring the security of applications built on microservice architectures.",unique_normalized_exact_quote_match,3e79afab87dcdbd581962c370e070859a6b7f44d,0,Authentication Challenges and Solutions in Microservice Architectures,abstract,,,
98,security controls,APPLIED_TO,microservice architectures,2025,"In this paper, we examine the relevant vulnerabilities and security controls for ensuring the security of applications built on microservice architectures.",unique_normalized_exact_quote_match,3e79afab87dcdbd581962c370e070859a6b7f44d,0,Authentication Challenges and Solutions in Microservice Architectures,abstract,,,
99,Zero Trust security principles,USES,Spring Boot security components,2025,Zero Trust security principles are used to conceptualize and implement a secure ecosystem using Spring Boot security components and Docker infrastructure.,unique_normalized_exact_quote_match,3e79afab87dcdbd581962c370e070859a6b7f44d,0,Authentication Challenges and Solutions in Microservice Architectures,abstract,,,
100,Zero Trust security principles,USES,Docker infrastructure,2025,Zero Trust security principles are used to conceptualize and implement a secure ecosystem using Spring Boot security components and Docker infrastructure.,unique_normalized_exact_quote_match,3e79afab87dcdbd581962c370e070859a6b7f44d,0,Authentication Challenges and Solutions in Microservice Architectures,abstract,,,
101,machine learning,IMPROVES,intrusion detection systems,2023,machine learning provided improved functionality for intrusion detection systems,unique_normalized_exact_quote_match,48a956f86a7505177d4f651644122259251fd493,0,Evaluation of Machine Learning for Intrusion Detection in Microservice Applications,abstract,,,
102,machine learning techniques,USES,system call data,2023,The data was used to train and test machine learning techniques,unique_normalized_exact_quote_match,48a956f86a7505177d4f651644122259251fd493,0,Evaluation of Machine Learning for Intrusion Detection in Microservice Applications,abstract,,,
103,machine learning techniques,APPLIED_TO,microservice scenario,2023,evaluation of machine learning techniques for intrusion detection in a microservice scenario,unique_normalized_exact_quote_match,48a956f86a7505177d4f651644122259251fd493,0,Evaluation of Machine Learning for Intrusion Detection in Microservice Applications,abstract,,,
104,machine-learning-based intrusion detection,LACKS,improved data processing and representation,2023,"to enhance detection, it is required to improve data processing and representation for this type of scenario.",unique_normalized_exact_quote_match,48a956f86a7505177d4f651644122259251fd493,0,Evaluation of Machine Learning for Intrusion Detection in Microservice Applications,abstract,,,
105,Logic Scoring of Preference (LSP),APPLIED_TO,attack detection in microservice applications,2023,"This paper explores the applicability of Logic Scoring of Preference (LSP), a multi-criteria decision-making method to compute a score based on a set of preferences, for attack detection in microservice applications.",unique_normalized_exact_quote_match,cf206555bb0eb545921dcfcaac0f36ad0d4025f6,0,Exploring Logic Scoring of Preference for DoS Attack Detection in Microservice Applications,abstract,,,
106,Logic Scoring of Preference (LSP),USES,application-level metrics,2023,define a model based on LSP and application-level metrics,unique_normalized_exact_quote_match,cf206555bb0eb545921dcfcaac0f36ad0d4025f6,0,Exploring Logic Scoring of Preference for DoS Attack Detection in Microservice Applications,abstract,,,
107,Logic Scoring of Preference (LSP),ADDRESSES,DoS attacks,2023,define a model based on LSP and application-level metrics to characterize the impact of DoS attacks.,unique_normalized_exact_quote_match,cf206555bb0eb545921dcfcaac0f36ad0d4025f6,0,Exploring Logic Scoring of Preference for DoS Attack Detection in Microservice Applications,abstract,,,
108,Logic Scoring of Preference (LSP),PRODUCES,"precision, recall, and f1-score rates of more than 80%",2023,"The results of the experimental study show precision, recall, and f1-score rates of more than 80%, indicating that LSP could effectively characterize the application under attack",unique_normalized_exact_quote_match,cf206555bb0eb545921dcfcaac0f36ad0d4025f6,0,Exploring Logic Scoring of Preference for DoS Attack Detection in Microservice Applications,abstract,,,
109,two layered policy-driven security mechanism,ADDRESSES,weak authentication mechanism or misconfiguration of security policies,2025,"To address these issues, we propose two layered policy-driven security mechanism for securing microservices workflow in Kubernetes cluster.",unique_normalized_exact_quote_match,fdd5e416e4555382978ba18cfd599ae95d621fa8,0,A Policy-Driven Approach for Securing Microservices Workflow in Kubernetes Cluster,abstract,,,
110,two layered policy-driven security mechanism,APPLIED_TO,Kubernetes based microservices,2025,we propose two layered policy-driven security mechanism for securing microservices workflow in Kubernetes cluster.,unique_normalized_exact_quote_match,fdd5e416e4555382978ba18cfd599ae95d621fa8,0,A Policy-Driven Approach for Securing Microservices Workflow in Kubernetes Cluster,abstract,,,
111,two layered policy-driven security mechanism,USES,mutual TLS,2025,The first layer employs mutual TLS (mTLS) for secure service-to-service authentication using the Istio service mesh.,unique_normalized_exact_quote_match,fdd5e416e4555382978ba18cfd599ae95d621fa8,0,A Policy-Driven Approach for Securing Microservices Workflow in Kubernetes Cluster,abstract,,,
112,mutual TLS,USES,Istio service mesh,2025,The first layer employs mutual TLS (mTLS) for secure service-to-service authentication using the Istio service mesh.,unique_normalized_exact_quote_match,fdd5e416e4555382978ba18cfd599ae95d621fa8,0,A Policy-Driven Approach for Securing Microservices Workflow in Kubernetes Cluster,abstract,,,
113,workflow-based authorization policy,USES,Open Policy Agent (OPA) Gatekeeper,2025,The second layer introduces workflow-based authorization policy enforced through Open Policy Agent (OPA) Gatekeeper.,unique_normalized_exact_quote_match,fdd5e416e4555382978ba18cfd599ae95d621fa8,0,A Policy-Driven Approach for Securing Microservices Workflow in Kubernetes Cluster,abstract,,,
114,two layered policy-driven security mechanism,PRODUCES,blocking unauthorized access,2025,Experimental results demonstrate that unauthorized access is effectively blocked at the entry point,unique_normalized_exact_quote_match,fdd5e416e4555382978ba18cfd599ae95d621fa8,0,A Policy-Driven Approach for Securing Microservices Workflow in Kubernetes Cluster,abstract,,,
115,Zero Trust Security,APPLIED_TO,microservice architecture of EHR systems,2024,proposes the integration of Zero Trust Security (ZTS) into the microservice architecture of EHR systems,unique_normalized_exact_quote_match,3563672869e4da6734c7670425c2b00a4267e882,0,Implementing Zero Trust Security in Microservice Architecture of Electronic Health Record,abstract,,,
116,Zero Trust Security,ADDRESSES,"insider threats, unauthorized access, and data breaches",2024,"proposes a comprehensive ZTS-based solution tailored to mitigate insider threats, unauthorized access, and data breaches.",unique_normalized_exact_quote_match,3563672869e4da6734c7670425c2b00a4267e882,0,Implementing Zero Trust Security in Microservice Architecture of Electronic Health Record,abstract,,,
117,Zero Trust Security,IMPROVES,resilience and regulatory compliance of EHR systems,2024,The findings demonstrate how ZTS can bolster the resilience and regulatory compliance of EHR systems,unique_normalized_exact_quote_match,3563672869e4da6734c7670425c2b00a4267e882,0,Implementing Zero Trust Security in Microservice Architecture of Electronic Health Record,abstract,,,
118,microservices architecture,IMPROVES,scalability and flexibility,2024,The microservices architecture further enhances scalability and flexibility,unique_normalized_exact_quote_match,3563672869e4da6734c7670425c2b00a4267e882,0,Implementing Zero Trust Security in Microservice Architecture of Electronic Health Record,abstract,,,
119,DevOps,IMPROVES,software delivery agility,2025,"DevOps and microservices architectures are increasingly being adopted by organizations to improve software delivery agility, scalability, and speed.",unique_normalized_exact_quote_match,6cc02409e8cadd38d0530b8f232b044d1dad2a91,0,Building Automated Security Pipeline for Containerized Microservices,abstract,,,
120,microservices architectures,IMPROVES,software delivery agility,2025,"DevOps and microservices architectures are increasingly being adopted by organizations to improve software delivery agility, scalability, and speed.",unique_normalized_exact_quote_match,6cc02409e8cadd38d0530b8f232b044d1dad2a91,0,Building Automated Security Pipeline for Containerized Microservices,abstract,,,
121,automated security pipelines,USES,SAST,2025,solutions for developing automated security pipelines using tools like SAST and DAST,unique_normalized_exact_quote_match,6cc02409e8cadd38d0530b8f232b044d1dad2a91,0,Building Automated Security Pipeline for Containerized Microservices,abstract,,,
122,automated security pipelines,USES,DAST,2025,solutions for developing automated security pipelines using tools like SAST and DAST,unique_normalized_exact_quote_match,6cc02409e8cadd38d0530b8f232b044d1dad2a91,0,Building Automated Security Pipeline for Containerized Microservices,abstract,,,
123,automating security checks,APPLIED_TO,CI CD pipeline,2025,"automating security checks including vulnerability scanning, security testing, and policy enforcement within the CI CD pipeline.",unique_normalized_exact_quote_match,6cc02409e8cadd38d0530b8f232b044d1dad2a91,0,Building Automated Security Pipeline for Containerized Microservices,abstract,,,
124,proposed architectural framework,USES,Zero Trust Security,2024,proposed architectural framework for implementing Zero Trust Security (ZTS),unique_normalized_exact_quote_match,f473421518c9dff903386b4974536d7fd245e96d,0,Implementing Zero Trust Security in Multi-Cloud Microservices Platforms: A Review and Architectural Framework,abstract,,,
125,proposed architectural framework,APPLIED_TO,multi-cloud microservices environments,2024,proposed architectural framework for implementing Zero Trust Security (ZTS) in multi-cloud microservices environments,unique_normalized_exact_quote_match,f473421518c9dff903386b4974536d7fd245e96d,0,Implementing Zero Trust Security in Multi-Cloud Microservices Platforms: A Review and Architectural Framework,abstract,,,
126,proposed architectural framework,COMBINES,identity and access management,2024,The proposed framework incorporates core security components such as identity and access management,unique_normalized_exact_quote_match,f473421518c9dff903386b4974536d7fd245e96d,0,Implementing Zero Trust Security in Multi-Cloud Microservices Platforms: A Review and Architectural Framework,abstract,,,
127,proposed architectural framework,LACKS,empirical validation,2024,it acknowledges limitations in empirical validation,unique_normalized_exact_quote_match,f473421518c9dff903386b4974536d7fd245e96d,0,Implementing Zero Trust Security in Multi-Cloud Microservices Platforms: A Review and Architectural Framework,abstract,,,
128,proposed architectural framework,ADDRESSES,complex security challenges,2024,complex security challenges that traditional perimeter-based models can no longer address effectively. This paper presents... a proposed architectural framework,unmatched_quote,,,,,,,
129,runtime security solutions,IMPROVES,security of microservice applications,2023,This Ph.D. work aims to develop innovative solutions for enhancing the security of microservice applications at runtime.,unique_normalized_exact_quote_match,17bf57a46b7f6255cc355f0d5624e44106e5c711,0,Techniques and Tools for Runtime Security Monitoring and Analysis of Microservices,abstract,,,
130,techniques for monitoring and detecting potential attacks,APPLIED_TO,microservice architectures,2023,the project will explore techniques for monitoring and detecting potential attacks in microservice scenarios at application-layer,unique_normalized_exact_quote_match,17bf57a46b7f6255cc355f0d5624e44106e5c711,0,Techniques and Tools for Runtime Security Monitoring and Analysis of Microservices,abstract,,,
131,adaptation actions,ADDRESSES,security threats,2023,adaptation actions can be triggered to mitigate the threats,unique_normalized_exact_quote_match,17bf57a46b7f6255cc355f0d5624e44106e5c711,0,Techniques and Tools for Runtime Security Monitoring and Analysis of Microservices,abstract,,,
132,adaptation actions,IMPROVES,application security,2023,adaptation actions can be triggered to mitigate the threats improving application security.,unique_normalized_exact_quote_match,17bf57a46b7f6255cc355f0d5624e44106e5c711,0,Techniques and Tools for Runtime Security Monitoring and Analysis of Microservices,abstract,,,
133,vulnerability detection tools,EVALUATES_ON,30 open-source microservices projects,2025,we used three vulnerability detection tools to analyze security vulnerabilities across 30 open-source microservices projects from GitHub,unique_normalized_exact_quote_match,cf6762bf2b96e2478c7430738209dbec46cb2590,0,"Characterizing Vulnerabilities in Microservices: Source, Age and Severity",abstract,,,
134,vulnerability detection tools,PRODUCES,three sources of vulnerabilities,2025,"identifying three sources of vulnerabilities: ‘application code’, ‘dependencies’, and ‘container configurations’",unique_normalized_exact_quote_match,cf6762bf2b96e2478c7430738209dbec46cb2590,0,"Characterizing Vulnerabilities in Microservices: Source, Age and Severity",abstract,,,
135,existing literature,LACKS,comprehensive research on microservices security vulnerabilities,2025,there is a lack of comprehensive research on the security vulnerabilities present within systems using this architecture,unique_normalized_exact_quote_match,cf6762bf2b96e2478c7430738209dbec46cb2590,0,"Characterizing Vulnerabilities in Microservices: Source, Age and Severity",abstract,,,
136,comparative analysis,EVALUATES_ON,Veracode,2024,"we conduct a comprehensive comparative analysis to assess the efficacy of three leading security scanning tools, namely Veracode, Snyk, and Checkmarx",unique_normalized_exact_quote_match,202a597eceed719ef4836cd405cde512cdc15b03,0,Microservices Security Vulnerability Remediation approach using Veracode and Checkmarx,abstract,,,
137,comparative analysis,EVALUATES_ON,Snyk,2024,"we conduct a comprehensive comparative analysis to assess the efficacy of three leading security scanning tools, namely Veracode, Snyk, and Checkmarx",unique_normalized_exact_quote_match,202a597eceed719ef4836cd405cde512cdc15b03,0,Microservices Security Vulnerability Remediation approach using Veracode and Checkmarx,abstract,,,
138,comparative analysis,EVALUATES_ON,Checkmarx,2024,"we conduct a comprehensive comparative analysis to assess the efficacy of three leading security scanning tools, namely Veracode, Snyk, and Checkmarx",unique_normalized_exact_quote_match,202a597eceed719ef4836cd405cde512cdc15b03,0,Microservices Security Vulnerability Remediation approach using Veracode and Checkmarx,abstract,,,
139,Veracode,ADDRESSES,security vulnerabilities,2024,"efficacy of three leading security scanning tools, namely Veracode, Snyk, and Checkmarx, in identifying and remedying security vulnerabilities",unique_normalized_exact_quote_match,202a597eceed719ef4836cd405cde512cdc15b03,0,Microservices Security Vulnerability Remediation approach using Veracode and Checkmarx,abstract,,,
140,Snyk,ADDRESSES,security vulnerabilities,2024,"efficacy of three leading security scanning tools, namely Veracode, Snyk, and Checkmarx, in identifying and remedying security vulnerabilities",unique_normalized_exact_quote_match,202a597eceed719ef4836cd405cde512cdc15b03,0,Microservices Security Vulnerability Remediation approach using Veracode and Checkmarx,abstract,,,
141,Checkmarx,ADDRESSES,security vulnerabilities,2024,"efficacy of three leading security scanning tools, namely Veracode, Snyk, and Checkmarx, in identifying and remedying security vulnerabilities",unique_normalized_exact_quote_match,202a597eceed719ef4836cd405cde512cdc15b03,0,Microservices Security Vulnerability Remediation approach using Veracode and Checkmarx,abstract,,,
142,comparative analysis,APPLIED_TO,microservices architectures,2024,selecting appropriate security scanning solutions tailored to the unique requirements and constraints of cloud-based microservices architectures,unique_normalized_exact_quote_match,202a597eceed719ef4836cd405cde512cdc15b03,0,Microservices Security Vulnerability Remediation approach using Veracode and Checkmarx,abstract,,,
143,federated identity management,APPLIED_TO,human users and workloads,2025,federated identity management is applied to human users and workloads across workload computing vessels.,unique_normalized_exact_quote_match,35930827b46425860898e26e527a3b2b40fb73ce,0,Zero Trust Security Model Implementation in Microservices Architectures Using Identity Federation,abstract,,,
144,proposed framework,USES,OpenID Connect,2025,"It uses standard industry interoperability, e.g., OpenID Connect, OpenAuth 2.0 token exchange capabilities, and SPIFFE-SPIRE-based workload identities",unique_normalized_exact_quote_match,35930827b46425860898e26e527a3b2b40fb73ce,0,Zero Trust Security Model Implementation in Microservices Architectures Using Identity Federation,abstract,,,
145,proposed framework,USES,SPIFFE-SPIRE,2025,"It uses standard industry interoperability, e.g., OpenID Connect, OpenAuth 2.0 token exchange capabilities, and SPIFFE-SPIRE-based workload identities",unique_normalized_exact_quote_match,35930827b46425860898e26e527a3b2b40fb73ce,0,Zero Trust Security Model Implementation in Microservices Architectures Using Identity Federation,abstract,,,
146,proposed framework,COMBINES,continuous authentication,2025,"The framework that is offered incorporates continuous authentication, contextual authorization, and enforcement at the service-mesh level to form end-to-end trust.",unique_normalized_exact_quote_match,35930827b46425860898e26e527a3b2b40fb73ce,0,Zero Trust Security Model Implementation in Microservices Architectures Using Identity Federation,abstract,,,
147,Zero Trust Security Model,APPLIED_TO,cloud-native operational systems,2025,how companies that would be interested in applying the concepts of Zero Trust in cloud-native operational systems could accomplish it,unique_normalized_exact_quote_match,35930827b46425860898e26e527a3b2b40fb73ce,0,Zero Trust Security Model Implementation in Microservices Architectures Using Identity Federation,abstract,,,
148,Predictive Cyber-Resilience,USES,federated learning,2025,PCR uses Preemptive Cyber response for predicting and neutralizing threats before their manifestation using federated learning,unique_normalized_exact_quote_match,ef1d59f32ac769ae1bf9f1237517ea1edf1abd83,0,Predictive Cyber-Resilience: AI-Powered Self-Defending Microservices for Zero-Downtime Security,abstract,,,
149,Predictive Cyber-Resilience,USES,synthetic adversarial networks,2025,"PCR uses Preemptive Cyber response for predicting and neutralizing threats before their manifestation using federated learning, synthetic adversarial networks (SANs)",unique_normalized_exact_quote_match,ef1d59f32ac769ae1bf9f1237517ea1edf1abd83,0,Predictive Cyber-Resilience: AI-Powered Self-Defending Microservices for Zero-Downtime Security,abstract,,,
150,Predictive Cyber-Resilience,USES,anomaly detection,2025,"PCR uses Preemptive Cyber response for predicting and neutralizing threats before their manifestation using federated learning, synthetic adversarial networks (SANs) and anomaly detection",unique_normalized_exact_quote_match,ef1d59f32ac769ae1bf9f1237517ea1edf1abd83,0,Predictive Cyber-Resilience: AI-Powered Self-Defending Microservices for Zero-Downtime Security,abstract,,,
151,Predictive Cyber-Resilience,PRODUCES,reducing breaches by 90%,2025,reducing breaches by 90%,unique_normalized_exact_quote_match,ef1d59f32ac769ae1bf9f1237517ea1edf1abd83,0,Predictive Cyber-Resilience: AI-Powered Self-Defending Microservices for Zero-Downtime Security,abstract,,,
152,Predictive Cyber-Resilience,APPLIED_TO,service meshes,2025,"Working in conjunction with service meshes and multi-cloud platforms, PCR delivers a no-downtime security adaptation",unique_normalized_exact_quote_match,ef1d59f32ac769ae1bf9f1237517ea1edf1abd83,0,Predictive Cyber-Resilience: AI-Powered Self-Defending Microservices for Zero-Downtime Security,abstract,,,
153,automated architectural security rule checking approach,APPLIED_TO,microservice applications,2025,We present an approach for automatically checking architectural security rules on models of microservice applications.,unique_normalized_exact_quote_match,61b5f4d6beaaa8d2bd67653122ca7eee7117ab8f,0,Automatic Rule Checking for Microservices: Supporting Security Analysis with Explainability,abstract,,,
154,MicroCertiSec,EVALUATES_ON,16 dataflow diagrams of microservice applications,2025,We evaluated the approach’s correctness by checking the 25 rules on 16 dataflow diagrams of microservice applications with a prototype (called MicroCertiSec),unique_normalized_exact_quote_match,61b5f4d6beaaa8d2bd67653122ca7eee7117ab8f,0,Automatic Rule Checking for Microservices: Supporting Security Analysis with Explainability,abstract,,,
155,automated architectural security rule checking approach,ADDRESSES,performance and correctness issues,2025,"Software security analysis is often done manually, raising performance and correctness issues. Introducing automation is challenging... We present an approach for automatically checking...",unmatched_quote,,,,,,,
156,MicroCertiSec,USES,automated architectural security rule checking approach,2025,We evaluated the approach’s correctness by checking the 25 rules on 16 dataflow diagrams of microservice applications with a prototype (called MicroCertiSec),unique_normalized_exact_quote_match,61b5f4d6beaaa8d2bd67653122ca7eee7117ab8f,0,Automatic Rule Checking for Microservices: Supporting Security Analysis with Explainability,abstract,,,
157,MicroCertiSec,PRODUCES,precision,2025,observed promising results (precision=0.98; recall=1),unique_normalized_exact_quote_match,61b5f4d6beaaa8d2bd67653122ca7eee7117ab8f,0,Automatic Rule Checking for Microservices: Supporting Security Analysis with Explainability,abstract,,,
158,Systematic Literature Review,USES,meta-aggregation process,2021,"Our research follows a Systematic Literature Review, synthesizing the results with a meta-aggregation process.",unique_normalized_exact_quote_match,d47e4540f9c6aa354c86d9b16399205caf07cf0a,0,Information and Communication Security Mechanisms For Microservices-based Systems,abstract,,,
159,Systematic Literature Review,USES,McCumber Cube,2021,"considering the three possible states of data, according to the McCumber Cube.",unique_normalized_exact_quote_match,d47e4540f9c6aa354c86d9b16399205caf07cf0a,0,Information and Communication Security Mechanisms For Microservices-based Systems,abstract,,,
160,Systematic Literature Review,PRODUCES,catalogue of security solutions,2021,"In this study, we aim to present a catalogue and discussion of security solutions based on algorithms, protocols, standards, or implementations",unique_normalized_exact_quote_match,d47e4540f9c6aa354c86d9b16399205caf07cf0a,0,Information and Communication Security Mechanisms For Microservices-based Systems,abstract,,,
161,Systematic Literature Review,APPLIED_TO,communication of microservices,2021,yielding 75 security solutions for the communication of microservices.,unique_normalized_exact_quote_match,d47e4540f9c6aa354c86d9b16399205caf07cf0a,0,Information and Communication Security Mechanisms For Microservices-based Systems,abstract,,,
162,security policy framework,APPLIED_TO,security-oriented orchestration of microservices,2021,We propose a security policy framework that enables security-oriented orchestration of microservices,unique_normalized_exact_quote_match,d343985d4eb352182471b75f78c6dc4180b7089e,0,Enabling Security-Oriented Orchestration of Microservices,abstract,,,
163,security policy framework,USES,Private Data Objects,2021,We demonstrate our approach with a proof-of-concept based on the Private Data Objects [1] confidential smart contract framework,unique_normalized_exact_quote_match,d343985d4eb352182471b75f78c6dc4180b7089e,0,Enabling Security-Oriented Orchestration of Microservices,abstract,,,
164,security policy framework,ADDRESSES,tenant isolation,2021,ensuring that externally developed untrusted microservices will preserve tenant isolation has become a high priority. ... We propose a security policy framework ... to address these issues.,unmatched_quote,,,,,,,
165,microservices architecture,PRODUCES,security vulnerabilities,2025,but its nature of being distributed generated certain specific security issues.,unique_normalized_exact_quote_match,170a224f7c5d42870fbb32213a2c640d45e2961e,0,Securing Microservices: Challenges and Solutions,abstract,,,
166,zero-trust architecture,APPLIED_TO,microservices environments,2025,zero-trust architecture for protecting microservices environments.,unique_normalized_exact_quote_match,170a224f7c5d42870fbb32213a2c640d45e2961e,0,Securing Microservices: Challenges and Solutions,abstract,,,
167,DevSecOps practices,APPLIED_TO,microservices environments,2025,DevSecOps practices and new technologies like blockchain and zero-trust architecture for protecting microservices environments.,unique_normalized_exact_quote_match,170a224f7c5d42870fbb32213a2c640d45e2961e,0,Securing Microservices: Challenges and Solutions,abstract,,,
168,blockchain,APPLIED_TO,microservices environments,2025,new technologies like blockchain and zero-trust architecture for protecting microservices environments.,unique_normalized_exact_quote_match,170a224f7c5d42870fbb32213a2c640d45e2961e,0,Securing Microservices: Challenges and Solutions,abstract,,,
169,MicroSecPost,USES,Graph Neural Networks,2024,μSecPost uses Graph Neural Networks (GNNs) on this graph representation,unique_normalized_exact_quote_match,8b49e20cf6d981c5e7af582035e9c5254e432ecd,0,A Novel Approach for Security Analysis in Microservices Using Graph Neural Networks,abstract,,,
170,MicroSecPost,COMBINES,static and dynamic analysis,2024,combines data from both static and dynamic analysis,unique_normalized_exact_quote_match,8b49e20cf6d981c5e7af582035e9c5254e432ecd,0,A Novel Approach for Security Analysis in Microservices Using Graph Neural Networks,abstract,,,
171,MicroSecPost,APPLIED_TO,microservice-based application,2024,μSecPost models a microservice based application as a graph,unique_normalized_exact_quote_match,8b49e20cf6d981c5e7af582035e9c5254e432ecd,0,A Novel Approach for Security Analysis in Microservices Using Graph Neural Networks,abstract,,,
172,MicroSecPost,PRODUCES,vulnerability score,2024,assign a vulnerability score to each node,unique_normalized_exact_quote_match,8b49e20cf6d981c5e7af582035e9c5254e432ecd,0,A Novel Approach for Security Analysis in Microservices Using Graph Neural Networks,abstract,,,
173,MicroSecPost,ADDRESSES,microservice security analysis,2024,"this paper proposes MicroSecPost (μSecPost), a GNN-based microservice security analysis approach.",unique_normalized_exact_quote_match,8b49e20cf6d981c5e7af582035e9c5254e432ecd,0,A Novel Approach for Security Analysis in Microservices Using Graph Neural Networks,abstract,,,
174,active security defense strategy based on deep reinforcement learning,APPLIED_TO,container cloud and microservice architectures,2023,this paper proposes an active security defense strategy for container cloud and microservices based on deep reinforcement learning.,unique_normalized_exact_quote_match,5c101d07c3d2f57561380c3c65ed17628153477d,0,An Active Security Defense Strategy for Microservices based on Deep Reinforcement Learning,abstract,,,
175,active security defense strategy based on deep reinforcement learning,USES,deep reinforcement learning,2023,designed a deep reinforcement learning method to solve it.,unique_normalized_exact_quote_match,5c101d07c3d2f57561380c3c65ed17628153477d,0,An Active Security Defense Strategy for Microservices based on Deep Reinforcement Learning,abstract,,,
176,active security defense strategy based on deep reinforcement learning,ADDRESSES,defense effectiveness,2023,"How to improve the defense effectiveness of the system while ensuring the quality of service is a huge challenge. To solve this problem, this paper proposes an active security defense strategy",unique_normalized_exact_quote_match,5c101d07c3d2f57561380c3c65ed17628153477d,0,An Active Security Defense Strategy for Microservices based on Deep Reinforcement Learning,abstract,,,
177,active security defense strategy based on deep reinforcement learning,IMPROVES,defense efficiency,2023,"The defense efficiency is improved by 34.4% and 12.3% respectively, which verifies the feasibility and effectiveness of the proposed strategy.",unique_normalized_exact_quote_match,5c101d07c3d2f57561380c3c65ed17628153477d,0,An Active Security Defense Strategy for Microservices based on Deep Reinforcement Learning,abstract,,,
178,active security defense strategy based on deep reinforcement learning,EVALUATES_ON,DESOM,2023,The results show that the proposed method has better defense effectiveness than the DESOM and SmartSCR defense strategy.,unique_normalized_exact_quote_match,5c101d07c3d2f57561380c3c65ed17628153477d,0,An Active Security Defense Strategy for Microservices based on Deep Reinforcement Learning,abstract,,,
179,active security defense strategy based on deep reinforcement learning,EVALUATES_ON,SmartSCR,2023,The results show that the proposed method has better defense effectiveness than the DESOM and SmartSCR defense strategy.,unique_normalized_exact_quote_match,5c101d07c3d2f57561380c3c65ed17628153477d,0,An Active Security Defense Strategy for Microservices based on Deep Reinforcement Learning,abstract,,,
180,AI-driven observability model,ADDRESSES,security anomaly detection,2026,proposing an AI-driven observability model for security anomaly detection,unique_normalized_exact_quote_match,7c8045a4b4f52b91db283c040afbb78c8a6ac7db,0,AI-Driven Observability for Managing Security Complexity in Cloud-native Microservices and Containerized Environments,abstract,,,
181,time-series telemetry-coverage quantification,APPLIED_TO,OpenTelemetry Demo dataset,2026,time-series telemetry-coverage quantification applied to the OpenTelemetry Demo dataset,unique_normalized_exact_quote_match,7c8045a4b4f52b91db283c040afbb78c8a6ac7db,0,AI-Driven Observability for Managing Security Complexity in Cloud-native Microservices and Containerized Environments,abstract,,,
182,AI-driven observability model,USES,unsupervised deep autoencoder,2026,The proposed method employs an unsupervised deep autoencoder,unique_normalized_exact_quote_match,7c8045a4b4f52b91db283c040afbb78c8a6ac7db,0,AI-Driven Observability for Managing Security Complexity in Cloud-native Microservices and Containerized Environments,abstract,,,
183,unsupervised deep autoencoder,USES,Google Cloud Microservices Demo,2026,unsupervised deep autoencoder trained on integrated telemetry from the Google Cloud Microservices Demo,unique_normalized_exact_quote_match,7c8045a4b4f52b91db283c040afbb78c8a6ac7db,0,AI-Driven Observability for Managing Security Complexity in Cloud-native Microservices and Containerized Environments,abstract,,,
184,unsupervised deep autoencoder,USES,Kubernetes audit logs,2026,unsupervised deep autoencoder trained on integrated telemetry from the Google Cloud Microservices Demo and Kubernetes audit logs,unique_normalized_exact_quote_match,7c8045a4b4f52b91db283c040afbb78c8a6ac7db,0,AI-Driven Observability for Managing Security Complexity in Cloud-native Microservices and Containerized Environments,abstract,,,
185,AI-driven observability model,EVALUATES_ON,combined multi-source telemetry datasets,2026,Model performance was evaluated using a hold-out train–test validation protocol across combined multi-source telemetry datasets.,unique_normalized_exact_quote_match,7c8045a4b4f52b91db283c040afbb78c8a6ac7db,0,AI-Driven Observability for Managing Security Complexity in Cloud-native Microservices and Containerized Environments,abstract,,,
186,AI-driven observability model,IMPROVES,detection effectiveness,2026,the AI-driven observability model improves detection effectiveness compared with a baseline rule-based monitoring approach,unique_normalized_exact_quote_match,7c8045a4b4f52b91db283c040afbb78c8a6ac7db,0,AI-Driven Observability for Managing Security Complexity in Cloud-native Microservices and Containerized Environments,abstract,,,
187,AI-driven observability model,IMPROVES,recall,2026,increasing recall from 54% to 84%,unique_normalized_exact_quote_match,7c8045a4b4f52b91db283c040afbb78c8a6ac7db,0,AI-Driven Observability for Managing Security Complexity in Cloud-native Microservices and Containerized Environments,abstract,,,
188,AI-enabled observability,IMPROVES,detection accuracy,2026,AI-enabled observability enhances detection accuracy,unique_normalized_exact_quote_match,7c8045a4b4f52b91db283c040afbb78c8a6ac7db,0,AI-Driven Observability for Managing Security Complexity in Cloud-native Microservices and Containerized Environments,abstract,,,
189,AI-enabled observability,ADDRESSES,monitoring blind spots,2026,reduces monitoring blind spots,unique_normalized_exact_quote_match,7c8045a4b4f52b91db283c040afbb78c8a6ac7db,0,AI-Driven Observability for Managing Security Complexity in Cloud-native Microservices and Containerized Environments,abstract,,,
190,analysing adversarial behaviours,USES,MITRE ATT&CK container-techniques dataset,2026,analysing adversarial behaviours using the MITRE ATT&CK container-techniques dataset,unique_normalized_exact_quote_match,7c8045a4b4f52b91db283c040afbb78c8a6ac7db,0,AI-Driven Observability for Managing Security Complexity in Cloud-native Microservices and Containerized Environments,abstract,,,
191,information system,USES,microservice architecture,2022,"an information system, which uses a microservice architecture",unique_normalized_exact_quote_match,3a3d9cf566e9c29db356bea048e2b97aea1f4ff7,0,Information Security in Microservices Architectures,abstract,,,
192,gateway,USES,OAuth 2.0,2022,"gateways, which, also, very often have implemented the function of user/client authentication and authorization using protocol OAuth 2.0",unique_normalized_exact_quote_match,3a3d9cf566e9c29db356bea048e2b97aea1f4ff7,0,Information Security in Microservices Architectures,abstract,,,
193,gateway,ADDRESSES,code duplication,2022,"To avoid this, there are developed some services - so called gateways",unique_normalized_exact_quote_match,3a3d9cf566e9c29db356bea048e2b97aea1f4ff7,0,Information Security in Microservices Architectures,abstract,,,
194,gateway,ADDRESSES,authentication and authorization,2022,"gateways, which, also, very often have implemented the function of user/client authentication and authorization",unique_normalized_exact_quote_match,3a3d9cf566e9c29db356bea048e2b97aea1f4ff7,0,Information Security in Microservices Architectures,abstract,,,
195,Zero Trust Security Model,USES,JSON Web Token authentication,2024,"This paper introduces a Zero Trust Security Model for web applications in Kubernetes clusters, utilizing key technologies such as JSON Web Token (JWT) authentication and mutual Transport Layer Security (mTLS).",unique_normalized_exact_quote_match,4e5ebfb3cf4b5b6a33f4494d65b818a453701075,0,Zero Trust Security for Web Applications in Microservice-Based Environments,abstract,,,
196,Zero Trust Security Model,USES,mutual Transport Layer Security,2024,"This paper introduces a Zero Trust Security Model for web applications in Kubernetes clusters, utilizing key technologies such as JSON Web Token (JWT) authentication and mutual Transport Layer Security (mTLS).",unique_normalized_exact_quote_match,4e5ebfb3cf4b5b6a33f4494d65b818a453701075,0,Zero Trust Security for Web Applications in Microservice-Based Environments,abstract,,,
197,Zero Trust Security Model,APPLIED_TO,web applications,2024,This paper introduces a Zero Trust Security Model for web applications in Kubernetes clusters,unique_normalized_exact_quote_match,4e5ebfb3cf4b5b6a33f4494d65b818a453701075,0,Zero Trust Security for Web Applications in Microservice-Based Environments,abstract,,,
198,machine learning algorithms,ADDRESSES,threats,2024,"the implementation of machine learning algorithms for the identification of threats, improves the system's capability to recognize and address potential incidents in real-time.",unique_normalized_exact_quote_match,4e5ebfb3cf4b5b6a33f4494d65b818a453701075,0,Zero Trust Security for Web Applications in Microservice-Based Environments,abstract,,,
199,Zero Trust Security Model,ADDRESSES,unauthorized access,2024,"Our experimental validation shows that this model effectively minimizes lateral movement and unauthorized access, significantly reducing attack surfaces.",unique_normalized_exact_quote_match,4e5ebfb3cf4b5b6a33f4494d65b818a453701075,0,Zero Trust Security for Web Applications in Microservice-Based Environments,abstract,,,
200,automated penetration testing,USES,OWASP Zed Attack Proxy (ZAP),2025,automated penetration testing using OWASP Zed Attack Proxy (ZAP),unique_normalized_exact_quote_match,6813b664f03d1eef3972a6d8e398f281227fb93d,0,Security Evaluation of Keycloak-Based Role-Based Access Control in Microservice Architectures Using the OWASP ASVS Framework,abstract,,,
201,API endpoint verification,USES,Postman,2025,API endpoint verification using Postman,unique_normalized_exact_quote_match,6813b664f03d1eef3972a6d8e398f281227fb93d,0,Security Evaluation of Keycloak-Based Role-Based Access Control in Microservice Architectures Using the OWASP ASVS Framework,abstract,,,
202,Keycloak-based Role-Based Access Control (RBAC) implementation,EVALUATES_ON,OWASP Application Security Verification Standard (ASVS) Level 2,2025,evaluates the Keycloak-based Role-Based Access Control (RBAC) implementation by referencing relevant domains of the OWASP Application Security Verification Standard (ASVS) Level 2,unique_normalized_exact_quote_match,6813b664f03d1eef3972a6d8e398f281227fb93d,0,Security Evaluation of Keycloak-Based Role-Based Access Control in Microservice Architectures Using the OWASP ASVS Framework,abstract,,,
203,Keycloak-based Role-Based Access Control (RBAC) implementation,ADDRESSES,unauthorized access and privilege escalation,2025,strong access control is required to protect the system from unauthorized access and privilege escalation.,unique_normalized_exact_quote_match,6813b664f03d1eef3972a6d8e398f281227fb93d,0,Security Evaluation of Keycloak-Based Role-Based Access Control in Microservice Architectures Using the OWASP ASVS Framework,abstract,,,
204,security evaluation,PRODUCES,incomplete Content Security Policy (CSP) directives and missing HSTS headers,2025,"several non-critical weaknesses were found, including incomplete Content Security Policy (CSP) directives and missing HSTS headers.",unique_normalized_exact_quote_match,6813b664f03d1eef3972a6d8e398f281227fb93d,0,Security Evaluation of Keycloak-Based Role-Based Access Control in Microservice Architectures Using the OWASP ASVS Framework,abstract,,,
205,attack detection strategies,EVALUATES_ON,datasets,2025,This paper presents a collection of datasets designed to benchmark and evaluate attack detection strategies in microservices applications.,unique_normalized_exact_quote_match,3a822bd68c45ae2a3de7a137553a5f9b52491b0a,0,A Benchmark for DDoS Attacks Detection in Microservice Architectures,abstract,,,
206,machine learning models,EVALUATES_ON,datasets,2025,providing a robust foundation for training and evaluating machine learning models,unique_normalized_exact_quote_match,3a822bd68c45ae2a3de7a137553a5f9b52491b0a,0,A Benchmark for DDoS Attacks Detection in Microservice Architectures,abstract,,,
207,machine learning models,APPLIED_TO,intrusion detection,2025,machine learning models aimed at intrusion detection,unique_normalized_exact_quote_match,3a822bd68c45ae2a3de7a137553a5f9b52491b0a,0,A Benchmark for DDoS Attacks Detection in Microservice Architectures,abstract,,,
208,datasets,IMPROVES,advanced detection algorithms,2025,"By offering these datasets, we aim to facilitate the development of advanced detection algorithms",unique_normalized_exact_quote_match,3a822bd68c45ae2a3de7a137553a5f9b52491b0a,0,A Benchmark for DDoS Attacks Detection in Microservice Architectures,abstract,,,
209,Machine Learning techniques,APPLIED_TO,microservice architectures,2023,explores the potential of Machine Learning (ML) techniques for intrusion detection and intrusion tolerance in microservice architectures,unique_normalized_exact_quote_match,81c43cc3a113fdbd0c1da37df6aabd93725619bc,0,Intrusion Detection and Tolerance for Microservice Applications,abstract,,,
210,anomaly detection,APPLIED_TO,microservices-based systems,2023,"evaluates how ML techniques, particularly anomaly detection, can be tailored to detect intrusions in microservices-based systems",unique_normalized_exact_quote_match,81c43cc3a113fdbd0c1da37df6aabd93725619bc,0,Intrusion Detection and Tolerance for Microservice Applications,abstract,,,
211,intrusion tolerance solutions,ADDRESSES,microservice challenges,2023,researching intrusion tolerance solutions to overcome microservice challenges,unique_normalized_exact_quote_match,81c43cc3a113fdbd0c1da37df6aabd93725619bc,0,Intrusion Detection and Tolerance for Microservice Applications,abstract,,,
212,novel framework,COMBINES,artificial intelligence,2024,This article introduces a novel framework integrating artificial intelligence with microservices security,unique_normalized_exact_quote_match,00edf7db9f062ff0357743e29d731ee435be051a,0,AI-Enhanced Microservice Security in Cloud-Based Financial Platforms: A Case Study of AWS Implementation,abstract,,,
213,proposed solution,USES,predictive analytics,2024,The proposed solution leverages predictive analytics and machine learning algorithms,unique_normalized_exact_quote_match,00edf7db9f062ff0357743e29d731ee435be051a,0,AI-Enhanced Microservice Security in Cloud-Based Financial Platforms: A Case Study of AWS Implementation,abstract,,,
214,proposed solution,USES,machine learning algorithms,2024,The proposed solution leverages predictive analytics and machine learning algorithms,unique_normalized_exact_quote_match,00edf7db9f062ff0357743e29d731ee435be051a,0,AI-Enhanced Microservice Security in Cloud-Based Financial Platforms: A Case Study of AWS Implementation,abstract,,,
215,proposed solution,USES,Kubernetes,2024,implemented using Kubernetes on AWS infrastructure,unique_normalized_exact_quote_match,00edf7db9f062ff0357743e29d731ee435be051a,0,AI-Enhanced Microservice Security in Cloud-Based Financial Platforms: A Case Study of AWS Implementation,abstract,,,
216,proposed solution,APPLIED_TO,insurance and annuity sector applications,2024,specifically designed for insurance and annuity sector applications,unique_normalized_exact_quote_match,00edf7db9f062ff0357743e29d731ee435be051a,0,AI-Enhanced Microservice Security in Cloud-Based Financial Platforms: A Case Study of AWS Implementation,abstract,,,
217,proposed solution,IMPROVES,threat detection accuracy,2024,"The article demonstrates significant improvements in threat detection accuracy, system response time, and overall security posture",unique_normalized_exact_quote_match,00edf7db9f062ff0357743e29d731ee435be051a,0,AI-Enhanced Microservice Security in Cloud-Based Financial Platforms: A Case Study of AWS Implementation,abstract,,,
218,proposed solution,IMPROVES,system response time,2024,"The article demonstrates significant improvements in threat detection accuracy, system response time, and overall security posture",unique_normalized_exact_quote_match,00edf7db9f062ff0357743e29d731ee435be051a,0,AI-Enhanced Microservice Security in Cloud-Based Financial Platforms: A Case Study of AWS Implementation,abstract,,,
219,AI-driven security architecture,ADDRESSES,unique challenges of microservices in financial platforms,2024,"presenting a scalable, AI-driven security architecture that addresses the unique challenges of microservices in financial platforms",unique_normalized_exact_quote_match,00edf7db9f062ff0357743e29d731ee435be051a,0,AI-Enhanced Microservice Security in Cloud-Based Financial Platforms: A Case Study of AWS Implementation,abstract,,,
220,anomaly-based approaches,ADDRESSES,zero-days,2024,anomaly-based approaches can detect zero-days,unique_normalized_exact_quote_match,8c0ca4c028837c1ed41239d45184232b887e1350,0,Doing more with less? A Study on Models for Intrusion Detection in Microservices,abstract,,,
221,anomaly-based approaches,LACKS,clear definition of the microservice behavior,2024,"they require a clear definition of the microservice behavior, which may be cumbersome to obtain",unique_normalized_exact_quote_match,8c0ca4c028837c1ed41239d45184232b887e1350,0,Doing more with less? A Study on Models for Intrusion Detection in Microservices,abstract,,,
222,three core behavior extraction techniques,APPLIED_TO,intrusion detection models,2024,we propose three techniques that allow to obtain the core behavior of a microservice into intrusion detection models,unique_normalized_exact_quote_match,8c0ca4c028837c1ed41239d45184232b887e1350,0,Doing more with less? A Study on Models for Intrusion Detection in Microservices,abstract,,,
223,intrusion detection models,EVALUATES_ON,datasets generated in a representative system,2024,The models created are evaluated using datasets generated in a representative system,unique_normalized_exact_quote_match,8c0ca4c028837c1ed41239d45184232b887e1350,0,Doing more with less? A Study on Models for Intrusion Detection in Microservices,abstract,,,
224,obtaining the core of a service,IMPROVES,reusing detection models across several releases,2024,obtaining the core of a service helps with reusing detection models across several releases,unique_normalized_exact_quote_match,8c0ca4c028837c1ed41239d45184232b887e1350,0,Doing more with less? A Study on Models for Intrusion Detection in Microservices,abstract,,,
225,methodology for designing and developing security microservices,USES,security patterns,2025,proposes a methodology for designing and developing security microservices by leveraging 5 security patterns,unique_normalized_exact_quote_match,9ce98d657b5b43a5bd8ab4c4860a606fc6dcee6c,0,Design and Development of Security Services Using Security Patterns and Microservices Security Practices,abstract,,,
226,methodology for designing and developing security microservices,USES,security practices,2025,leveraging 5 security patterns mapped to 28 security practices,unique_normalized_exact_quote_match,9ce98d657b5b43a5bd8ab4c4860a606fc6dcee6c,0,Design and Development of Security Services Using Security Patterns and Microservices Security Practices,abstract,,,
227,security microservices design and implementation,APPLIED_TO,Out Patient Department (OPD) system,2025,the application of security microservices is performed by integrating them with an Out Patient Department (OPD) system,unique_normalized_exact_quote_match,9ce98d657b5b43a5bd8ab4c4860a606fc6dcee6c,0,Design and Development of Security Services Using Security Patterns and Microservices Security Practices,abstract,,,
228,Istio,USES,mutual TLS,2025,existing platforms like Istio and NGINX use mutual TLS (mTLS) to secure communications,unique_normalized_exact_quote_match,8ad60642e9f42cd446659b4f3bbd94f113bf6f24,0,Improving Microservices Security,abstract,,,
229,NGINX,USES,mutual TLS,2025,existing platforms like Istio and NGINX use mutual TLS (mTLS) to secure communications,unique_normalized_exact_quote_match,8ad60642e9f42cd446659b4f3bbd94f113bf6f24,0,Improving Microservices Security,abstract,,,
230,Encryption as a Service framework,APPLIED_TO,Kubernetes,2025,we propose an Encryption as a Service (EaaS) framework for Kubernetes,unique_normalized_exact_quote_match,8ad60642e9f42cd446659b4f3bbd94f113bf6f24,0,Improving Microservices Security,abstract,,,
231,Encryption as a Service framework,ADDRESSES,man-in-the-middle attacks,2025,"mitigates common attacks such as man-in-the-middle, distributed denial-of-service (DDoS), and eavesdropping",unique_normalized_exact_quote_match,8ad60642e9f42cd446659b4f3bbd94f113bf6f24,0,Improving Microservices Security,abstract,,,
232,Encryption as a Service framework,ADDRESSES,distributed denial-of-service attacks,2025,"mitigates common attacks such as man-in-the-middle, distributed denial-of-service (DDoS), and eavesdropping",unique_normalized_exact_quote_match,8ad60642e9f42cd446659b4f3bbd94f113bf6f24,0,Improving Microservices Security,abstract,,,
233,Encryption as a Service framework,ADDRESSES,eavesdropping,2025,"mitigates common attacks such as man-in-the-middle, distributed denial-of-service (DDoS), and eavesdropping",unique_normalized_exact_quote_match,8ad60642e9f42cd446659b4f3bbd94f113bf6f24,0,Improving Microservices Security,abstract,,,
234,Encryption as a Service framework,IMPROVES,response time,2025,EaaS significantly improves response time and reduces adversary success,unique_normalized_exact_quote_match,8ad60642e9f42cd446659b4f3bbd94f113bf6f24,0,Improving Microservices Security,abstract,,,
235,secure coding practices,ADDRESSES,microservices security,2025,"This article examines three critical pillars of microservices security: secure coding practices, encryption strategies, and compliance requirements.",unique_normalized_exact_quote_match,43efc40ba80805a61c2bf3fd9c32d3a2f0a8fbd5,0,Security in cloud-native microservices: The critical foundation,abstract,,,
236,encryption strategies,ADDRESSES,microservices security,2025,"This article examines three critical pillars of microservices security: secure coding practices, encryption strategies, and compliance requirements.",unique_normalized_exact_quote_match,43efc40ba80805a61c2bf3fd9c32d3a2f0a8fbd5,0,Security in cloud-native microservices: The critical foundation,abstract,,,
237,defense in depth strategies,ADDRESSES,microservices security,2025,The article concludes with best practices for implementing comprehensive microservices security through defense in depth strategies,unique_normalized_exact_quote_match,43efc40ba80805a61c2bf3fd9c32d3a2f0a8fbd5,0,Security in cloud-native microservices: The critical foundation,abstract,,,
238,automated security testing,APPLIED_TO,microservices security,2025,"implementing comprehensive microservices security through defense in depth strategies, automated security testing",unique_normalized_exact_quote_match,43efc40ba80805a61c2bf3fd9c32d3a2f0a8fbd5,0,Security in cloud-native microservices: The critical foundation,abstract,,,
239,Sysdig,IMPROVES,security posture,2025,"explores the utilization of Sysdig, a comprehen - sive container security platform, to enhance security posture in such complex environments.",unique_normalized_exact_quote_match,4cf73faaee9eafca70377735d73de14e33ff45fd,0,Enhancing Security: Vulnerability Detection and Monitoring in Microservices within Multi-Cloud Environments Utilizing Sysdig,abstract,,,
240,Sysdig,ADDRESSES,security vulnerabilities,2025,scrutinizing the role of Sysdig in mitigating security vulnerabilities,unique_normalized_exact_quote_match,4cf73faaee9eafca70377735d73de14e33ff45fd,0,Enhancing Security: Vulnerability Detection and Monitoring in Microservices within Multi-Cloud Environments Utilizing Sysdig,abstract,,,
241,Sysdig,APPLIED_TO,microservices architectures,2025,"utilization of Sysdig, an advanced container security platform, as a pivotal tool in enhancing security postures in these intricate and dynamic environments.",unique_normalized_exact_quote_match,4cf73faaee9eafca70377735d73de14e33ff45fd,0,Enhancing Security: Vulnerability Detection and Monitoring in Microservices within Multi-Cloud Environments Utilizing Sysdig,abstract,,,
242,"conceptual framework for distributed, AI-assisted risk assessment",ADDRESSES,conventional vulnerability management,2026,"This paper proposes a conceptual framework for distributed, AI-assisted risk assessment that addresses this mismatch.",unique_normalized_exact_quote_match,dd55d9a63e8a8ce686f53cf7221a980003740879,0,AI-ASSISTED DISTRIBUTED RISK ASSESSMENT FOR ZERO-TRUST MICROSERVICES: A TAXONOMY AND CONCEPTUAL FRAMEWORK,abstract,,,
243,"conceptual framework for distributed, AI-assisted risk assessment",COMBINES,zero-trust architecture,2026,"The framework is a synthesis of four research literatures, namely zero-trust architecture, microservice and cloud-native security, vulnerability analytics, and software risk management",unique_normalized_exact_quote_match,dd55d9a63e8a8ce686f53cf7221a980003740879,0,AI-ASSISTED DISTRIBUTED RISK ASSESSMENT FOR ZERO-TRUST MICROSERVICES: A TAXONOMY AND CONCEPTUAL FRAMEWORK,abstract,,,
244,six-dimensional taxonomy,APPLIED_TO,distributed risk assessment,2026,A six-dimensional taxonomy then organises the design space of distributed risk assessment,unique_normalized_exact_quote_match,dd55d9a63e8a8ce686f53cf7221a980003740879,0,AI-ASSISTED DISTRIBUTED RISK ASSESSMENT FOR ZERO-TRUST MICROSERVICES: A TAXONOMY AND CONCEPTUAL FRAMEWORK,abstract,,,
245,AI-assisted analytics,PRODUCES,exploitation likelihood,2026,AI-assisted analytics estimate exploitation likelihood and detect anomalies,unique_normalized_exact_quote_match,dd55d9a63e8a8ce686f53cf7221a980003740879,0,AI-ASSISTED DISTRIBUTED RISK ASSESSMENT FOR ZERO-TRUST MICROSERVICES: A TAXONOMY AND CONCEPTUAL FRAMEWORK,abstract,,,
246,integration layer,PRODUCES,continuous per-service risk score,2026,an integration layer feeds a continuous per-service risk score into the zero-trust policy engine.,unique_normalized_exact_quote_match,dd55d9a63e8a8ce686f53cf7221a980003740879,0,AI-ASSISTED DISTRIBUTED RISK ASSESSMENT FOR ZERO-TRUST MICROSERVICES: A TAXONOMY AND CONCEPTUAL FRAMEWORK,abstract,,,
247,integration layer,USES,zero-trust policy engine,2026,an integration layer feeds a continuous per-service risk score into the zero-trust policy engine.,unique_normalized_exact_quote_match,dd55d9a63e8a8ce686f53cf7221a980003740879,0,AI-ASSISTED DISTRIBUTED RISK ASSESSMENT FOR ZERO-TRUST MICROSERVICES: A TAXONOMY AND CONCEPTUAL FRAMEWORK,abstract,,,
248,Zero,ADDRESSES,zero-trust access,2026,"This paper introduces Zero which is a layer (Spring) security platform, which implements zero-trust access to heterogeneous meshes-of-services.",unique_normalized_exact_quote_match,eeeedb5463fb109b54f017fb3f773ff4b3ffea6d,0,Zero Trust Security Model in Microservices Architecture,abstract,,,
249,Zero,APPLIED_TO,heterogeneous meshes-of-services,2026,implements zero-trust access to heterogeneous meshes-of-services.,unique_normalized_exact_quote_match,eeeedb5463fb109b54f017fb3f773ff4b3ffea6d,0,Zero Trust Security Model in Microservices Architecture,abstract,,,
250,Zero,COMBINES,adaptive risk scoring,2026,Marriage of the adaptive risk scoring and device fingerprinting system is combined with OAuth-like session tokens and multi-factor authentication,unique_normalized_exact_quote_match,eeeedb5463fb109b54f017fb3f773ff4b3ffea6d,0,Zero Trust Security Model in Microservices Architecture,abstract,,,
251,Zero,COMBINES,device fingerprinting system,2026,Marriage of the adaptive risk scoring and device fingerprinting system is combined with OAuth-like session tokens and multi-factor authentication,unique_normalized_exact_quote_match,eeeedb5463fb109b54f017fb3f773ff4b3ffea6d,0,Zero Trust Security Model in Microservices Architecture,abstract,,,
252,multi-factor authentication,USES,time-synchronized OTP challenges,2026,multi-factor authentication using time-synchronized OTP challenges transmitted using hardened SMTP mailers.,unique_normalized_exact_quote_match,eeeedb5463fb109b54f017fb3f773ff4b3ffea6d,0,Zero Trust Security Model in Microservices Architecture,abstract,,,
253,Zero,PRODUCES,full traceability,2026,cross-mesh interactions full traceability has been achieved.,unique_normalized_exact_quote_match,eeeedb5463fb109b54f017fb3f773ff4b3ffea6d,0,Zero Trust Security Model in Microservices Architecture,abstract,,,
254,Zero,EVALUATES_ON,sub-100 ms authorization lag times,2026,keep compliance observable even at sub-100 ms authorization lag times,unique_normalized_exact_quote_match,eeeedb5463fb109b54f017fb3f773ff4b3ffea6d,0,Zero Trust Security Model in Microservices Architecture,abstract,,,
255,AI-enabled adaptive authentication framework,USES,hybrid machine learning model,2026,we introduce an AI-enabled adaptive authentication framework that uses a hybrid machine learning model,unique_normalized_exact_quote_match,585483ae739e88a8eb69a7dba06b867dac6abe16,0,Intelligent adaptive authentication for zero-trust microservice architectures using AI-driven behavioral analytics,abstract,,,
256,AI-enabled adaptive authentication framework,EVALUATES_ON,"synthetic dataset of 10,000 authentication events",2026,"On a synthetic dataset of 10,000 authentication events, our solution reaches a classification accuracy of 94.2%",unique_normalized_exact_quote_match,585483ae739e88a8eb69a7dba06b867dac6abe16,0,Intelligent adaptive authentication for zero-trust microservice architectures using AI-driven behavioral analytics,abstract,,,
257,AI-enabled adaptive authentication framework,IMPROVES,static ZTA baseline,2026,outperforming a static ZTA baseline by 7 percentage points in terms of accuracy.,unique_normalized_exact_quote_match,585483ae739e88a8eb69a7dba06b867dac6abe16,0,Intelligent adaptive authentication for zero-trust microservice architectures using AI-driven behavioral analytics,abstract,,,
258,Zero Trust Architecture (ZTA) frameworks,LACKS,behavioral analysis,2026,current Zero Trust Architecture (ZTA) frameworks not incorporating any behavioral analysis,unique_normalized_exact_quote_match,585483ae739e88a8eb69a7dba06b867dac6abe16,0,Intelligent adaptive authentication for zero-trust microservice architectures using AI-driven behavioral analytics,abstract,,,
259,AI-enabled adaptive authentication framework,ADDRESSES,securing microservices within enterprise settings,2026,"Securing microservices within enterprise settings is difficult... In this paper, we introduce an AI-enabled adaptive authentication framework",unmatched_quote,,,,,,,
260,zero-trust security architecture,APPLIED_TO,microservices,2026,design and test a zero-trust security architecture of microservices,unique_normalized_exact_quote_match,f2a7c1a081d1552db75412cc79ec1ae47d2180c7,0,Zero-Trust Security Architecture for Microservices-Based Software Systems,abstract,,,
261,architectural framework,USES,Istio,2026,"the proposal of an architectural framework includes service meshes (e.g., Istio)",unique_normalized_exact_quote_match,f2a7c1a081d1552db75412cc79ec1ae47d2180c7,0,Zero-Trust Security Architecture for Microservices-Based Software Systems,abstract,,,
262,architectural framework,USES,Open Policy Agent,2026,"policy engines (e.g., the Open Policy Agent or Cerbos as decoupled authorization)",unique_normalized_exact_quote_match,f2a7c1a081d1552db75412cc79ec1ae47d2180c7,0,Zero-Trust Security Architecture for Microservices-Based Software Systems,abstract,,,
263,zero trust,USES,attribute-based access control,2026,"zero trust lowers the attack surface by implementing mTLS to identify the identity of the other party, attribute-based access control (ABAC) to implement fine-grained policies",unique_normalized_exact_quote_match,f2a7c1a081d1552db75412cc79ec1ae47d2180c7,0,Zero-Trust Security Architecture for Microservices-Based Software Systems,abstract,,,
264,microsegmentation,ADDRESSES,lateral movement,2026,microsegmentation to curb lateral movement,unique_normalized_exact_quote_match,f2a7c1a081d1552db75412cc79ec1ae47d2180c7,0,Zero-Trust Security Architecture for Microservices-Based Software Systems,abstract,,,
265,service meshes,IMPROVES,resilience to the insider threat,2026,The use of service meshes includes better resilience to the insider threat and breaches,unique_normalized_exact_quote_match,f2a7c1a081d1552db75412cc79ec1ae47d2180c7,0,Zero-Trust Security Architecture for Microservices-Based Software Systems,abstract,,,
266,zero-trust security architecture,EVALUATES_ON,Kubernetes,2026,latency and throughput in containerized systems using tools such as Kubernetes/Istio,unique_normalized_exact_quote_match,f2a7c1a081d1552db75412cc79ec1ae47d2180c7,0,Zero-Trust Security Architecture for Microservices-Based Software Systems,abstract,,,
267,zero-trust security architecture,USES,ASP.NET Core microservices,2026,proposes a complete zero-trust security architecture specifically designed for multi-tenant Software-as-a-Service systems built on ASP.NET Core microservices,unique_normalized_exact_quote_match,6e2a1c38e17e6de57e66e9d2b5fc1194184ff4f5,0,Zero-Trust Security Architecture for Multi-Tenant Cloud Applications,abstract,,,
268,zero-trust security architecture,USES,OAuth 2.0 identity frameworks,2026,"built on ASP.NET Core microservices, OAuth 2.0 identity frameworks, and Kubernetes orchestration platforms",unique_normalized_exact_quote_match,6e2a1c38e17e6de57e66e9d2b5fc1194184ff4f5,0,Zero-Trust Security Architecture for Multi-Tenant Cloud Applications,abstract,,,
269,zero-trust security architecture,USES,Kubernetes orchestration platforms,2026,"built on ASP.NET Core microservices, OAuth 2.0 identity frameworks, and Kubernetes orchestration platforms",unique_normalized_exact_quote_match,6e2a1c38e17e6de57e66e9d2b5fc1194184ff4f5,0,Zero-Trust Security Architecture for Multi-Tenant Cloud Applications,abstract,,,
270,zero-trust security architecture,ADDRESSES,multi-tenant Software-as-a-Service systems,2026,specifically designed for multi-tenant Software-as-a-Service systems,unique_normalized_exact_quote_match,6e2a1c38e17e6de57e66e9d2b5fc1194184ff4f5,0,Zero-Trust Security Architecture for Multi-Tenant Cloud Applications,abstract,,,
271,zero-trust security architecture,EVALUATES_ON,customer relationship management systems,2026,evaluated across three distinct enterprise-grade workloads: customer relationship management systems,unique_normalized_exact_quote_match,6e2a1c38e17e6de57e66e9d2b5fc1194184ff4f5,0,Zero-Trust Security Architecture for Multi-Tenant Cloud Applications,abstract,,,
272,zero-trust security architecture,IMPROVES,security effectiveness,2026,It demonstrated substantial improvement in security effectiveness,unique_normalized_exact_quote_match,6e2a1c38e17e6de57e66e9d2b5fc1194184ff4f5,0,Zero-Trust Security Architecture for Multi-Tenant Cloud Applications,abstract,,,
273,zero-trust security architecture,IMPROVES,mean time to detection,2026,significant reductions in unauthorized access attempts and a mean time to detection of security incidents,unique_normalized_exact_quote_match,6e2a1c38e17e6de57e66e9d2b5fc1194184ff4f5,0,Zero-Trust Security Architecture for Multi-Tenant Cloud Applications,abstract,,,
274,metadata-driven architectural approach,APPLIED_TO,zero-trust principles,2026,advances the practical adoption of zero-trust principles by introducing a scalable metadata-driven architectural approach,unique_normalized_exact_quote_match,6e2a1c38e17e6de57e66e9d2b5fc1194184ff4f5,0,Zero-Trust Security Architecture for Multi-Tenant Cloud Applications,abstract,,,
275,Integrated architectural approach,APPLIED_TO,Kubernetes microservice ecosystem,2026,develop and validate an integrated architectural approach to secure the Kubernetes microservice ecosystem,unique_normalized_exact_quote_match,b59f406a655bf959c3df50b3dc4abb21b60e944b,0,"Designing Secure Microservices on Kubernetes: An Architectural Deep Dive into OAuth2, PKCE, Keycloak, Vault, and LDAP",abstract,,,
276,Integrated architectural approach,USES,Zero Trust security model,2026,secure the Kubernetes microservice ecosystem under the Zero Trust security model,unique_normalized_exact_quote_match,b59f406a655bf959c3df50b3dc4abb21b60e944b,0,"Designing Secure Microservices on Kubernetes: An Architectural Deep Dive into OAuth2, PKCE, Keycloak, Vault, and LDAP",abstract,,,
277,Integrated architectural approach,ADDRESSES,Attack surface of cloud-native environments,2026,This is motivated by the increasing attack surface of cloud‑native environments,unique_normalized_exact_quote_match,b59f406a655bf959c3df50b3dc4abb21b60e944b,0,"Designing Secure Microservices on Kubernetes: An Architectural Deep Dive into OAuth2, PKCE, Keycloak, Vault, and LDAP",abstract,,,
278,Integrated architectural approach,USES,Keycloak,2026,"leveraging OAuth 2.1, PKCE, Keycloak, Vault, and LDAP",unique_normalized_exact_quote_match,b59f406a655bf959c3df50b3dc4abb21b60e944b,0,"Designing Secure Microservices on Kubernetes: An Architectural Deep Dive into OAuth2, PKCE, Keycloak, Vault, and LDAP",abstract,,,
279,Integrated architectural approach,USES,Vault,2026,"leveraging OAuth 2.1, PKCE, Keycloak, Vault, and LDAP",unique_normalized_exact_quote_match,b59f406a655bf959c3df50b3dc4abb21b60e944b,0,"Designing Secure Microservices on Kubernetes: An Architectural Deep Dive into OAuth2, PKCE, Keycloak, Vault, and LDAP",abstract,,,
280,End-to-end security pattern for IAM domain,PRODUCES,Formalized IAM security pattern,2026,The main contribution of the article is formalizing an end-to-end security pattern for the IAM domain,unique_normalized_exact_quote_match,b59f406a655bf959c3df50b3dc4abb21b60e944b,0,"Designing Secure Microservices on Kubernetes: An Architectural Deep Dive into OAuth2, PKCE, Keycloak, Vault, and LDAP",abstract,,,
281,End-to-end security pattern for IAM domain,COMBINES,External Secrets Operator,2026,"This pattern is formed by combining several technologies (PKCE, mTLS‚ Vault PKI‚ External Secrets Operator‚ and Liquibase) into a single model",unique_normalized_exact_quote_match,b59f406a655bf959c3df50b3dc4abb21b60e944b,0,"Designing Secure Microservices on Kubernetes: An Architectural Deep Dive into OAuth2, PKCE, Keycloak, Vault, and LDAP",abstract,,,
282,"Combination of API Gateway, Keycloak, and short-lived secrets",IMPROVES,Cluster security against token interception and lateral movement,2026,"the combination of an API Gateway, Keycloak with LDAP, short-lived secrets, and separated privileges for applications and migrations reduces the risk of token interception, secret leakage, and lateral movement",unique_normalized_exact_quote_match,b59f406a655bf959c3df50b3dc4abb21b60e944b,0,"Designing Secure Microservices on Kubernetes: An Architectural Deep Dive into OAuth2, PKCE, Keycloak, Vault, and LDAP",abstract,,,
283,policy-driven Zero Trust architecture,APPLIED_TO,.NET-based microservices,2023,"This thesis presents a policy-driven Zero Trust architecture for securing .NET-based microservices using Azure Active Directory (Azure AD), OAuth 2.0, and Conditional Access.",unique_normalized_exact_quote_match,90223aef4fdea1a6b02d0576df3a478680af2865,0,Securing .Net Microservices Through Conditional Access and Zero Trust Principles using Azure AD and OAUTH2,abstract,,,
284,policy-driven Zero Trust architecture,USES,Azure Active Directory,2023,"This thesis presents a policy-driven Zero Trust architecture for securing .NET-based microservices using Azure Active Directory (Azure AD), OAuth 2.0, and Conditional Access.",unique_normalized_exact_quote_match,90223aef4fdea1a6b02d0576df3a478680af2865,0,Securing .Net Microservices Through Conditional Access and Zero Trust Principles using Azure AD and OAUTH2,abstract,,,
285,policy-driven Zero Trust architecture,USES,OAuth 2.0,2023,"This thesis presents a policy-driven Zero Trust architecture for securing .NET-based microservices using Azure Active Directory (Azure AD), OAuth 2.0, and Conditional Access.",unique_normalized_exact_quote_match,90223aef4fdea1a6b02d0576df3a478680af2865,0,Securing .Net Microservices Through Conditional Access and Zero Trust Principles using Azure AD and OAUTH2,abstract,,,
286,policy-driven Zero Trust architecture,USES,Conditional Access,2023,"This thesis presents a policy-driven Zero Trust architecture for securing .NET-based microservices using Azure Active Directory (Azure AD), OAuth 2.0, and Conditional Access.",unique_normalized_exact_quote_match,90223aef4fdea1a6b02d0576df3a478680af2865,0,Securing .Net Microservices Through Conditional Access and Zero Trust Principles using Azure AD and OAUTH2,abstract,,,
287,policy-driven Zero Trust architecture,USES,Microsoft Entra ID,2023,The proposed approach leverages Microsoft Entra ID for centralized identity governance,unique_normalized_exact_quote_match,90223aef4fdea1a6b02d0576df3a478680af2865,0,Securing .Net Microservices Through Conditional Access and Zero Trust Principles using Azure AD and OAUTH2,abstract,,,
288,policy-driven Zero Trust architecture,USES,Azure API Management,2023,utilizing Azure API Management for secure exposure and traffic mediation.,unique_normalized_exact_quote_match,90223aef4fdea1a6b02d0576df3a478680af2865,0,Securing .Net Microservices Through Conditional Access and Zero Trust Principles using Azure AD and OAUTH2,abstract,,,
289,policy-driven Zero Trust architecture,USES,Microsoft Defender for Cloud,2023,Telemetry from Microsoft Defender for Cloud and Azure Monitor is integrated to dynamically adapt authorization rules,unique_normalized_exact_quote_match,90223aef4fdea1a6b02d0576df3a478680af2865,0,Securing .Net Microservices Through Conditional Access and Zero Trust Principles using Azure AD and OAUTH2,abstract,,,
290,policy-driven Zero Trust architecture,USES,Azure Monitor,2023,Telemetry from Microsoft Defender for Cloud and Azure Monitor is integrated to dynamically adapt authorization rules,unique_normalized_exact_quote_match,90223aef4fdea1a6b02d0576df3a478680af2865,0,Securing .Net Microservices Through Conditional Access and Zero Trust Principles using Azure AD and OAUTH2,abstract,,,
291,policy-driven Zero Trust architecture,EVALUATES_ON,controlled simulations,2023,The system is validated through a series of controlled simulations,unique_normalized_exact_quote_match,90223aef4fdea1a6b02d0576df3a478680af2865,0,Securing .Net Microservices Through Conditional Access and Zero Trust Principles using Azure AD and OAUTH2,abstract,,,
292,policy-driven Zero Trust architecture,PRODUCES,minimizing unauthorized access,2023,"demonstrating its effectiveness in minimizing unauthorized access, preventing lateral movement, and reducing the attack surface.",unique_normalized_exact_quote_match,90223aef4fdea1a6b02d0576df3a478680af2865,0,Securing .Net Microservices Through Conditional Access and Zero Trust Principles using Azure AD and OAUTH2,abstract,,,
293,policy-driven Zero Trust architecture,PRODUCES,preventing lateral movement,2023,"demonstrating its effectiveness in minimizing unauthorized access, preventing lateral movement, and reducing the attack surface.",unique_normalized_exact_quote_match,90223aef4fdea1a6b02d0576df3a478680af2865,0,Securing .Net Microservices Through Conditional Access and Zero Trust Principles using Azure AD and OAUTH2,abstract,,,
294,policy-driven Zero Trust architecture,PRODUCES,reducing the attack surface,2023,"demonstrating its effectiveness in minimizing unauthorized access, preventing lateral movement, and reducing the attack surface.",unique_normalized_exact_quote_match,90223aef4fdea1a6b02d0576df3a478680af2865,0,Securing .Net Microservices Through Conditional Access and Zero Trust Principles using Azure AD and OAUTH2,abstract,,,
295,Python-based predictive analytics,IMPROVES,intrusion detection,2026,Python-based predictive analytics enhances intrusion detection,unique_normalized_exact_quote_match,2afd4e8e687ab9329bdc06b75cd063cadea773ee,0,Security-Oriented Microservices Deployment Leveraging Python Analytics and Java Frameworks  ,abstract,,,
296,anomaly detection models,IMPROVES,monitoring,2026,anomaly detection models built with Python improve monitoring,unique_normalized_exact_quote_match,2afd4e8e687ab9329bdc06b75cd063cadea773ee,0,Security-Oriented Microservices Deployment Leveraging Python Analytics and Java Frameworks  ,abstract,,,
297,Java-centric API gateways,ADDRESSES,unauthorized access,2026,"Java-centric API gateways enforce traffic regulation, encryption, token validation, and rate limiting, thereby preventing unauthorized access",unique_normalized_exact_quote_match,2afd4e8e687ab9329bdc06b75cd063cadea773ee,0,Security-Oriented Microservices Deployment Leveraging Python Analytics and Java Frameworks  ,abstract,,,
298,hybrid security approaches,COMBINES,predictive analytics,2026,hybrid security approaches combining predictive analytics and strong authentication,unique_normalized_exact_quote_match,2afd4e8e687ab9329bdc06b75cd063cadea773ee,0,Security-Oriented Microservices Deployment Leveraging Python Analytics and Java Frameworks  ,abstract,,,
299,hybrid security approaches,COMBINES,strong authentication,2026,hybrid security approaches combining predictive analytics and strong authentication,unique_normalized_exact_quote_match,2afd4e8e687ab9329bdc06b75cd063cadea773ee,0,Security-Oriented Microservices Deployment Leveraging Python Analytics and Java Frameworks  ,abstract,,,
300,token-based methods,IMPROVES,scalability,2025,token-based methods like JWT improve scalability and user experience,unique_normalized_exact_quote_match,ad9fe516be3a3683a7f9b6a7cb4026ab493deb8c,0,An In-Depth Review Of Authentication Mechanisms In Microservice Architectures,abstract,,,
301,token-based methods,IMPROVES,user experience,2025,token-based methods like JWT improve scalability and user experience,unique_normalized_exact_quote_match,ad9fe516be3a3683a7f9b6a7cb4026ab493deb8c,0,An In-Depth Review Of Authentication Mechanisms In Microservice Architectures,abstract,,,
302,Passwordless and SSO solutions,IMPROVES,usability,2025,Passwordless and SSO solutions enhance usability,unique_normalized_exact_quote_match,ad9fe516be3a3683a7f9b6a7cb4026ab493deb8c,0,An In-Depth Review Of Authentication Mechanisms In Microservice Architectures,abstract,,,
303,structured narrative method,APPLIED_TO,authentication mechanisms for microservices,2025,"This review uses a structured narrative method, analyzing recent research and technologies such as JSON Web Tokens (JWT), session-based authentication, Single Sign-On (SSO), passwordless, and biometric approaches.",unique_normalized_exact_quote_match,ad9fe516be3a3683a7f9b6a7cb4026ab493deb8c,0,An In-Depth Review Of Authentication Mechanisms In Microservice Architectures,abstract,,,
304,graph-based microservice performance detection,APPLIED_TO,microservice intrusion detection,2026,This paper asks whether graph-based microservice performance detection can also serve as a foundation for microservice intrusion detection.,unique_normalized_exact_quote_match,5872be65512ef6ea163997ebc7805365296b7ee1,0,Can Graph-Based Microservice Performance Detection Be Used for Microservice Intrusion Detection?,abstract,,,
305,two-layer graph convolutional network,EVALUATES_ON,synthetic e-commerce microservice benchmark,2026,"We deploy a Docker Compose based synthetic e-commerce microservice benchmark... As a first baseline, we train a two-layer graph convolutional network",unmatched_quote,,,,,,,
306,two-layer graph convolutional network,PRODUCES,test accuracy,2026,The model achieves 96.2% test accuracy,unique_normalized_exact_quote_match,5872be65512ef6ea163997ebc7805365296b7ee1,0,Can Graph-Based Microservice Performance Detection Be Used for Microservice Intrusion Detection?,abstract,,,
307,two-layer graph convolutional network,PRODUCES,macro F1,2026,The model achieves 96.2% test accuracy with a macro F1 of 0.955,unique_normalized_exact_quote_match,5872be65512ef6ea163997ebc7805365296b7ee1,0,Can Graph-Based Microservice Performance Detection Be Used for Microservice Intrusion Detection?,abstract,,,
308,trial-level split evaluation,PRODUCES,trace structure alone is insufficient,2026,The stricter trial-level results show that trace structure alone is insufficient,unique_normalized_exact_quote_match,5872be65512ef6ea163997ebc7805365296b7ee1,0,Can Graph-Based Microservice Performance Detection Be Used for Microservice Intrusion Detection?,abstract,,,
309,trial-level split evaluation,PRODUCES,strong flattened baselines currently outperform the shallow graph model on the engineered feature set,2026,The stricter trial-level results show that... strong flattened baselines currently outperform the shallow graph model on the engineered feature set.,unmatched_quote,,,,,,,
310,supervised Out-of-Distribution (OOD) detector,USES,deep neural network,2024,"Using a deep neural network, we learn features and minimize classification errors.",unique_normalized_exact_quote_match,23e6f01ada28decc963360b8032039561247ae8d,0,Supervised Intrusion Detection with Out-of-Distribution Detection for Microservices,abstract,,,
311,supervised Out-of-Distribution (OOD) detector,APPLIED_TO,container command sequences,2024,We propose a supervised Out-of-Distribution (OOD) detector leveraging AI and ML to analyze container command sequences.,unique_normalized_exact_quote_match,23e6f01ada28decc963360b8032039561247ae8d,0,Supervised Intrusion Detection with Out-of-Distribution Detection for Microservices,abstract,,,
312,supervised Out-of-Distribution (OOD) detector,ADDRESSES,attack patterns,2024,Our technique identifies known and unknown attack patterns,unique_normalized_exact_quote_match,23e6f01ada28decc963360b8032039561247ae8d,0,Supervised Intrusion Detection with Out-of-Distribution Detection for Microservices,abstract,,,
313,supervised Out-of-Distribution (OOD) detector,IMPROVES,container security,2024,aiming to enhance container security,unique_normalized_exact_quote_match,23e6f01ada28decc963360b8032039561247ae8d,0,Supervised Intrusion Detection with Out-of-Distribution Detection for Microservices,abstract,,,
314,ImmuCheck,USES,selective immutability,2026,"Our system, ImmuCheck, instead applies selective immutability",unique_normalized_exact_quote_match,1a2d7a592bf53c73a4733c3242727a44625e5145,0,ImmuCheck: Selective Immutability for Container Escape Detection in Containerized Microservices,abstract,,,
315,ImmuCheck,ADDRESSES,container escape attacks,2026,"We introduce a container escape detection approach that breaks this trade-off... Our system, ImmuCheck, instead applies selective immutability",unmatched_quote,,,,,,,
316,ImmuCheck,EVALUATES_ON,12 escape scenarios,2026,We evaluate our approach across 12 escape scenarios spanning five microservices-based applications,unique_normalized_exact_quote_match,1a2d7a592bf53c73a4733c3242727a44625e5145,0,ImmuCheck: Selective Immutability for Container Escape Detection in Containerized Microservices,abstract,,,
317,ImmuCheck,EVALUATES_ON,five microservices-based applications,2026,We evaluate our approach across 12 escape scenarios spanning five microservices-based applications,unique_normalized_exact_quote_match,1a2d7a592bf53c73a4733c3242727a44625e5145,0,ImmuCheck: Selective Immutability for Container Escape Detection in Containerized Microservices,abstract,,,
318,industry rule-based detectors,LACKS,detection coverage,2026,"In contrast, industry rule-based detectors avoid these costs but offer limited detection coverage.",unique_normalized_exact_quote_match,1a2d7a592bf53c73a4733c3242727a44625e5145,0,ImmuCheck: Selective Immutability for Container Escape Detection in Containerized Microservices,abstract,,,
319,predictive posture,APPLIED_TO,cloud-native microservices,2026,This paper distills lessons from moving to a predictive posture in cloud-native environments.,unique_normalized_exact_quote_match,08487f09bd230f5950c7a0b1529a6d4d822c3cc0,0,From Reactive to Predictive: Lessons Learned in Cloud Microservice Security,abstract,,,
320,continuous analysis of telemetry,ADDRESSES,weak signals of misuse,2026,"By continuously analyzing logs, traces, and network flows across services, organizations can flag weak signals of misuse, surface likely attack paths, and act before impact.",unique_normalized_exact_quote_match,08487f09bd230f5950c7a0b1529a6d4d822c3cc0,0,From Reactive to Predictive: Lessons Learned in Cloud Microservice Security,abstract,,,
321,predictive posture,IMPROVES,detection precision,2026,"In practice, this has improved detection precision, shortened response, and exposed zero-day behaviors that signature rules missed—while also reducing alert noise for operators.",unique_normalized_exact_quote_match,08487f09bd230f5950c7a0b1529a6d4d822c3cc0,0,From Reactive to Predictive: Lessons Learned in Cloud Microservice Security,abstract,,,
322,signature rules,LACKS,zero-day behaviors,2026,exposed zero-day behaviors that signature rules missed,unique_normalized_exact_quote_match,08487f09bd230f5950c7a0b1529a6d4d822c3cc0,0,From Reactive to Predictive: Lessons Learned in Cloud Microservice Security,abstract,,,
323,risk-based scoring of service behaviors,APPLIED_TO,cloud-native microservices,2026,"We outline design patterns that proved effective: end-to-end telemetry, risk-based scoring of service behaviors, automated guardrails for high-risk changes, and feedback loops that validate detections against production reality.",unique_normalized_exact_quote_match,08487f09bd230f5950c7a0b1529a6d4d822c3cc0,0,From Reactive to Predictive: Lessons Learned in Cloud Microservice Security,abstract,,,
324,zero-trust security architecture,APPLIED_TO,containerized microservices,2026,This paper presents a comprehensive zero-trust security architecture designed specifically for containerized microservices,unique_normalized_exact_quote_match,db9b65ee4c61621058cad337f28f7adcd1a0423b,0,Zero-Trust Security Architecture for Containerized Microservices in Enterprise Telecommunications Networks,abstract,,,
325,zero-trust security architecture,USES,mutual TLS service mesh encryption,2026,encompassing mutual TLS service mesh encryption,unique_normalized_exact_quote_match,db9b65ee4c61621058cad337f28f7adcd1a0423b,0,Zero-Trust Security Architecture for Containerized Microservices in Enterprise Telecommunications Networks,abstract,,,
326,zero-trust security architecture,USES,Kubernetes network policies,2026,"encompassing mutual TLS service mesh encryption, Kubernetes network policies",unique_normalized_exact_quote_match,db9b65ee4c61621058cad337f28f7adcd1a0423b,0,Zero-Trust Security Architecture for Containerized Microservices in Enterprise Telecommunications Networks,abstract,,,
327,zero-trust security architecture,IMPROVES,attack surface,2026,reduced the attack surface by 78%,unique_normalized_exact_quote_match,db9b65ee4c61621058cad337f28f7adcd1a0423b,0,Zero-Trust Security Architecture for Containerized Microservices in Enterprise Telecommunications Networks,abstract,,,
328,zero-trust security architecture,IMPROVES,mean time to detect security incidents,2026,decreased mean time to detect security incidents from 72 hours to under 4 minutes,unique_normalized_exact_quote_match,db9b65ee4c61621058cad337f28f7adcd1a0423b,0,Zero-Trust Security Architecture for Containerized Microservices in Enterprise Telecommunications Networks,abstract,,,
329,proposed framework,USES,dynamic policy enforcement,2022,This paper proposes a framework for mitigating vulnerabilities in containerized microservices by employing dynamic policy enforcement and automated patching techniques.,unique_normalized_exact_quote_match,b9bc41d91f848e5177eaab14b899071fe095b0ae,0,Runtime Vulnerability Mitigation for Containerized Microservices through Dynamic Policy Enforcement and Automated Patching,abstract,,,
330,proposed framework,USES,automated patching,2022,This paper proposes a framework for mitigating vulnerabilities in containerized microservices by employing dynamic policy enforcement and automated patching techniques.,unique_normalized_exact_quote_match,b9bc41d91f848e5177eaab14b899071fe095b0ae,0,Runtime Vulnerability Mitigation for Containerized Microservices through Dynamic Policy Enforcement and Automated Patching,abstract,,,
331,proposed framework,ADDRESSES,vulnerabilities in containerized microservices,2022,This paper proposes a framework for mitigating vulnerabilities in containerized microservices by employing dynamic policy enforcement and automated patching techniques.,unique_normalized_exact_quote_match,b9bc41d91f848e5177eaab14b899071fe095b0ae,0,Runtime Vulnerability Mitigation for Containerized Microservices through Dynamic Policy Enforcement and Automated Patching,abstract,,,
332,dynamic policy enforcement,COMBINES,automated patching,2022,"Through the combination of dynamic policy enforcement and automated patching, the proposed framework provides a robust solution to protect containerized microservices from emerging threats",unique_normalized_exact_quote_match,b9bc41d91f848e5177eaab14b899071fe095b0ae,0,Runtime Vulnerability Mitigation for Containerized Microservices through Dynamic Policy Enforcement and Automated Patching,abstract,,,
333,dynamic policy enforcement coupled with automated patching,ADDRESSES,runtime vulnerabilities,2022,The results suggest that dynamic policy enforcement coupled with automated patching is an essential strategy for mitigating runtime vulnerabilities in modern containerized environments,unique_normalized_exact_quote_match,b9bc41d91f848e5177eaab14b899071fe095b0ae,0,Runtime Vulnerability Mitigation for Containerized Microservices through Dynamic Policy Enforcement and Automated Patching,abstract,,,
334,"lightweight, preplanned path traversal platform",IMPROVES,privacy protection,2025,We demonstrate experimentally that the platform enhances privacy protection,unique_normalized_exact_quote_match,639adbbe925620afa7594bfd2cf37b6c344f50e3,0,"Access Microservices with Zero-Knowledge, Path Certainty and Distributed Traceability",abstract,,,
335,"lightweight, preplanned path traversal platform",ADDRESSES,privacy concerns,2025,"Our lightweight, preplanned path traversal platform ensures authentication without exposing private data",unique_normalized_exact_quote_match,639adbbe925620afa7594bfd2cf37b6c344f50e3,0,"Access Microservices with Zero-Knowledge, Path Certainty and Distributed Traceability",abstract,,,
336,distributed tracing technologies,LACKS,real-time threat detection,2025,The massive trace data with excessively redundant traces further complicates real-time threat detection,unique_normalized_exact_quote_match,639adbbe925620afa7594bfd2cf37b6c344f50e3,0,"Access Microservices with Zero-Knowledge, Path Certainty and Distributed Traceability",abstract,,,
337,"lightweight, preplanned path traversal platform",APPLIED_TO,microservices-based system,2025,Load testing on a microservices-based system with 750 simultaneous users,unique_normalized_exact_quote_match,639adbbe925620afa7594bfd2cf37b6c344f50e3,0,"Access Microservices with Zero-Knowledge, Path Certainty and Distributed Traceability",abstract,,,
338,"lightweight, preplanned path traversal platform",PRODUCES,accuracy in blocking unauthorized path deviation,2025,achieved (100 %) accuracy in blocking unauthorized path deviation.,unique_normalized_exact_quote_match,639adbbe925620afa7594bfd2cf37b6c344f50e3,0,"Access Microservices with Zero-Knowledge, Path Certainty and Distributed Traceability",abstract,,,
339,publicly available guidance,LACKS,formalized method for quantitative comparison of system states,2026,publicly available guidance still lacks a formalized method for quantitative comparison of system states before and after such controls are introduced.,unique_normalized_exact_quote_match,7023d311b4ea29f478674781e5ed259845235b97,0,ASSESSING THE IMPACT OF ZERO TRUST ON INCIDENT LOCALIZATION IN CONTAINERIZED MICROSERVICE ENVIRONMENTS,abstract,,,
340,Zero Trust approach,ADDRESSES,lateral movement,2026,the compromise of a single service can become a starting point for lateral movement deeper into the infrastructure... The Zero Trust approach requires service-to-service mutual authentication,unmatched_quote,,,,,,,
341,Zero Trust controls,IMPROVES,impact radius R,2026,Model-based calculations show that implementing Zero Trust reduces R from 0.93 to 0.21,unique_normalized_exact_quote_match,7023d311b4ea29f478674781e5ed259845235b97,0,ASSESSING THE IMPACT OF ZERO TRUST ON INCIDENT LOCALIZATION IN CONTAINERIZED MICROSERVICE ENVIRONMENTS,abstract,,,
342,Zero Trust controls,IMPROVES,lateral movement depth D,2026,decreases D from 2 to 1,unique_normalized_exact_quote_match,7023d311b4ea29f478674781e5ed259845235b97,0,ASSESSING THE IMPACT OF ZERO TRUST ON INCIDENT LOCALIZATION IN CONTAINERIZED MICROSERVICE ENVIRONMENTS,abstract,,,
343,empirical validation,EVALUATES_ON,Kubernetes cluster,2026,Empirical validation on a local Kubernetes cluster with Calico CNI showed that 17 of 17 access tests were successful,unique_normalized_exact_quote_match,7023d311b4ea29f478674781e5ed259845235b97,0,ASSESSING THE IMPACT OF ZERO TRUST ON INCIDENT LOCALIZATION IN CONTAINERIZED MICROSERVICE ENVIRONMENTS,abstract,,,
344,Kubernetes cluster,USES,Calico CNI,2026,Empirical validation on a local Kubernetes cluster with Calico CNI,unique_normalized_exact_quote_match,7023d311b4ea29f478674781e5ed259845235b97,0,ASSESSING THE IMPACT OF ZERO TRUST ON INCIDENT LOCALIZATION IN CONTAINERIZED MICROSERVICE ENVIRONMENTS,abstract,,,
345,L7 authorization,USES,service mesh,2026,"complete restriction at the level of individual operations requires L7 authorization, typically provided through a service mesh.",unique_normalized_exact_quote_match,7023d311b4ea29f478674781e5ed259845235b97,0,ASSESSING THE IMPACT OF ZERO TRUST ON INCIDENT LOCALIZATION IN CONTAINERIZED MICROSERVICE ENVIRONMENTS,abstract,,,
346,microservice security agent,USES,Kong,2019,we implement a microservice security agent based on the open-source Kong,unique_normalized_exact_quote_match,ed9771ad472ea1c2a7b493c7dd50358fbe759483,0,Microservice Security Agent Based On API Gateway in Edge Computing,abstract,,,
347,microservice security agent,APPLIED_TO,EdgeX Foundry framework,2019,we implement a microservice security agent based on the open-source Kong in the EdgeX Foundry framework.,unique_normalized_exact_quote_match,ed9771ad472ea1c2a7b493c7dd50358fbe759483,0,Microservice Security Agent Based On API Gateway in Edge Computing,abstract,,,
348,microservice security agent,ADDRESSES,secure authentication mechanism,2019,we propose a microservice security agent to integrate the edge computing platform with the API gateway technology for presenting a secure authentication mechanism.,unique_normalized_exact_quote_match,ed9771ad472ea1c2a7b493c7dd50358fbe759483,0,Microservice Security Agent Based On API Gateway in Edge Computing,abstract,,,
349,microservice security agent,EVALUATES_ON,round trip time (RTT),2019,the usability of the proposed approach is demonstrated by evaluating the round trip time (RTT).,unique_normalized_exact_quote_match,ed9771ad472ea1c2a7b493c7dd50358fbe759483,0,Microservice Security Agent Based On API Gateway in Edge Computing,abstract,,,
350,microservice security agent,PRODUCES,efficiency of the system,2019,The results demonstrate the efficiency of the system and its suitability for real-world applications.,unique_normalized_exact_quote_match,ed9771ad472ea1c2a7b493c7dd50358fbe759483,0,Microservice Security Agent Based On API Gateway in Edge Computing,abstract,,,
351,Microservices Architecture,IMPROVES,IoT Systems Security,2024,Microservices Architecture (MSA) has emerged as a promising approach for enhancing IoT systems security,unique_normalized_exact_quote_match,395c66ed3e8d451aec47d1d641f3b5f4cb68aa41,0,Exploring the Potential of Microservices in Internet of Things: A Systematic Review of Security and Prospects,abstract,,,
352,Microservices Architecture,APPLIED_TO,IoT Systems,2024,examining the incorporation of MSA in IoT systems from 2010 to 2024.,unique_normalized_exact_quote_match,395c66ed3e8d451aec47d1d641f3b5f4cb68aa41,0,Exploring the Potential of Microservices in Internet of Things: A Systematic Review of Security and Prospects,abstract,,,
353,Systematic Review,ADDRESSES,Lack of Analysis on MSA in IoT,2024,This systematic review addresses this research gap by examining the incorporation of MSA in IoT systems from 2010 to 2024.,unique_normalized_exact_quote_match,395c66ed3e8d451aec47d1d641f3b5f4cb68aa41,0,Exploring the Potential of Microservices in Internet of Things: A Systematic Review of Security and Prospects,abstract,,,
354,Blockchain,ADDRESSES,Identified Gaps in MSA-based IoT Security,2024,incorporating complementary technologies including blockchain and machine learning to address identified gaps effectively.,unique_normalized_exact_quote_match,395c66ed3e8d451aec47d1d641f3b5f4cb68aa41,0,Exploring the Potential of Microservices in Internet of Things: A Systematic Review of Security and Prospects,abstract,,,
355,Machine Learning,ADDRESSES,Identified Gaps in MSA-based IoT Security,2024,incorporating complementary technologies including blockchain and machine learning to address identified gaps effectively.,unique_normalized_exact_quote_match,395c66ed3e8d451aec47d1d641f3b5f4cb68aa41,0,Exploring the Potential of Microservices in Internet of Things: A Systematic Review of Security and Prospects,abstract,,,
356,Systematic Review,PRODUCES,Taxonomic Classification of Microservice-based IoT Security Patterns,2024,we propose a taxonomic classification for Microservice-based IoT security patterns,unique_normalized_exact_quote_match,395c66ed3e8d451aec47d1d641f3b5f4cb68aa41,0,Exploring the Potential of Microservices in Internet of Things: A Systematic Review of Security and Prospects,abstract,,,
357,SFTSDH,COMBINES,Spring Framework,2022,The adopted solution (SFTSDH = SF + TSD + H),unique_normalized_exact_quote_match,22df84590b05ad2688bd961ef25158166b6b2048,0,SFTSDH: Applying Spring Security Framework With TSD-Based OAuth2 to Protect Microservice Architecture APIs,abstract,,,
358,SFTSDH,USES,Services for Sensitive Data,2022,"we implemented a hybrid security solution to secure the collection and management of personal health data using Spring Framework (SF), Services for Sensitive Data (TSD) as a service platform",unique_normalized_exact_quote_match,22df84590b05ad2688bd961ef25158166b6b2048,0,SFTSDH: Applying Spring Security Framework With TSD-Based OAuth2 to Protect Microservice Architecture APIs,abstract,,,
359,SFTSDH,USES,OAuth2,2022,"The adopted solution (SFTSDH = SF + TSD + H) instigated the following security features: identity brokering, OAuth2, multifactor authentication",unique_normalized_exact_quote_match,22df84590b05ad2688bd961ef25158166b6b2048,0,SFTSDH: Applying Spring Security Framework With TSD-Based OAuth2 to Protect Microservice Architecture APIs,abstract,,,
360,SFTSDH,ADDRESSES,GDPR,2022,"protect the Microservices Architecture Application Programming Interfaces (APIs), following the General Data Protection Regulation (GDPR).",unique_normalized_exact_quote_match,22df84590b05ad2688bd961ef25158166b6b2048,0,SFTSDH: Applying Spring Security Framework With TSD-Based OAuth2 to Protect Microservice Architecture APIs,abstract,,,
361,SFTSDH,APPLIED_TO,eCoaching prototype system,2022,The SFTSDH implementation and configuration in the prototype system have effectively secured the eCoach APIs from an attack in all the considered scenarios.,unique_normalized_exact_quote_match,22df84590b05ad2688bd961ef25158166b6b2048,0,SFTSDH: Applying Spring Security Framework With TSD-Based OAuth2 to Protect Microservice Architecture APIs,abstract,,,
362,SFTSDH,IMPROVES,SF security,2022,"we performed a qualitative comparison among the following security solutions: SF security, third-party security, and SFTSDH, where SFTSDH showed a promising outcome.",unique_normalized_exact_quote_match,22df84590b05ad2688bd961ef25158166b6b2048,0,SFTSDH: Applying Spring Security Framework With TSD-Based OAuth2 to Protect Microservice Architecture APIs,abstract,,,
363,Zero Trust security principles,COMBINES,DevSecOps methodologies,2025,This article examines the integration of Zero Trust security principles with DevSecOps methodologies to establish flexible cloud-native platforms designed specifically for financial institutions.,unique_normalized_exact_quote_match,6f723df3a9979c39462a5d6654c725aa73919a71,0,Next-Gen Secure Cloud-Native Platforms For Financial Institutions: A Microservices And Zero Trust-Based Resilience Model,abstract,,,
364,Container security mechanisms,ADDRESSES,weaknesses in image construction,2025,"Container security mechanisms address weaknesses in image construction, registry management, and runtime execution stages",unique_normalized_exact_quote_match,6f723df3a9979c39462a5d6654c725aa73919a71,0,Next-Gen Secure Cloud-Native Platforms For Financial Institutions: A Microservices And Zero Trust-Based Resilience Model,abstract,,,
365,integrated approaches,IMPROVES,operational flexibility,2025,"Financial organizations adopting these integrated approaches demonstrate significant improvements in violations, incident control, and operational flexibility compared to heritage security architecture.",unique_normalized_exact_quote_match,6f723df3a9979c39462a5d6654c725aa73919a71,0,Next-Gen Secure Cloud-Native Platforms For Financial Institutions: A Microservices And Zero Trust-Based Resilience Model,abstract,,,
366,Zero Trust architecture,APPLIED_TO,cloud-native environment,2025,This article examines the integration of Zero Trust security principles with DevSecOps methodologies to establish flexible cloud-native platforms designed specifically for financial institutions.,unique_normalized_exact_quote_match,6f723df3a9979c39462a5d6654c725aa73919a71,0,Next-Gen Secure Cloud-Native Platforms For Financial Institutions: A Microservices And Zero Trust-Based Resilience Model,abstract,,,
367,Artificial Intelligence Intrusion Detection System,ADDRESSES,security challenges in cloud-native environments,2025,This study proposes an Artificial Intelligence Intrusion Detection System (AIDS)-based cyber threat detection solution to address these critical security challenges inherent in cloud-native environments.,unique_normalized_exact_quote_match,7a42732ca79edc2a87e2ba4dc63e2bbcb80903b9,0,AIDS-Based Cyber Threat Detection Framework for Secure Cloud-Native Microservices,abstract,,,
368,AIDS-based cyber threat detection solution,USES,Resilient Backpropagation Neural Network,2025,"By leveraging a Resilient Backpropagation Neural Network (RBN), the proposed solution enhances system security and resilience by effectively detecting and mitigating DDoS attacks in real time",unique_normalized_exact_quote_match,7a42732ca79edc2a87e2ba4dc63e2bbcb80903b9,0,AIDS-Based Cyber Threat Detection Framework for Secure Cloud-Native Microservices,abstract,,,
369,Resilient Backpropagation Neural Network,ADDRESSES,DDoS attacks,2025,"By leveraging a Resilient Backpropagation Neural Network (RBN), the proposed solution enhances system security and resilience by effectively detecting and mitigating DDoS attacks in real time in both the network and application layers.",unique_normalized_exact_quote_match,7a42732ca79edc2a87e2ba4dc63e2bbcb80903b9,0,AIDS-Based Cyber Threat Detection Framework for Secure Cloud-Native Microservices,abstract,,,
370,AIDS-based cyber threat detection solution,USES,Inter-Container Communication Bridge,2025,The solution incorporates an Inter-Container Communication Bridge (ICCB) to ensure secure communication between containers.,unique_normalized_exact_quote_match,7a42732ca79edc2a87e2ba4dc63e2bbcb80903b9,0,AIDS-Based Cyber Threat Detection Framework for Secure Cloud-Native Microservices,abstract,,,
371,AIDS-based cyber threat detection solution,USES,eXpress Data Path,2025,It also employs advanced technologies such as eXpress Data Path (XDP) and the Extended Berkeley Packet Filter (eBPF) for high-performance and low-latency security enforcement,unique_normalized_exact_quote_match,7a42732ca79edc2a87e2ba4dc63e2bbcb80903b9,0,AIDS-Based Cyber Threat Detection Framework for Secure Cloud-Native Microservices,abstract,,,
372,AIDS-based cyber threat detection solution,USES,Extended Berkeley Packet Filter,2025,It also employs advanced technologies such as eXpress Data Path (XDP) and the Extended Berkeley Packet Filter (eBPF) for high-performance and low-latency security enforcement,unique_normalized_exact_quote_match,7a42732ca79edc2a87e2ba4dc63e2bbcb80903b9,0,AIDS-Based Cyber Threat Detection Framework for Secure Cloud-Native Microservices,abstract,,,
373,AIDS-based cyber threat detection solution,APPLIED_TO,cloud-native architectures,2025,This study proposes an Artificial Intelligence Intrusion Detection System (AIDS)-based cyber threat detection solution to address these critical security challenges inherent in cloud-native environments.,unique_normalized_exact_quote_match,7a42732ca79edc2a87e2ba4dc63e2bbcb80903b9,0,AIDS-Based Cyber Threat Detection Framework for Secure Cloud-Native Microservices,abstract,,,
374,Hierarchical Trust RBAC,EXTENDS,Role-Based Access Control model,2021,The extended Role-Based Access Control model (Hierarchical Trust RBAC: HT-RBAC) for microservice security managers is proposed,unique_normalized_exact_quote_match,1f8acfefbdaca20fc15c65d88186e5a5880c8407,0,HT-RBAC: A Design of Role-based Access Control Model for Microservice Security Manager,abstract,,,
375,Hierarchical Trust RBAC,ADDRESSES,unauthorized access,2021,Hierarchical Trust RBAC: HT-RBAC) for microservice security managers is proposed for leveraging threats of unauthorized access to sensitive information,unique_normalized_exact_quote_match,1f8acfefbdaca20fc15c65d88186e5a5880c8407,0,HT-RBAC: A Design of Role-based Access Control Model for Microservice Security Manager,abstract,,,
376,Hierarchical Trust RBAC,USES,API-Gateway,2021,"This paper proposes using an HT-RBAC to authenticate, authorize, and identify user’s access control via API-Gateway.",unique_normalized_exact_quote_match,1f8acfefbdaca20fc15c65d88186e5a5880c8407,0,HT-RBAC: A Design of Role-based Access Control Model for Microservice Security Manager,abstract,,,
377,prototype system,USES,OAuth 2.0 authentication server,2021,A prototype system integrated with OAuth 2.0 authentication server is implemented for empirical study.,unique_normalized_exact_quote_match,1f8acfefbdaca20fc15c65d88186e5a5880c8407,0,HT-RBAC: A Design of Role-based Access Control Model for Microservice Security Manager,abstract,,,
378,Hierarchical Trust RBAC,IMPROVES,incident response time,2021,The results report that the approach provides faster and more flexible access to information in addition to improving incident response time.,unique_normalized_exact_quote_match,1f8acfefbdaca20fc15c65d88186e5a5880c8407,0,HT-RBAC: A Design of Role-based Access Control Model for Microservice Security Manager,abstract,,,
379,API gateway security mechanism,ADDRESSES,security problems of the microservice architecture,2021,"To solve the current security problems of the microservice architecture, the security mechanism of the API gateway platform using the microservice platform is designed and implemented.",unique_normalized_exact_quote_match,3f7510f5e175698777c9e644ceb99d2490adbdf8,0,Design and Achievement of Security Mechanism of API Gateway Platform Based on Microservice Architecture,abstract,,,
380,hybrid encryption algorithm,COMBINES,RSA,2021,the hybrid encryption algorithm hybridized by encryption algorithm of Rivest Shamir Adleman (RSA),unique_normalized_exact_quote_match,3f7510f5e175698777c9e644ceb99d2490adbdf8,0,Design and Achievement of Security Mechanism of API Gateway Platform Based on Microservice Architecture,abstract,,,
381,hybrid encryption algorithm,COMBINES,AES,2021,the hybrid encryption algorithm hybridized by encryption algorithm of Rivest Shamir Adleman (RSA) and encryption algorithm of Advanced Encryption Standard (AES),unique_normalized_exact_quote_match,3f7510f5e175698777c9e644ceb99d2490adbdf8,0,Design and Achievement of Security Mechanism of API Gateway Platform Based on Microservice Architecture,abstract,,,
382,API gateway,IMPROVES,security of the front-end and back-end transmission data,2021,"After the introduction of the API gateway, the API-level service operation authority can be controlled; the security of the front-end and back-end transmission data is improved",unique_normalized_exact_quote_match,3f7510f5e175698777c9e644ceb99d2490adbdf8,0,Design and Achievement of Security Mechanism of API Gateway Platform Based on Microservice Architecture,abstract,,,
383,hybrid encryption algorithm,APPLIED_TO,data encryption,2021,the hybrid encryption algorithm hybridized by encryption algorithm of Rivest Shamir Adleman (RSA) and encryption algorithm of Advanced Encryption Standard (AES) is used for data encryption.,unique_normalized_exact_quote_match,3f7510f5e175698777c9e644ceb99d2490adbdf8,0,Design and Achievement of Security Mechanism of API Gateway Platform Based on Microservice Architecture,abstract,,,
384,Decentralized Authentication and Authorization Framework,USES,Decentralized Identity,2025,"We propose a decentralized authentication and authorization framework where DIDs, maintained on blockchain-based registries, replace conventional identity silos",unique_normalized_exact_quote_match,aff919e1e8c9143fbd350300313f0d74aa44835e,0,Agentic AI for Self-Sovereign Identity: A Decentralized Zero Trust Framework for Autonomous Microservices,abstract,,,
385,Decentralized Authentication and Authorization Framework,EVALUATES_ON,Kubernetes-Based Microservices Testbed,2025,Experimental results from a Kubernetes-based microservices testbed with 50 simulated agents show that the proposed approach reduces authentication latency by 50%,unique_normalized_exact_quote_match,aff919e1e8c9143fbd350300313f0d74aa44835e,0,Agentic AI for Self-Sovereign Identity: A Decentralized Zero Trust Framework for Autonomous Microservices,abstract,,,
386,Decentralized Authentication and Authorization Framework,IMPROVES,Authentication Latency,2025,the proposed approach reduces authentication latency by 50% (from 180 ms to 90 ms),unique_normalized_exact_quote_match,aff919e1e8c9143fbd350300313f0d74aa44835e,0,Agentic AI for Self-Sovereign Identity: A Decentralized Zero Trust Framework for Autonomous Microservices,abstract,,,
387,Decentralized Authentication and Authorization Framework,IMPROVES,Authentication Throughput,2025,"increases authentication throughput by 75% (from 800 to 1,400 agents/min) compared to OAuth2/JWT baselines",unique_normalized_exact_quote_match,aff919e1e8c9143fbd350300313f0d74aa44835e,0,Agentic AI for Self-Sovereign Identity: A Decentralized Zero Trust Framework for Autonomous Microservices,abstract,,,
388,Decentralized Authentication and Authorization Framework,ADDRESSES,Token Replay Vulnerabilities,2025,eliminates token replay vulnerabilities,unique_normalized_exact_quote_match,aff919e1e8c9143fbd350300313f0d74aa44835e,0,Agentic AI for Self-Sovereign Identity: A Decentralized Zero Trust Framework for Autonomous Microservices,abstract,,,
389,Context-Aware Policy Engines,USES,Real-Time Telemetry,2025,"Context-aware policy engines evaluate real-time telemetry such as location, workload, and behavioural patterns to issue short-lived, ephemeral access tokens",unique_normalized_exact_quote_match,aff919e1e8c9143fbd350300313f0d74aa44835e,0,Agentic AI for Self-Sovereign Identity: A Decentralized Zero Trust Framework for Autonomous Microservices,abstract,,,
390,BridG framework,USES,SSO module,2024,"The BridG framework has SSO module, Security Assertion Markup Language (SAML) and OpenID Connect (OlD C) to get authenticated and authorized for the individual microservices.",unique_normalized_exact_quote_match,bedfbe06d2b583f48f8d7e87d2a4a58831c8b742,0,"A New Framework for Microservices with Single Sign-On, Security Assertion Markup Language and OpenID Connect",abstract,,,
391,BridG framework,USES,Security Assertion Markup Language (SAML),2024,"The BridG framework has SSO module, Security Assertion Markup Language (SAML) and OpenID Connect (OlD C) to get authenticated and authorized for the individual microservices.",unique_normalized_exact_quote_match,bedfbe06d2b583f48f8d7e87d2a4a58831c8b742,0,"A New Framework for Microservices with Single Sign-On, Security Assertion Markup Language and OpenID Connect",abstract,,,
392,BridG framework,USES,OpenID Connect (OlD C),2024,"The BridG framework has SSO module, Security Assertion Markup Language (SAML) and OpenID Connect (OlD C) to get authenticated and authorized for the individual microservices.",unique_normalized_exact_quote_match,bedfbe06d2b583f48f8d7e87d2a4a58831c8b742,0,"A New Framework for Microservices with Single Sign-On, Security Assertion Markup Language and OpenID Connect",abstract,,,
393,BridG,APPLIED_TO,microservices,2024,proposing an integrated framework called “BridG” identifies and connect all type of microservices,unique_normalized_exact_quote_match,bedfbe06d2b583f48f8d7e87d2a4a58831c8b742,0,"A New Framework for Microservices with Single Sign-On, Security Assertion Markup Language and OpenID Connect",abstract,,,
394,Integrated global Single Sign-On (SSO) module,APPLIED_TO,microservices,2024,Integrated global Single Sign-On (SSO) module is a security module for microservices,unique_normalized_exact_quote_match,bedfbe06d2b583f48f8d7e87d2a4a58831c8b742,0,"A New Framework for Microservices with Single Sign-On, Security Assertion Markup Language and OpenID Connect",abstract,,,
395,architectural patterns,ADDRESSES,security needs,2024,businesses have effectively used contemporary architectural patterns and best practices to strike a compromise between security needs and performance demands,unique_normalized_exact_quote_match,aa046505014b9a467a50d49974e13d630a693b87,0,Security and Performance Optimization in Microservices for Real-Time Data Systems,abstract,,,
396,architectural patterns,ADDRESSES,performance demands,2024,businesses have effectively used contemporary architectural patterns and best practices to strike a compromise between security needs and performance demands,unique_normalized_exact_quote_match,aa046505014b9a467a50d49974e13d630a693b87,0,Security and Performance Optimization in Microservices for Real-Time Data Systems,abstract,,,
397,performance optimization techniques,APPLIED_TO,real-time data systems,2024,performance optimization in microservices architectures for real-time data systems is examined in detail,unique_normalized_exact_quote_match,aa046505014b9a467a50d49974e13d630a693b87,0,Security and Performance Optimization in Microservices for Real-Time Data Systems,abstract,,,
398,API gateway security,APPLIED_TO,microservices architectures,2024,examines how security issues in microservices deployments have changed over time... covering important topics including API gateway security,unmatched_quote,,,,,,,
399,adaptive dynamic defense strategy (AD2S),ADDRESSES,balancing security defense and quality of service in dynamic cloud-native environments,2025,"Aiming at the problem that it is difficult to balance security defense and quality of service in a dynamic cloud-native environment, an adaptive dynamic defense strategy (AD2S) for microservices based on deep reinforcement learning is proposed.",unique_normalized_exact_quote_match,182cbbf4aac1ec1190dc74ebb7b2fbd8b459b33c,0,An Adaptive Dynamic Defense Strategy for Microservices Based on Deep Reinforcement Learning,abstract,,,
400,adaptive dynamic defense strategy (AD2S),USES,deep reinforcement learning,2025,an adaptive dynamic defense strategy (AD2S) for microservices based on deep reinforcement learning is proposed.,unique_normalized_exact_quote_match,182cbbf4aac1ec1190dc74ebb7b2fbd8b459b33c,0,An Adaptive Dynamic Defense Strategy for Microservices Based on Deep Reinforcement Learning,abstract,,,
401,adaptive dynamic defense strategy (AD2S),USES,microservice attack graph model,2025,"First, a microservice attack graph model is constructed to extract security threats from multiple dimensions.",unique_normalized_exact_quote_match,182cbbf4aac1ec1190dc74ebb7b2fbd8b459b33c,0,An Adaptive Dynamic Defense Strategy for Microservices Based on Deep Reinforcement Learning,abstract,,,
402,adaptive dynamic defense strategy (AD2S),IMPROVES,defense effectiveness,2025,"AD2S improves the defense effectiveness by 34.38% and 10.29%, respectively",unique_normalized_exact_quote_match,182cbbf4aac1ec1190dc74ebb7b2fbd8b459b33c,0,An Adaptive Dynamic Defense Strategy for Microservices Based on Deep Reinforcement Learning,abstract,,,
403,Containerization of microservices,USES,Docker,2023,Containerization of microservices using technologies such as Docker and Kubernetes,unique_normalized_exact_quote_match,8c30b98a0923ef7e89df962bf82f7b41cf82ab9e,0,SECURITY ISSUES OF CONTAINERIZATION OF MICROSERVICES,abstract,,,
404,Containerization of microservices,USES,Kubernetes,2023,Containerization of microservices using technologies such as Docker and Kubernetes,unique_normalized_exact_quote_match,8c30b98a0923ef7e89df962bf82f7b41cf82ab9e,0,SECURITY ISSUES OF CONTAINERIZATION OF MICROSERVICES,abstract,,,
405,Containerization of microservices,IMPROVES,efficiency of application deployment,2023,Containerization of microservices using technologies such as Docker and Kubernetes have increased the efficiency of application deployment.,unique_normalized_exact_quote_match,8c30b98a0923ef7e89df962bf82f7b41cf82ab9e,0,SECURITY ISSUES OF CONTAINERIZATION OF MICROSERVICES,abstract,,,
406,conceptual framework,ADDRESSES,quantum computer threats,2025,This paper provides a conceptual framework meant to address the issue and describes the methodology of quantum-tolerant computing using microservices in a federated architecture,unique_normalized_exact_quote_match,bf74c2d1ea6cbbb3547de51efafea56d5ed49309,0,"Quantum-Resilient Federated Microservices: Building Secure, Adaptive, and Stateful Microservices Across Multi-Cloud Ecosystems",abstract,,,
407,methodology of quantum-tolerant computing,USES,federated microservices,2025,describes the methodology of quantum-tolerant computing using microservices in a federated architecture,unique_normalized_exact_quote_match,bf74c2d1ea6cbbb3547de51efafea56d5ed49309,0,"Quantum-Resilient Federated Microservices: Building Secure, Adaptive, and Stateful Microservices Across Multi-Cloud Ecosystems",abstract,,,
408,risk-minimization enhancements,USES,quantum-safe encryption schemes,2025,This work introduces risk-minimization enhancements such as quantum-safe encryption schemes,unique_normalized_exact_quote_match,bf74c2d1ea6cbbb3547de51efafea56d5ed49309,0,"Quantum-Resilient Federated Microservices: Building Secure, Adaptive, and Stateful Microservices Across Multi-Cloud Ecosystems",abstract,,,
409,risk-minimization enhancements,USES,zero trust access control,2025,"This work introduces risk-minimization enhancements such as quantum-safe encryption schemes, zero trust access control",unique_normalized_exact_quote_match,bf74c2d1ea6cbbb3547de51efafea56d5ed49309,0,"Quantum-Resilient Federated Microservices: Building Secure, Adaptive, and Stateful Microservices Across Multi-Cloud Ecosystems",abstract,,,
410,conceptual framework,APPLIED_TO,multi-cloud ecosystem,2025,the practicality of the new framework within an eco-system that have multi-cloud is adviceable,unique_normalized_exact_quote_match,bf74c2d1ea6cbbb3547de51efafea56d5ed49309,0,"Quantum-Resilient Federated Microservices: Building Secure, Adaptive, and Stateful Microservices Across Multi-Cloud Ecosystems",abstract,,,
411,Integrated Framework,IMPROVES,gRPC,2025,this study suggests an integrated framework that improves gRPC communication.,unique_normalized_exact_quote_match,88269d02b3044ddca59b013467940182218c82a9,0,Enhancing Security and Performance of gRPC-Based Microservices using HTTP/3 and AES-256 Encryption,abstract,,,
412,Integrated Framework,USES,HTTP/3,2025,"By utilizing the strengths of HTTP/3, the QUIC transport protocol, and AES-256 encryption in conjunction with HMAC-based checksum verification, this study suggests an integrated framework that improves gRPC communication.",unique_normalized_exact_quote_match,88269d02b3044ddca59b013467940182218c82a9,0,Enhancing Security and Performance of gRPC-Based Microservices using HTTP/3 and AES-256 Encryption,abstract,,,
413,Integrated Framework,USES,QUIC Transport Protocol,2025,"By utilizing the strengths of HTTP/3, the QUIC transport protocol, and AES-256 encryption in conjunction with HMAC-based checksum verification, this study suggests an integrated framework that improves gRPC communication.",unique_normalized_exact_quote_match,88269d02b3044ddca59b013467940182218c82a9,0,Enhancing Security and Performance of gRPC-Based Microservices using HTTP/3 and AES-256 Encryption,abstract,,,
414,Integrated Framework,USES,AES-256 Encryption,2025,"By utilizing the strengths of HTTP/3, the QUIC transport protocol, and AES-256 encryption in conjunction with HMAC-based checksum verification, this study suggests an integrated framework that improves gRPC communication.",unique_normalized_exact_quote_match,88269d02b3044ddca59b013467940182218c82a9,0,Enhancing Security and Performance of gRPC-Based Microservices using HTTP/3 and AES-256 Encryption,abstract,,,
415,HTTP/3,ADDRESSES,Head-of-Line Blocking,2025,Head-of-line blocking and excessive handshake latency are two known issues with HTTP/2 that are mitigated by HTTP/3,unique_normalized_exact_quote_match,88269d02b3044ddca59b013467940182218c82a9,0,Enhancing Security and Performance of gRPC-Based Microservices using HTTP/3 and AES-256 Encryption,abstract,,,
416,Integrated Framework,APPLIED_TO,Kubernetes Microservices System,2025,High-concurrency workloads are used to implement and assess the framework in a microservices system based on Kubernetes.,unique_normalized_exact_quote_match,88269d02b3044ddca59b013467940182218c82a9,0,Enhancing Security and Performance of gRPC-Based Microservices using HTTP/3 and AES-256 Encryption,abstract,,,
417,Integrated Framework,IMPROVES,Throughput,2025,"Experimental results show a 15% improvement in throughput and a 20% reduction in latency compared to TLS 1.2 and standard HTTP/2, respectively",unique_normalized_exact_quote_match,88269d02b3044ddca59b013467940182218c82a9,0,Enhancing Security and Performance of gRPC-Based Microservices using HTTP/3 and AES-256 Encryption,abstract,,,
418,Integrated Framework,IMPROVES,Latency,2025,"Experimental results show a 15% improvement in throughput and a 20% reduction in latency compared to TLS 1.2 and standard HTTP/2, respectively",unique_normalized_exact_quote_match,88269d02b3044ddca59b013467940182218c82a9,0,Enhancing Security and Performance of gRPC-Based Microservices using HTTP/3 and AES-256 Encryption,abstract,,,
419,multi-layered Zero-Trust Security Framework,EVALUATES_ON,identity-analytics datasets,2023,"In a simulated cloud-native environment using Kubernetes and identity-analytics datasets, the framework demonstrates strong detection effectiveness",unique_normalized_exact_quote_match,ae8846723c582d9b922d68fce2fdd20ab83f2f59,0,A Multi-Layered Zero-Trust Security Framework for Cloud-Native and Distributed Enterprise Systems Using AI-Driven Identity and Access Intelligence,abstract,,,
420,multi-layered Zero-Trust Security Framework,USES,AI-driven identity and access intelligence,2023,"The framework is enhanced with AI-driven identity and access intelligence to replace static, rule-based authorization",unique_normalized_exact_quote_match,ae8846723c582d9b922d68fce2fdd20ab83f2f59,0,A Multi-Layered Zero-Trust Security Framework for Cloud-Native and Distributed Enterprise Systems Using AI-Driven Identity and Access Intelligence,abstract,,,
421,multi-layered Zero-Trust Security Framework,IMPROVES,traditional IAM,2023,outperforming traditional IAM and basic Zero-Trust baselines.,unique_normalized_exact_quote_match,ae8846723c582d9b922d68fce2fdd20ab83f2f59,0,A Multi-Layered Zero-Trust Security Framework for Cloud-Native and Distributed Enterprise Systems Using AI-Driven Identity and Access Intelligence,abstract,,,
422,layered Zero-Trust enforcement,COMBINES,AI-guided identity risk scoring,2023,combining layered Zero-Trust enforcement with AI-guided identity risk scoring,unique_normalized_exact_quote_match,ae8846723c582d9b922d68fce2fdd20ab83f2f59,0,A Multi-Layered Zero-Trust Security Framework for Cloud-Native and Distributed Enterprise Systems Using AI-Driven Identity and Access Intelligence,abstract,,,
423,multi-layered Zero-Trust Security Framework,USES,Kubernetes,2023,In a simulated cloud-native environment using Kubernetes and identity-analytics datasets,unique_normalized_exact_quote_match,ae8846723c582d9b922d68fce2fdd20ab83f2f59,0,A Multi-Layered Zero-Trust Security Framework for Cloud-Native and Distributed Enterprise Systems Using AI-Driven Identity and Access Intelligence,abstract,,,
424,layered Zero-Trust enforcement,IMPROVES,security resilience,2023,combining layered Zero-Trust enforcement with AI-guided identity risk scoring improves security resilience,unique_normalized_exact_quote_match,ae8846723c582d9b922d68fce2fdd20ab83f2f59,0,A Multi-Layered Zero-Trust Security Framework for Cloud-Native and Distributed Enterprise Systems Using AI-Driven Identity and Access Intelligence,abstract,,,
425,service mesh with integrated NIDS,ADDRESSES,lateral movement attacks,2025,"Cloud-native environments are increasingly vulnerable to lateral movement attacks that exploit misconfigured or vulnerable containers. Traditional service meshes rely on static configurations and lack runtime adaptability, while conventional NIDS operate globally, introducing latency and failing to reflect the behavioral patterns specific to containerized services. To address these limitations, we propose a service mesh with integrated NIDS",unique_normalized_exact_quote_match,2d875d04d227bb39fcb9bbcbbe11854439b37d72,0,Lightweight Service Mesh for Intrusion Detection using KD-CNN in Cloud-Native Environments,abstract,,,
426,KD-CNN+OCSVM model,COMBINES,One-Class SVM,2025,"Combined with a One-Class SVM, the system enables unsupervised, service-specific detection from unlabeled benign traffic. We evaluate our approach using real-world microservice deployments and MITRE ATT&CK-based lateral movement scenarios. Experimental results show that the proposed KD-CNN+OCSVM model",unique_normalized_exact_quote_match,2d875d04d227bb39fcb9bbcbbe11854439b37d72,0,Lightweight Service Mesh for Intrusion Detection using KD-CNN in Cloud-Native Environments,abstract,,,
427,KD-CNN+OCSVM model,EVALUATES_ON,MITRE ATT&CK-based lateral movement scenarios,2025,We evaluate our approach using real-world microservice deployments and MITRE ATT&CK-based lateral movement scenarios.,unique_normalized_exact_quote_match,2d875d04d227bb39fcb9bbcbbe11854439b37d72,0,Lightweight Service Mesh for Intrusion Detection using KD-CNN in Cloud-Native Environments,abstract,,,
428,KD-CNN+OCSVM model,IMPROVES,detection accuracy,2025,Experimental results show that the proposed KD-CNN+OCSVM model outperforms existing deep learning methods in detection accuracy,unique_normalized_exact_quote_match,2d875d04d227bb39fcb9bbcbbe11854439b37d72,0,Lightweight Service Mesh for Intrusion Detection using KD-CNN in Cloud-Native Environments,abstract,,,
429,knowledge distillation,IMPROVES,inference latency,2025,knowledge distillation reduces inference latency by up to 88.74%,unique_normalized_exact_quote_match,2d875d04d227bb39fcb9bbcbbe11854439b37d72,0,Lightweight Service Mesh for Intrusion Detection using KD-CNN in Cloud-Native Environments,abstract,,,
430,lightweight CNN encoder,USES,knowledge distillation,2025,lightweight CNN encoder obtained through knowledge distillation,unique_normalized_exact_quote_match,2d875d04d227bb39fcb9bbcbbe11854439b37d72,0,Lightweight Service Mesh for Intrusion Detection using KD-CNN in Cloud-Native Environments,abstract,,,
431,MediTrustNet,USES,Word2Vec,2026,A dual-layered trust assessment methodology that utilizes Word2Vec and BLEU to assess both the semantic and syntactic aspects of a user's access request,unique_normalized_exact_quote_match,7be5143439b57d938d2934e7f7b2720fa2c7cd12,0,Enhancing Healthcare Systems Security Using Microservices and Zero Trust,abstract,,,
432,MediTrustNet,USES,BLEU,2026,A dual-layered trust assessment methodology that utilizes Word2Vec and BLEU to assess both the semantic and syntactic aspects of a user's access request,unique_normalized_exact_quote_match,7be5143439b57d938d2934e7f7b2720fa2c7cd12,0,Enhancing Healthcare Systems Security Using Microservices and Zero Trust,abstract,,,
433,MediTrustNet,ADDRESSES,Medical Errors,2026,MediTrustNet - A Context-Aware Semantic/Syntactic Trust Assessment Model for preventing medical errors,unique_normalized_exact_quote_match,7be5143439b57d938d2934e7f7b2720fa2c7cd12,0,Enhancing Healthcare Systems Security Using Microservices and Zero Trust,abstract,,,
434,MicroShieldEHR,USES,Service Mesh,2026,"A micro-service based EHR system utilizing Service Mesh, OAuth2, and dynamic policy engines to enforce ZTS at service-level boundaries",unique_normalized_exact_quote_match,7be5143439b57d938d2934e7f7b2720fa2c7cd12,0,Enhancing Healthcare Systems Security Using Microservices and Zero Trust,abstract,,,
435,MicroShieldEHR,USES,OAuth2,2026,"A micro-service based EHR system utilizing Service Mesh, OAuth2, and dynamic policy engines to enforce ZTS at service-level boundaries",unique_normalized_exact_quote_match,7be5143439b57d938d2934e7f7b2720fa2c7cd12,0,Enhancing Healthcare Systems Security Using Microservices and Zero Trust,abstract,,,
436,MicroShieldEHR,APPLIED_TO,Hospital Network,2026,if our framework is applied to a production environment like that of a typical hospital network,unique_normalized_exact_quote_match,7be5143439b57d938d2934e7f7b2720fa2c7cd12,0,Enhancing Healthcare Systems Security Using Microservices and Zero Trust,abstract,,,
437,MediTrustNet,EVALUATES_ON,Accuracy,2026,"evaluate the performance of our integrated MediTrustNet and MicroShieldEHR system according to three evaluation criteria (Accuracy, Latency, Decision Quality)",unique_normalized_exact_quote_match,7be5143439b57d938d2934e7f7b2720fa2c7cd12,0,Enhancing Healthcare Systems Security Using Microservices and Zero Trust,abstract,,,
438,MediTrustNet,EVALUATES_ON,Latency,2026,"evaluate the performance of our integrated MediTrustNet and MicroShieldEHR system according to three evaluation criteria (Accuracy, Latency, Decision Quality)",unique_normalized_exact_quote_match,7be5143439b57d938d2934e7f7b2720fa2c7cd12,0,Enhancing Healthcare Systems Security Using Microservices and Zero Trust,abstract,,,
439,MediTrustNet,PRODUCES,Maximum F1 score of 94.2% in determining high-risk requests,2026,Our results show a maximum F1 score of 94.2% in determining high-risk requests with an average of only 190 ms of increased latency.,unique_normalized_exact_quote_match,7be5143439b57d938d2934e7f7b2720fa2c7cd12,0,Enhancing Healthcare Systems Security Using Microservices and Zero Trust,abstract,,,
440,endogenous security framework,APPLIED_TO,power dispatching systems,2025,This paper presents an endogenous security framework that integrates SM2/SM4-based encrypted communication... offering a practical model for resilient power dispatching security.,unmatched_quote,,,,,,,
441,endogenous security framework,USES,SM2/SM4-based encrypted communication,2025,"This paper presents an endogenous security framework that integrates SM2/SM4-based encrypted communication, zero-trust access control, and runtime anomaly detection.",unique_normalized_exact_quote_match,f4e3aecf2114ee8176ad51e9c1366181dbbc5856,0,Research on Cross-Domain Attack Defense and Endogenous Security Mechanism in Power Dispatching Systems Based on Microservices,abstract,,,
442,endogenous security framework,USES,zero-trust access control,2025,"This paper presents an endogenous security framework that integrates SM2/SM4-based encrypted communication, zero-trust access control, and runtime anomaly detection.",unique_normalized_exact_quote_match,f4e3aecf2114ee8176ad51e9c1366181dbbc5856,0,Research on Cross-Domain Attack Defense and Endogenous Security Mechanism in Power Dispatching Systems Based on Microservices,abstract,,,
443,endogenous security framework,USES,runtime anomaly detection,2025,"This paper presents an endogenous security framework that integrates SM2/SM4-based encrypted communication, zero-trust access control, and runtime anomaly detection.",unique_normalized_exact_quote_match,f4e3aecf2114ee8176ad51e9c1366181dbbc5856,0,Research on Cross-Domain Attack Defense and Endogenous Security Mechanism in Power Dispatching Systems Based on Microservices,abstract,,,
444,OPA-UEBA,ADDRESSES,fine-grained authorization,2025,while OPA-UEBA enforces fine-grained authorization,unique_normalized_exact_quote_match,f4e3aecf2114ee8176ad51e9c1366181dbbc5856,0,Research on Cross-Domain Attack Defense and Endogenous Security Mechanism in Power Dispatching Systems Based on Microservices,abstract,,,
445,eBPF with IsolationForest,ADDRESSES,real-time threat detection,2025,and eBPF with IsolationForest enables real-time threat detection.,unique_normalized_exact_quote_match,f4e3aecf2114ee8176ad51e9c1366181dbbc5856,0,Research on Cross-Domain Attack Defense and Endogenous Security Mechanism in Power Dispatching Systems Based on Microservices,abstract,,,
446,eBPF,COMBINES,IsolationForest,2025,and eBPF with IsolationForest enables real-time threat detection.,unique_normalized_exact_quote_match,f4e3aecf2114ee8176ad51e9c1366181dbbc5856,0,Research on Cross-Domain Attack Defense and Endogenous Security Mechanism in Power Dispatching Systems Based on Microservices,abstract,,,
447,endogenous security framework,PRODUCES,link integrity,2025,"Experiments demonstrate over 99% link integrity, 97% node trust, 98% access accuracy, and sub- 150 ms latency",unique_normalized_exact_quote_match,f4e3aecf2114ee8176ad51e9c1366181dbbc5856,0,Research on Cross-Domain Attack Defense and Endogenous Security Mechanism in Power Dispatching Systems Based on Microservices,abstract,,,
448,endogenous security framework,ADDRESSES,link hijacking,2025,"exposing risks such as link hijacking, container escape, and cross-domain privilege escalation. This paper presents an endogenous security framework",unique_normalized_exact_quote_match,f4e3aecf2114ee8176ad51e9c1366181dbbc5856,0,Research on Cross-Domain Attack Defense and Endogenous Security Mechanism in Power Dispatching Systems Based on Microservices,abstract,,,
449,LP+SAC framework,COMBINES,Soft Actor-Critic (SAC) reinforcement learning agent,2026,a hybrid linear programming (LP) approach enhanced by a Soft Actor-Critic (SAC) reinforcement learning agent and iterative rounding is proposed.,unique_normalized_exact_quote_match,53ee6b8cd718beba5519a8672bfc36237a8ab774,0,Deep Reinforcement Learning-based Microservices Placement under Zero Trust Security Framework in Smart Grid,abstract,,,
450,LP+SAC framework,ADDRESSES,microservice placement optimization problem,2026,"This paper models the secure deployment task as a microservice placement optimization problem and formulates it as an integer linear program (ILP). To address ILP scalability limits, a hybrid linear programming (LP) approach enhanced by a Soft Actor-Critic (SAC) reinforcement learning agent and iterative rounding is proposed.",unique_normalized_exact_quote_match,53ee6b8cd718beba5519a8672bfc36237a8ab774,0,Deep Reinforcement Learning-based Microservices Placement under Zero Trust Security Framework in Smart Grid,abstract,,,
451,LP+SAC framework,IMPROVES,runtime,2026,Results show that the proposed LP+SAC framework achieves near-optimal deployment with significantly reduced runtime,unique_normalized_exact_quote_match,53ee6b8cd718beba5519a8672bfc36237a8ab774,0,Deep Reinforcement Learning-based Microservices Placement under Zero Trust Security Framework in Smart Grid,abstract,,,
452,LP+SAC framework,IMPROVES,robustness,2026,Results show that the proposed LP+SAC framework achieves near-optimal deployment with significantly reduced runtime and strong robustness,unique_normalized_exact_quote_match,53ee6b8cd718beba5519a8672bfc36237a8ab774,0,Deep Reinforcement Learning-based Microservices Placement under Zero Trust Security Framework in Smart Grid,abstract,,,
453,zero trust model,ADDRESSES,security challenges,2026,"However, its numerous access points introduce severe security challenges. The zero trust model, guided by the principle of “never trust, always verify,” offers a promising solution",unique_normalized_exact_quote_match,53ee6b8cd718beba5519a8672bfc36237a8ab774,0,Deep Reinforcement Learning-based Microservices Placement under Zero Trust Security Framework in Smart Grid,abstract,,,
454,microservices architecture,IMPROVES,scalability,2026,Microservices architecture improves scalability and flexibility in modern distributed systems,unique_normalized_exact_quote_match,d1d5f63afc99e27b8d6ec62d4dd3ceb8c2db3407,0,Layered Security Model for JWT-Based Authentication and Authorization in Golang Echo REST APIs,abstract,,,
455,microservices architecture,IMPROVES,flexibility,2026,Microservices architecture improves scalability and flexibility in modern distributed systems,unique_normalized_exact_quote_match,d1d5f63afc99e27b8d6ec62d4dd3ceb8c2db3407,0,Layered Security Model for JWT-Based Authentication and Authorization in Golang Echo REST APIs,abstract,,,
456,layered security model,APPLIED_TO,RESTful Application Programming Interface,2026,designed and evaluated a layered security model for a RESTful Application Programming Interface,unique_normalized_exact_quote_match,d1d5f63afc99e27b8d6ec62d4dd3ceb8c2db3407,0,Layered Security Model for JWT-Based Authentication and Authorization in Golang Echo REST APIs,abstract,,,
457,RESTful Application Programming Interface,USES,Go Echo framework,2026,RESTful Application Programming Interface built with the Go Echo framework,unique_normalized_exact_quote_match,d1d5f63afc99e27b8d6ec62d4dd3ceb8c2db3407,0,Layered Security Model for JWT-Based Authentication and Authorization in Golang Echo REST APIs,abstract,,,
458,layered security model,COMBINES,JSON Web Token authentication,2026,combines JSON Web Token authentication using asymmetric cryptography with a token versioning mechanism,unique_normalized_exact_quote_match,d1d5f63afc99e27b8d6ec62d4dd3ceb8c2db3407,0,Layered Security Model for JWT-Based Authentication and Authorization in Golang Echo REST APIs,abstract,,,
459,layered security model,COMBINES,Role-Based Access Control,2026,pairs Role-Based Access Control with Attribute-Based Access Control,unique_normalized_exact_quote_match,d1d5f63afc99e27b8d6ec62d4dd3ceb8c2db3407,0,Layered Security Model for JWT-Based Authentication and Authorization in Golang Echo REST APIs,abstract,,,
460,layered security model,COMBINES,Attribute-Based Access Control,2026,pairs Role-Based Access Control with Attribute-Based Access Control,unique_normalized_exact_quote_match,d1d5f63afc99e27b8d6ec62d4dd3ceb8c2db3407,0,Layered Security Model for JWT-Based Authentication and Authorization in Golang Echo REST APIs,abstract,,,
461,layered security model,ADDRESSES,privilege escalation vulnerabilities,2026,All simulated unauthorized access scenarios — including vertical and horizontal privilege escalation attempts — were successfully blocked.,unique_normalized_exact_quote_match,d1d5f63afc99e27b8d6ec62d4dd3ceb8c2db3407,0,Layered Security Model for JWT-Based Authentication and Authorization in Golang Echo REST APIs,abstract,,,
462,layered security model,EVALUATES_ON,average response time,2026,The average response time under the fully secured configuration measured 24.9 ms,unique_normalized_exact_quote_match,d1d5f63afc99e27b8d6ec62d4dd3ceb8c2db3407,0,Layered Security Model for JWT-Based Authentication and Authorization in Golang Echo REST APIs,abstract,,,
463,separating authentication and authorization at the service level,PRODUCES,security gains,2026,separating authentication and authorization at the service level produces measurable security gains,unique_normalized_exact_quote_match,d1d5f63afc99e27b8d6ec62d4dd3ceb8c2db3407,0,Layered Security Model for JWT-Based Authentication and Authorization in Golang Echo REST APIs,abstract,,,
464,proposed architecture,APPLIED_TO,SDN-microservices environments,2026,"Securing SDN-microservices environments requires a coherent orchestration of identity, authentication, and authorization policies. This paper proposes an architecture integrating FreeIPA",unique_normalized_exact_quote_match,22ace70b22f48955ed083a85771451d7a837b602,0,Security Policy Orchestration in SDN–Microservices Environments,abstract,,,
465,proposed architecture,USES,FreeIPA,2026,This paper proposes an architecture integrating FreeIPA for centralized identity management,unique_normalized_exact_quote_match,22ace70b22f48955ed083a85771451d7a837b602,0,Security Policy Orchestration in SDN–Microservices Environments,abstract,,,
466,proposed architecture,USES,Keycloak,2026,"integrating FreeIPA for centralized identity management, Keycloak for federated authentication",unique_normalized_exact_quote_match,22ace70b22f48955ed083a85771451d7a837b602,0,Security Policy Orchestration in SDN–Microservices Environments,abstract,,,
467,proposed architecture,USES,Open Policy Agent,2026,Open Policy Agent for declarative policy-as-code authorization,unique_normalized_exact_quote_match,22ace70b22f48955ed083a85771451d7a837b602,0,Security Policy Orchestration in SDN–Microservices Environments,abstract,,,
468,proposed architecture,USES,VXLAN,2026,and VXLAN for multitenant network segmentation.,unique_normalized_exact_quote_match,22ace70b22f48955ed083a85771451d7a837b602,0,Security Policy Orchestration in SDN–Microservices Environments,abstract,,,
469,Keycloak,USES,OAuth2/OIDC,2026,Keycloak for federated authentication using OAuth2/OIDC,unique_normalized_exact_quote_match,22ace70b22f48955ed083a85771451d7a837b602,0,Security Policy Orchestration in SDN–Microservices Environments,abstract,,,
470,proposed architecture,ADDRESSES,Zero Trust principles,2026,The results confirm the feasibility of secure orchestration aligned with Zero Trust principles,unique_normalized_exact_quote_match,22ace70b22f48955ed083a85771451d7a837b602,0,Security Policy Orchestration in SDN–Microservices Environments,abstract,,,
471,experimental validation,PRODUCES,0% inter-tenant leakage,2026,"Experimental validation in a distributed environment demonstrates the effective integration of federated authentication, dynamic policy evaluation based on JWT claims, and network isolation with 0% inter-tenant leakage.",unique_normalized_exact_quote_match,22ace70b22f48955ed083a85771451d7a837b602,0,Security Policy Orchestration in SDN–Microservices Environments,abstract,,,
472,JSON Web Tokens (JWT),ADDRESSES,autenticação e autorização em microsserviços,2023,"soluções para mitigar tais problemas, como o uso de JSON Web Tokens (JWT)",unique_normalized_exact_quote_match,0052f3873f6941a73956370b59c7928ab2317d51,0,Desafios da Autenticação e Autorização na Comunicação entre Serviços em Arquiteturas de Microsserviços,abstract,,,
473,OAuth 2.0,ADDRESSES,autenticação e autorização em microsserviços,2023,"soluções para mitigar tais problemas, como o uso de ... OAuth 2.0",unmatched_quote,,,,,,,
474,protocolo mTLS (Mutual Transport Layer Security),ADDRESSES,autenticação e autorização em microsserviços,2023,"soluções para mitigar tais problemas, como o uso de ... protocolo mTLS (Mutual Transport Layer Security)",unmatched_quote,,,,,,,
475,Role-based Access Control Model (RBAC),ADDRESSES,autenticação e autorização em microsserviços,2023,"soluções para mitigar tais problemas, como o uso de ... Role-based Access Control Model (RBAC)",unmatched_quote,,,,,,,
476,OpenID Connect,ADDRESSES,autenticação e autorização em microsserviços,2023,"soluções para mitigar tais problemas, como o uso de ... OpenID Connect",unmatched_quote,,,,,,,
477,Single Sign-On (SSO),ADDRESSES,autenticação e autorização em microsserviços,2023,"soluções para mitigar tais problemas, como o uso de ... Single Sign-On (SSO)",unmatched_quote,,,,,,,
478,API Gateway,ADDRESSES,autenticação e autorização em microsserviços,2023,"soluções para mitigar tais problemas, como o uso de ... API Gateway",unmatched_quote,,,,,,,
479,"authentication, authorization, and audit patterns",APPLIED_TO,WCF,2026,"This paper presents authentication, authorization, and audit patterns that work across WCF, JAX-RS, and Spring Boot services",unique_normalized_exact_quote_match,1a067884b367eac04e1bbd1da7de0fd4a50754d7,0,"Securing Microservice Communication across WCF, JAX-RS, and Spring Boot: Authentication, Authorization, and Audit Patterns for Healthcare Interoperability",abstract,,,
480,"authentication, authorization, and audit patterns",APPLIED_TO,JAX-RS,2026,"This paper presents authentication, authorization, and audit patterns that work across WCF, JAX-RS, and Spring Boot services",unique_normalized_exact_quote_match,1a067884b367eac04e1bbd1da7de0fd4a50754d7,0,"Securing Microservice Communication across WCF, JAX-RS, and Spring Boot: Authentication, Authorization, and Audit Patterns for Healthcare Interoperability",abstract,,,
481,"authentication, authorization, and audit patterns",APPLIED_TO,Spring Boot,2026,"This paper presents authentication, authorization, and audit patterns that work across WCF, JAX-RS, and Spring Boot services",unique_normalized_exact_quote_match,1a067884b367eac04e1bbd1da7de0fd4a50754d7,0,"Securing Microservice Communication across WCF, JAX-RS, and Spring Boot: Authentication, Authorization, and Audit Patterns for Healthcare Interoperability",abstract,,,
482,"authentication, authorization, and audit patterns",APPLIED_TO,healthcare integration setting,2026,with specific attention to the healthcare integration setting in which these services exchange protected health information.,unique_normalized_exact_quote_match,1a067884b367eac04e1bbd1da7de0fd4a50754d7,0,"Securing Microservice Communication across WCF, JAX-RS, and Spring Boot: Authentication, Authorization, and Audit Patterns for Healthcare Interoperability",abstract,,,
483,"authentication, authorization, and audit patterns",USES,OAuth 2.0,2026,The patterns cover OAuth 2.0 and OpenID Connect token validation in each stack,unique_normalized_exact_quote_match,1a067884b367eac04e1bbd1da7de0fd4a50754d7,0,"Securing Microservice Communication across WCF, JAX-RS, and Spring Boot: Authentication, Authorization, and Audit Patterns for Healthcare Interoperability",abstract,,,
484,"authentication, authorization, and audit patterns",USES,mutual TLS,2026,mutual TLS as a transport-level complement to token-based authentication,unique_normalized_exact_quote_match,1a067884b367eac04e1bbd1da7de0fd4a50754d7,0,"Securing Microservice Communication across WCF, JAX-RS, and Spring Boot: Authentication, Authorization, and Audit Patterns for Healthcare Interoperability",abstract,,,
485,"authentication, authorization, and audit patterns",USES,attribute-based access control,2026,attribute-based access control at the service boundary,unique_normalized_exact_quote_match,1a067884b367eac04e1bbd1da7de0fd4a50754d7,0,"Securing Microservice Communication across WCF, JAX-RS, and Spring Boot: Authentication, Authorization, and Audit Patterns for Healthcare Interoperability",abstract,,,
486,"authentication, authorization, and audit patterns",USES,audit logging,2026,and audit logging that satisfies both regulatory requirements and operational debugging needs.,unique_normalized_exact_quote_match,1a067884b367eac04e1bbd1da7de0fd4a50754d7,0,"Securing Microservice Communication across WCF, JAX-RS, and Spring Boot: Authentication, Authorization, and Audit Patterns for Healthcare Interoperability",abstract,,,
487,audit logging,ADDRESSES,regulatory requirements,2026,audit logging that satisfies both regulatory requirements and operational debugging needs.,unique_normalized_exact_quote_match,1a067884b367eac04e1bbd1da7de0fd4a50754d7,0,"Securing Microservice Communication across WCF, JAX-RS, and Spring Boot: Authentication, Authorization, and Audit Patterns for Healthcare Interoperability",abstract,,,
488,audit logging,ADDRESSES,operational debugging needs,2026,audit logging that satisfies both regulatory requirements and operational debugging needs.,unique_normalized_exact_quote_match,1a067884b367eac04e1bbd1da7de0fd4a50754d7,0,"Securing Microservice Communication across WCF, JAX-RS, and Spring Boot: Authentication, Authorization, and Audit Patterns for Healthcare Interoperability",abstract,,,
489,microservices,USES,continuous delivery,2024,Application development based on microservices allows leveraging continuous delivery to efficiently reach the market.,unique_normalized_exact_quote_match,9d53a29eb5f26766b19dea4ef45dc265d287567e,0,Towards a Metric for Reuse of Microservice Intrusion Detection Models,abstract,,,
490,profile reutilization metric,USES,source code data,2024,"It leverages data from the service’s source code, its runtime data and algorithm patterns",unique_normalized_exact_quote_match,9d53a29eb5f26766b19dea4ef45dc265d287567e,0,Towards a Metric for Reuse of Microservice Intrusion Detection Models,abstract,,,
491,profile reutilization metric,USES,runtime data,2024,"It leverages data from the service’s source code, its runtime data and algorithm patterns",unique_normalized_exact_quote_match,9d53a29eb5f26766b19dea4ef45dc265d287567e,0,Towards a Metric for Reuse of Microservice Intrusion Detection Models,abstract,,,
492,profile reutilization metric,APPLIED_TO,four service versions within a microservices application,2024,We apply it to four service versions within a microservices application to validate if we are on the correct path towards a valid and useful metric.,unique_normalized_exact_quote_match,9d53a29eb5f26766b19dea4ef45dc265d287567e,0,Towards a Metric for Reuse of Microservice Intrusion Detection Models,abstract,,,
493,edge computing,APPLIED_TO,Internet of Things,2023,The paradigm of edge computing has formed an innovative scope within the domain of the Internet of Things (IoT),unique_normalized_exact_quote_match,514a96af287ab19a399479f91ae91a28b1593c5c,0,AI-Enabled Secure Microservices in Edge Computing: Opportunities and Challenges,abstract,,,
494,Microservices-based edge computing framework,USES,containerization technology,2023,We also propose a Microservices-based edge computing framework that provides secure edge AI algorithms as Microservices utilizing the containerization technology,unique_normalized_exact_quote_match,514a96af287ab19a399479f91ae91a28b1593c5c,0,AI-Enabled Secure Microservices in Edge Computing: Opportunities and Challenges,abstract,,,
495,Microservices-based edge computing framework,PRODUCES,secure AI-based applications,2023,We also propose a Microservices-based edge computing framework that provides secure edge AI algorithms as Microservices utilizing the containerization technology to offer automated and secure AI-based applications at the network edge.,unique_normalized_exact_quote_match,514a96af287ab19a399479f91ae91a28b1593c5c,0,AI-Enabled Secure Microservices in Edge Computing: Opportunities and Challenges,abstract,,,
496,AI Microservices,APPLIED_TO,edge computing,2023,securing edge computing-based AI Microservices to elucidate the challenges of IoT management,unique_normalized_exact_quote_match,514a96af287ab19a399479f91ae91a28b1593c5c,0,AI-Enabled Secure Microservices in Edge Computing: Opportunities and Challenges,abstract,,,
497,fifteen machine/deep learning models,APPLIED_TO,manually constructed dataset,2021,"We applied these models on a manually constructed dataset consisting of 4,813 security discussions and 12,464 non-security discussions.",unique_normalized_exact_quote_match,a0eba00e24181e1010b0f3913af128b0b9bf8e21,0,Automated Identification of Security Discussions in Microservices Systems: Industrial Surveys and Experiments,abstract,,,
498,DeepM1,IMPROVES,three baselines,2021,"DeepM1, a deep learning model, performs the best, achieving above 84% in all metrics and significantly outperforms three baselines.",unique_normalized_exact_quote_match,a0eba00e24181e1010b0f3913af128b0b9bf8e21,0,Automated Identification of Security Discussions in Microservices Systems: Industrial Surveys and Experiments,abstract,,,
499,security discussions,ADDRESSES,lack of awareness and knowledge of microservices-specific security challenges,2021,Lack of awareness and knowledge of microservices-specific security challenges and solutions often leads to ill-informed security decisions in microservices system development. We claim that identifying and leveraging security discussions scattered in existing microservices systems can partially close this gap.,unique_normalized_exact_quote_match,a0eba00e24181e1010b0f3913af128b0b9bf8e21,0,Automated Identification of Security Discussions in Microservices Systems: Industrial Surveys and Experiments,abstract,,,
500,fifteen machine/deep learning models,EVALUATES_ON,"average precision, recall, F1-score, AUC, and G-mean",2021,"We found that all the models can effectively identify security discussions: an average precision of 84.86%, recall of 72.80%, F1-score of 77.89%, AUC of 83.75% and G-mean 82.77%.",unique_normalized_exact_quote_match,a0eba00e24181e1010b0f3913af128b0b9bf8e21,0,Automated Identification of Security Discussions in Microservices Systems: Industrial Surveys and Experiments,abstract,,,
501,hybrid program analysis framework,PRODUCES,stateful system call policies,2024,hybrid program analysis framework that automates the synthesis of stateful system call policies,unique_normalized_exact_quote_match,591c7bff41a759d6152743c074092172dcf58087,0,Automated Synthesis of Effect Graph Policies for Microservice-Aware Stateful System Call Specialization,abstract,,,
502,hybrid program analysis framework,USES,symbolic micro-execution,2024,symbolically micro-executing the corresponding container's binary entrypoint,unique_normalized_exact_quote_match,591c7bff41a759d6152743c074092172dcf58087,0,Automated Synthesis of Effect Graph Policies for Microservice-Aware Stateful System Call Specialization,abstract,,,
503,hybrid program analysis framework,EVALUATES_ON,DARPA Cyber Grand Challenge (CGC) corpus,2024,synthesizing security policies for 25 challenges in the DARPA Cyber Grand Challenge (CGC) corpus,unique_normalized_exact_quote_match,591c7bff41a759d6152743c074092172dcf58087,0,Automated Synthesis of Effect Graph Policies for Microservice-Aware Stateful System Call Specialization,abstract,,,
504,hybrid program analysis framework,APPLIED_TO,NGINX web server,2024,"5 real-world containerized programs, including the widely used NGINX web server",unique_normalized_exact_quote_match,591c7bff41a759d6152743c074092172dcf58087,0,Automated Synthesis of Effect Graph Policies for Microservice-Aware Stateful System Call Specialization,abstract,,,
505,hybrid program analysis framework,PRODUCES,concise reference application models,2024,accurately extract concise reference application models for security monitoring,unique_normalized_exact_quote_match,591c7bff41a759d6152743c074092172dcf58087,0,Automated Synthesis of Effect Graph Policies for Microservice-Aware Stateful System Call Specialization,abstract,,,
506,Ab-HIDS,USES,frequency of N-grams system calls,2024,This system employs the frequency of N‐grams system calls as distinctive features.,unique_normalized_exact_quote_match,6bc01158cf9d3d012f9ea74688034c6c0a0aafe9,0,Ab‐HIDS: An anomaly‐based host intrusion detection system using frequency of N‐gram system call features and ensemble learning for containerized environment,abstract,,,
507,Ab-HIDS,USES,voting-based ensemble learning,2024,"two ensemble learning models, namely voting‐based ensemble learning and XGBoost ensemble learning, are employed for training and testing the data.",unique_normalized_exact_quote_match,6bc01158cf9d3d012f9ea74688034c6c0a0aafe9,0,Ab‐HIDS: An anomaly‐based host intrusion detection system using frequency of N‐gram system call features and ensemble learning for containerized environment,abstract,,,
508,Ab-HIDS,USES,XGBoost ensemble learning,2024,"two ensemble learning models, namely voting‐based ensemble learning and XGBoost ensemble learning, are employed for training and testing the data.",unique_normalized_exact_quote_match,6bc01158cf9d3d012f9ea74688034c6c0a0aafe9,0,Ab‐HIDS: An anomaly‐based host intrusion detection system using frequency of N‐gram system call features and ensemble learning for containerized environment,abstract,,,
509,Ab-HIDS,EVALUATES_ON,Leipzig Intrusion Detection Data Set (LID-DS),2024,"The proposed system is evaluated using the Leipzig Intrusion Detection Data Set (LID‐DS), demonstrating substantial performance compared to existing state‐of‐the‐art methods.",unique_normalized_exact_quote_match,6bc01158cf9d3d012f9ea74688034c6c0a0aafe9,0,Ab‐HIDS: An anomaly‐based host intrusion detection system using frequency of N‐gram system call features and ensemble learning for containerized environment,abstract,,,
510,Ab-HIDS,USES,synthetic minority over-sampling technique,2024,Ab‐HIDS is validated for class imbalance using the imbalance ratio and synthetic minority over‐sampling technique methods.,unique_normalized_exact_quote_match,6bc01158cf9d3d012f9ea74688034c6c0a0aafe9,0,Ab‐HIDS: An anomaly‐based host intrusion detection system using frequency of N‐gram system call features and ensemble learning for containerized environment,abstract,,,
511,Ab-HIDS,IMPROVES,detection accuracy,2024,Our system achieved significant improvements in detection accuracy with 4% increase for the voting‐based ensemble model and 6% increase for the XGBoost ensemble model.,unique_normalized_exact_quote_match,6bc01158cf9d3d012f9ea74688034c6c0a0aafe9,0,Ab‐HIDS: An anomaly‐based host intrusion detection system using frequency of N‐gram system call features and ensemble learning for containerized environment,abstract,,,
512,Ab-HIDS,IMPROVES,false positive rate,2024,"Additionally, we observed reductions in the false positive rate by 0.9% and 0.8% for these models, respectively, compared to existing state‐of‐the‐art methods.",unique_normalized_exact_quote_match,6bc01158cf9d3d012f9ea74688034c6c0a0aafe9,0,Ab‐HIDS: An anomaly‐based host intrusion detection system using frequency of N‐gram system call features and ensemble learning for containerized environment,abstract,,,
513,Ab-HIDS,ADDRESSES,container security,2024,The article focuses on developing an intrusion detection system tailored to containerized cloud environments by identifying system call analysis techniques,unique_normalized_exact_quote_match,6bc01158cf9d3d012f9ea74688034c6c0a0aafe9,0,Ab‐HIDS: An anomaly‐based host intrusion detection system using frequency of N‐gram system call features and ensemble learning for containerized environment,abstract,,,
514,OWASP API Security Top Ten,APPLIED_TO,Digital Image Marketplace,2024,The objective of this paper is to demonstrate the application of the Open Web Application Security Project (OWASP) API Security Top Ten guidelines through a practical example: a digital image marketplace,unique_normalized_exact_quote_match,d166967cfeacb255278bf2338fe9bc297c6f6f97,0,A Secure Digital Image Marketplace: Microservices and OWASP API Security Using Spring Boot,abstract,,,
515,Digital Image Marketplace,USES,Spring Boot,2024,a digital image marketplace developed using the Spring Boot framework.,unique_normalized_exact_quote_match,d166967cfeacb255278bf2338fe9bc297c6f6f97,0,A Secure Digital Image Marketplace: Microservices and OWASP API Security Using Spring Boot,abstract,,,
516,OWASP API Security Top Ten,ADDRESSES,Vulnerabilities in Web APIs,2024,This research identifies the most common vulnerabilities in web APIs and offers a foundational guide for web developers to enhance security from the outset. The objective of this paper is to demonstrate the application of the Open Web Application Security Project (OWASP) API Security Top Ten guidelines,unique_normalized_exact_quote_match,d166967cfeacb255278bf2338fe9bc297c6f6f97,0,A Secure Digital Image Marketplace: Microservices and OWASP API Security Using Spring Boot,abstract,,,
517,dynamic access control model,ADDRESSES,security access control issues,2023,"Aiming at solving security access control issues such as frequent user authentication and unauthorized access faced by power micro-applications, this paper proposes a dynamic access control model",unique_normalized_exact_quote_match,b87521a3d41cd92aee072c6eb1b20566e768ae1d,0,Trust-Based Dynamic Access Control Model for Power Micro-Applications,abstract,,,
518,dynamic access control model,APPLIED_TO,micro-applications,2023,applies trust evaluation and access control to micro-applications,unique_normalized_exact_quote_match,b87521a3d41cd92aee072c6eb1b20566e768ae1d,0,Trust-Based Dynamic Access Control Model for Power Micro-Applications,abstract,,,
519,trust threshold setting algorithm,PRODUCES,dynamic adjustment of user permissions,2023,"trust threshold setting algorithm, which realizes fine-grained dynamic trust perception and dynamic adjustment of user permissions",unique_normalized_exact_quote_match,b87521a3d41cd92aee072c6eb1b20566e768ae1d,0,Trust-Based Dynamic Access Control Model for Power Micro-Applications,abstract,,,
520,secondary development of the API gateway,IMPROVES,existing security protection,2023,"through the secondary development of the Application Programming Interface (API) gateway, this paper not only unifies the identity authentication methods between different micro-applications, but also strengthens the existing security protection.",unique_normalized_exact_quote_match,b87521a3d41cd92aee072c6eb1b20566e768ae1d,0,Trust-Based Dynamic Access Control Model for Power Micro-Applications,abstract,,,
521,DQN-based microservice container placement algorithm (MsCPA),ADDRESSES,co-resident threats of cloud-native applications,2023,proposes a DQN-based microservice container placement algorithm (MsCPA) to optimize the solution of the co-resident threats of cloud-native applications,unique_normalized_exact_quote_match,fee388be9efce310044a5b944fecd70aa077310c,0,A Security Containers Placement Algorithm Based on DQN for Microservices to Defend Against Co-Resident Threat,abstract,,,
522,DQN-based microservice container placement algorithm (MsCPA),ADDRESSES,load balance,2023,proposes a DQN-based microservice container placement algorithm (MsCPA) to optimize the solution of the co-resident threats of cloud-native applications and the load balance,unique_normalized_exact_quote_match,fee388be9efce310044a5b944fecd70aa077310c,0,A Security Containers Placement Algorithm Based on DQN for Microservices to Defend Against Co-Resident Threat,abstract,,,
523,DQN-based microservice container placement algorithm (MsCPA),IMPROVES,co-resident threat propagation range,2023,Simulation results show that the container placement algorithms in this paper reduce the co-resident threat propagation range by 18.06% on average,unique_normalized_exact_quote_match,fee388be9efce310044a5b944fecd70aa077310c,0,A Security Containers Placement Algorithm Based on DQN for Microservices to Defend Against Co-Resident Threat,abstract,,,
524,DQN-based microservice container placement algorithm (MsCPA),IMPROVES,load balancing performance,2023,improving load balancing performance by 13.97%,unique_normalized_exact_quote_match,fee388be9efce310044a5b944fecd70aa077310c,0,A Security Containers Placement Algorithm Based on DQN for Microservices to Defend Against Co-Resident Threat,abstract,,,
525,Static Code Analysis,ADDRESSES,Security Vulnerabilities,2024,This research analyzes the available security vulnerabilities throughout the process of migration states for static code analysis,unique_normalized_exact_quote_match,2ec8f3f39b3e9edbfc028ad7e7b29536990977ae,0,Addressing Security Issues during Decomposing Golang Monolithic Applications into Microservices through Code Analysis,abstract,,,
526,Refactoring,APPLIED_TO,Legacy Monolithic Systems,2024,the most discussed approach is to rebuild or refactor the legacy system to microservice-based architecture,unique_normalized_exact_quote_match,2ec8f3f39b3e9edbfc028ad7e7b29536990977ae,0,Addressing Security Issues during Decomposing Golang Monolithic Applications into Microservices through Code Analysis,abstract,,,
527,Microservice Security Analysis,ADDRESSES,Security Vulnerabilities,2024,numerous research on microservice security analysis has been proposed. This research analyzes the available security vulnerabilities,unique_normalized_exact_quote_match,2ec8f3f39b3e9edbfc028ad7e7b29536990977ae,0,Addressing Security Issues during Decomposing Golang Monolithic Applications into Microservices through Code Analysis,abstract,,,
528,Microservices framework,APPLIED_TO,IoT systems,2024,The re-conceptualization of fundamental elements from traditional monolithic structures to the Microservices framework has emerged as a vital vision for the future of IoT systems.,unique_normalized_exact_quote_match,f713cfe763eb6b25928c5b176285d42f9b551ef7,0,A Contemporary Secure Microservices Discovery Architecture with Service Tags for Smart City Infrastructures,abstract,,,
529,secure service discovery architecture,ADDRESSES,Microservices-related challenges in IoT systems,2024,Experimental results and performance metrics will be analyzed to provide empirical evidence of the viability and effectiveness of our proposed methodology in addressing Microservices-related challenges in IoT systems.,unique_normalized_exact_quote_match,f713cfe763eb6b25928c5b176285d42f9b551ef7,0,A Contemporary Secure Microservices Discovery Architecture with Service Tags for Smart City Infrastructures,abstract,,,
530,secure service discovery architecture,USES,advanced encryption techniques,2024,"This methodology employs advanced encryption techniques, authentication protocols, and authorization mechanisms to safeguard Microservices in IoT.",unique_normalized_exact_quote_match,f713cfe763eb6b25928c5b176285d42f9b551ef7,0,A Contemporary Secure Microservices Discovery Architecture with Service Tags for Smart City Infrastructures,abstract,,,
531,secure service discovery architecture,USES,authentication protocols,2024,"This methodology employs advanced encryption techniques, authentication protocols, and authorization mechanisms to safeguard Microservices in IoT.",unique_normalized_exact_quote_match,f713cfe763eb6b25928c5b176285d42f9b551ef7,0,A Contemporary Secure Microservices Discovery Architecture with Service Tags for Smart City Infrastructures,abstract,,,
532,secure service discovery architecture,USES,authorization mechanisms,2024,"This methodology employs advanced encryption techniques, authentication protocols, and authorization mechanisms to safeguard Microservices in IoT.",unique_normalized_exact_quote_match,f713cfe763eb6b25928c5b176285d42f9b551ef7,0,A Contemporary Secure Microservices Discovery Architecture with Service Tags for Smart City Infrastructures,abstract,,,
533,mathematical framework,APPLIED_TO,secure service discovery architecture,2024,"A mathematical framework is introduced to formalize and implement these security measures, ensuring a robust and reliable approach to Microservices adoption in the IoT ecosystem.",unique_normalized_exact_quote_match,f713cfe763eb6b25928c5b176285d42f9b551ef7,0,A Contemporary Secure Microservices Discovery Architecture with Service Tags for Smart City Infrastructures,abstract,,,
534,Sec-Llama,ADDRESSES,intrusion detection,2025,"We developed Sec-Llama, a compact LLM for intrusion detection.",unique_normalized_exact_quote_match,cb4edfb16c2c8e709635eec08eb93bf8b934b93e,0,Sec-Llama: a Compact Fine-Tuned LLM for Network Intrusion Detection in Kubernetes Clusters,abstract,,,
535,memory-efficient data-driven technique,APPLIED_TO,Sec-Llama,2025,"we applied a memory-efficient data-driven technique incorporating Byte-based transformation of the raw network flow, to optimize the model’s training and inference processes",unique_normalized_exact_quote_match,cb4edfb16c2c8e709635eec08eb93bf8b934b93e,0,Sec-Llama: a Compact Fine-Tuned LLM for Network Intrusion Detection in Kubernetes Clusters,abstract,,,
536,memory-efficient data-driven technique,USES,Byte-based transformation,2025,incorporating Byte-based transformation of the raw network flow,unique_normalized_exact_quote_match,cb4edfb16c2c8e709635eec08eb93bf8b934b93e,0,Sec-Llama: a Compact Fine-Tuned LLM for Network Intrusion Detection in Kubernetes Clusters,abstract,,,
537,Sec-Llama,PRODUCES,threat detection F1-score,2025,maintaining a 96% threat detection F1-score,unique_normalized_exact_quote_match,cb4edfb16c2c8e709635eec08eb93bf8b934b93e,0,Sec-Llama: a Compact Fine-Tuned LLM for Network Intrusion Detection in Kubernetes Clusters,abstract,,,
538,application,USES,Sec-Llama,2025,"developed an application to monitor, train, and launch our Sec-Llama",unique_normalized_exact_quote_match,cb4edfb16c2c8e709635eec08eb93bf8b934b93e,0,Sec-Llama: a Compact Fine-Tuned LLM for Network Intrusion Detection in Kubernetes Clusters,abstract,,,
539,systematic review,PRODUCES,critical security challenges in containerized environments,2025,Our systematic review identifies critical security challenges in containerized environments,unique_normalized_exact_quote_match,3a970c4b844fc64ed506b6aabd45d6b0aba1bb2d,0,Security Challenges and Solutions in Containerized Environments: A Comprehensive Review,abstract,,,
540,"detection systems, protective mechanisms, and analytical tools",ADDRESSES,security challenges in containerized environments,2025,"We examine state-of-the-art detection systems, protective mechanisms, and analytical tools designed to address these security challenges",unique_normalized_exact_quote_match,3a970c4b844fc64ed506b6aabd45d6b0aba1bb2d,0,Security Challenges and Solutions in Containerized Environments: A Comprehensive Review,abstract,,,
541,systematic review,PRODUCES,holistic understanding of the containerized security landscape,2025,This review contributes a holistic understanding of the containerized security landscape,unique_normalized_exact_quote_match,3a970c4b844fc64ed506b6aabd45d6b0aba1bb2d,0,Security Challenges and Solutions in Containerized Environments: A Comprehensive Review,abstract,,,
542,microservice software architecture,USES,splitting large monolithic applications into multiple smaller services,2025,The microservice software architecture leverages the idea of splitting large monolithic applications into multiple smaller services,unique_normalized_exact_quote_match,bca61ccc246f39eea38a00b72e768769b88760fe,0,SoK: Microservice Architectures from a Dependability Perspective,abstract,,,
543,scientific literature surveys,ADDRESSES,fault tolerance,2025,Some scientific literature surveys have already addressed fault tolerance,unique_normalized_exact_quote_match,bca61ccc246f39eea38a00b72e768769b88760fe,0,SoK: Microservice Architectures from a Dependability Perspective,abstract,,,
544,scientific literature surveys,ADDRESSES,security concerns,2025,Some scientific literature surveys have already addressed fault tolerance or security concerns,unique_normalized_exact_quote_match,bca61ccc246f39eea38a00b72e768769b88760fe,0,SoK: Microservice Architectures from a Dependability Perspective,abstract,,,
545,scientific literature surveys,LACKS,analysis on the fault and vulnerability coverage,2025,most of them lack analysis on the fault and vulnerability coverage that is introduced by microservice architectures.,unique_normalized_exact_quote_match,bca61ccc246f39eea38a00b72e768769b88760fe,0,SoK: Microservice Architectures from a Dependability Perspective,abstract,,,
546,recent scientific literature,ADDRESSES,known faults and vulnerabilities,2025,"We explore the known faults and vulnerabilities that microservice architecture might suffer from, and the recent scientific literature that addresses them.",unique_normalized_exact_quote_match,bca61ccc246f39eea38a00b72e768769b88760fe,0,SoK: Microservice Architectures from a Dependability Perspective,abstract,,,
547,AgentSecurity,ADDRESSES,identity across every layer of an agentic workflow,2026,"The rapid adoption of autonomous AI agents in distributed microservices architectures introduces a critical and largely unsolved security challenge: how to establish, verify, and enforce identity across every layer of an agentic workflow.",unique_normalized_exact_quote_match,5934a287eae55898b12bd067a0a3354dd59b3898,0,"Zero-Trust Identity for Autonomous AI Agents: Unifying SPIFFE, OAuth 2.1 with PKCE, OIDC, and OPA in Multi-Agent Architectures",abstract,,,
548,AgentSecurity,COMBINES,OAuth 2.1 with PKCE,2026,"We present AgentSecurity, a production-ready framework that unifies three complementary standards to achieve zero-trust identity with governed identity propagation for multi-agent systems: (1) OAuth 2.1 with Proof Key for Code Exchange (PKCE)",unique_normalized_exact_quote_match,5934a287eae55898b12bd067a0a3354dd59b3898,0,"Zero-Trust Identity for Autonomous AI Agents: Unifying SPIFFE, OAuth 2.1 with PKCE, OIDC, and OPA in Multi-Agent Architectures",abstract,,,
549,AgentSecurity,COMBINES,SPIFFE JWT-SVIDs,2026,"We present AgentSecurity, a production-ready framework that unifies three complementary standards to achieve zero-trust identity with governed identity propagation for multi-agent systems: ... (2) SPIFFE JWT-SVIDs",unmatched_quote,,,,,,,
550,AgentSecurity,COMBINES,Open Policy Agent (OPA),2026,"We present AgentSecurity, a production-ready framework that unifies three complementary standards to achieve zero-trust identity with governed identity propagation for multi-agent systems: ... (3) the Open Policy Agent (OPA)",unmatched_quote,,,,,,,
551,AgentSecurity,APPLIED_TO,LangGraph agents orchestrated via the Model Context Protocol (MCP),2026,We demonstrate this framework on a real multi-agent platform comprising LangGraph agents orchestrated via the Model Context Protocol (MCP),unique_normalized_exact_quote_match,5934a287eae55898b12bd067a0a3354dd59b3898,0,"Zero-Trust Identity for Autonomous AI Agents: Unifying SPIFFE, OAuth 2.1 with PKCE, OIDC, and OPA in Multi-Agent Architectures",abstract,,,
552,AgentSecurity,EVALUATES_ON,latency overhead,2026,Our evaluation shows that the framework adds less than 12 ms of latency overhead per request,unique_normalized_exact_quote_match,5934a287eae55898b12bd067a0a3354dd59b3898,0,"Zero-Trust Identity for Autonomous AI Agents: Unifying SPIFFE, OAuth 2.1 with PKCE, OIDC, and OPA in Multi-Agent Architectures",abstract,,,
553,AgentSecurity,PRODUCES,four independent authentication layers,2026,Our evaluation shows that the framework adds less than 12 ms of latency overhead per request while providing four independent authentication layers,unique_normalized_exact_quote_match,5934a287eae55898b12bd067a0a3354dd59b3898,0,"Zero-Trust Identity for Autonomous AI Agents: Unifying SPIFFE, OAuth 2.1 with PKCE, OIDC, and OPA in Multi-Agent Architectures",abstract,,,
554,container security framework,APPLIED_TO,micro-service containers,2025,This research proposes a container security framework based on monitoring system call sequences to detect anomalies in micro-service containers.,unique_normalized_exact_quote_match,7a6ffced6c93e71105477ca0ad7c3dd9fb22d5fa,0,Enhancing Virtualization Security Through System Call-Based Anomaly Detection in Containers,abstract,,,
555,container security framework,ADDRESSES,security challenges,2025,containerized applications face unprecedented security challenges due to shared kernels and limited isolation. This research proposes a container security framework,unique_normalized_exact_quote_match,7a6ffced6c93e71105477ca0ad7c3dd9fb22d5fa,0,Enhancing Virtualization Security Through System Call-Based Anomaly Detection in Containers,abstract,,,
556,unsupervised anomaly detection model,USES,autoencoders,2025,an unsupervised anomaly detection model using unsupervised learning with autoencoders,unique_normalized_exact_quote_match,7a6ffced6c93e71105477ca0ad7c3dd9fb22d5fa,0,Enhancing Virtualization Security Through System Call-Based Anomaly Detection in Containers,abstract,,,
557,unsupervised anomaly detection model,IMPROVES,detection capability of unknown vulnerabilities,2025,an unsupervised anomaly detection model using unsupervised learning with autoencoders to enhance the detection capability of unknown vulnerabilities.,unique_normalized_exact_quote_match,7a6ffced6c93e71105477ca0ad7c3dd9fb22d5fa,0,Enhancing Virtualization Security Through System Call-Based Anomaly Detection in Containers,abstract,,,
558,container security framework,EVALUATES_ON,XXXX,2025,"We introduce a custom dataset named XXXX, which capture container captures system call sequences behavior in micro-services containers and simulated attacks.",unique_normalized_exact_quote_match,7a6ffced6c93e71105477ca0ad7c3dd9fb22d5fa,0,Enhancing Virtualization Security Through System Call-Based Anomaly Detection in Containers,abstract,,,
559,container security framework,USES,false alarm rate,2025,Our evaluation emphasizes false alarm rate and average detection time.,unique_normalized_exact_quote_match,7a6ffced6c93e71105477ca0ad7c3dd9fb22d5fa,0,Enhancing Virtualization Security Through System Call-Based Anomaly Detection in Containers,abstract,,,
560,container security framework,USES,average detection time,2025,Our evaluation emphasizes false alarm rate and average detection time.,unique_normalized_exact_quote_match,7a6ffced6c93e71105477ca0ad7c3dd9fb22d5fa,0,Enhancing Virtualization Security Through System Call-Based Anomaly Detection in Containers,abstract,,,
561,runtime protection platforms,ADDRESSES,real-time threat detection and response,2025,runtime protection platforms for real-time threat detection and responses,unique_normalized_exact_quote_match,ba4f4b5b26c1f87fd05506de7247e26171888f16,0,A Comprehensive Survey of Privacy-Enhancing and Trust-Centric Cloud-Native Security Techniques Against Cyber Threats,abstract,,,
562,service mesh technologies,ADDRESSES,secure service-to-service communication,2025,service mesh technologies for secure service-to-service communication,unique_normalized_exact_quote_match,ba4f4b5b26c1f87fd05506de7247e26171888f16,0,A Comprehensive Survey of Privacy-Enhancing and Trust-Centric Cloud-Native Security Techniques Against Cyber Threats,abstract,,,
563,container image scanning technologies,ADDRESSES,protecting containerized applications,2025,container image scanning technologies in protecting containerized applications,unique_normalized_exact_quote_match,ba4f4b5b26c1f87fd05506de7247e26171888f16,0,A Comprehensive Survey of Privacy-Enhancing and Trust-Centric Cloud-Native Security Techniques Against Cyber Threats,abstract,,,
564,privacy-enhancing methods and technologies,IMPROVES,security posture of cloud-native implementations,2025,"By investigating these privacy-enhancing methods and technologies, organizations may improve the security posture of their cloud-native implementations",unique_normalized_exact_quote_match,ba4f4b5b26c1f87fd05506de7247e26171888f16,0,A Comprehensive Survey of Privacy-Enhancing and Trust-Centric Cloud-Native Security Techniques Against Cyber Threats,abstract,,,
565,ADS-B,LACKS,data authentication,2020,"However, ADS-B is prone to several cyber-security threats due to the lack of data authentication and encryption.",unique_normalized_exact_quote_match,aa77d5ad503788b3410c4833ffb4b278b5201c28,0,A Microservices Architecture for ADS-B Data Security Using Blockchain,abstract,,,
566,ADS-B,LACKS,encryption,2020,"However, ADS-B is prone to several cyber-security threats due to the lack of data authentication and encryption.",unique_normalized_exact_quote_match,aa77d5ad503788b3410c4833ffb4b278b5201c28,0,A Microservices Architecture for ADS-B Data Security Using Blockchain,abstract,,,
567,Blockchain implementation,COMBINES,Microservices framework,2020,"In this paper, a Blockchain implementation within a Microservices framework for ADS-B data verification is proposed.",unique_normalized_exact_quote_match,aa77d5ad503788b3410c4833ffb4b278b5201c28,0,A Microservices Architecture for ADS-B Data Security Using Blockchain,abstract,,,
568,Blockchain implementation within a Microservices framework,APPLIED_TO,ADS-B data verification,2020,"In this paper, a Blockchain implementation within a Microservices framework for ADS-B data verification is proposed.",unique_normalized_exact_quote_match,aa77d5ad503788b3410c4833ffb4b278b5201c28,0,A Microservices Architecture for ADS-B Data Security Using Blockchain,abstract,,,
569,Proposed framework,ADDRESSES,message spoofing,2020,The proposed framework could mitigate ADS- B security issues of message spoofing and anomalous traffic data.,unique_normalized_exact_quote_match,aa77d5ad503788b3410c4833ffb4b278b5201c28,0,A Microservices Architecture for ADS-B Data Security Using Blockchain,abstract,,,
570,OAuth2,APPLIED_TO,distributed API gateways,2022,This paper explores the implementation of OAuth2 and JWT (JSON Web Tokens) protocols as fundamental components in securing distributed API gateways.,unique_normalized_exact_quote_match,e491ab3ee15771ae6bd5a827a7b8b0cf3230f7b0,0,Applying OAuth2 and JWT Protocols in Securing Distributed API Gateways: Best Practices and Case Review,abstract,,,
571,JWT,APPLIED_TO,distributed API gateways,2022,This paper explores the implementation of OAuth2 and JWT (JSON Web Tokens) protocols as fundamental components in securing distributed API gateways.,unique_normalized_exact_quote_match,e491ab3ee15771ae6bd5a827a7b8b0cf3230f7b0,0,Applying OAuth2 and JWT Protocols in Securing Distributed API Gateways: Best Practices and Case Review,abstract,,,
572,OAuth2,ADDRESSES,authorization,2022,OAuth2 offers a robust framework for authorization by decoupling user authentication from application logic,unique_normalized_exact_quote_match,e491ab3ee15771ae6bd5a827a7b8b0cf3230f7b0,0,Applying OAuth2 and JWT Protocols in Securing Distributed API Gateways: Best Practices and Case Review,abstract,,,
573,OAuth2,IMPROVES,security,2022,"Key findings indicate that while OAuth2 and JWT significantly improve security, challenges such as token expiration management and service-to-service token validation persist.",unique_normalized_exact_quote_match,e491ab3ee15771ae6bd5a827a7b8b0cf3230f7b0,0,Applying OAuth2 and JWT Protocols in Securing Distributed API Gateways: Best Practices and Case Review,abstract,,,
574,JWT,IMPROVES,security,2022,"Key findings indicate that while OAuth2 and JWT significantly improve security, challenges such as token expiration management and service-to-service token validation persist.",unique_normalized_exact_quote_match,e491ab3ee15771ae6bd5a827a7b8b0cf3230f7b0,0,Applying OAuth2 and JWT Protocols in Securing Distributed API Gateways: Best Practices and Case Review,abstract,,,
575,OAuth2,APPLIED_TO,serverless architectures,2022,the adaptation of OAuth2 and JWT for emerging technologies like serverless architectures.,unique_normalized_exact_quote_match,e491ab3ee15771ae6bd5a827a7b8b0cf3230f7b0,0,Applying OAuth2 and JWT Protocols in Securing Distributed API Gateways: Best Practices and Case Review,abstract,,,
576,JWT,APPLIED_TO,serverless architectures,2022,the adaptation of OAuth2 and JWT for emerging technologies like serverless architectures.,unique_normalized_exact_quote_match,e491ab3ee15771ae6bd5a827a7b8b0cf3230f7b0,0,Applying OAuth2 and JWT Protocols in Securing Distributed API Gateways: Best Practices and Case Review,abstract,,,
577,cloud-native systems,IMPROVES,microservices architectures,2024,The development of cloud-native systems has improved the shift towards monolithic to microservices architectures.,unique_normalized_exact_quote_match,4dc7226fe8233804f20571add887a6b7929102ea,0,A Security and Performance Comparative Study of Monolithic and Microservices Architectures in Java Spring Boot Applications with Containerized Distributed Deployment,abstract,,,
578,comparative study of the monolithic and microservices architectures,APPLIED_TO,containerized environment,2024,The presented research is a quantitative and qualitative comparative study of the monolithic and microservices architectures applied to the containerized environment (Docker and Kubernetes) using Java spring boot.,unique_normalized_exact_quote_match,4dc7226fe8233804f20571add887a6b7929102ea,0,A Security and Performance Comparative Study of Monolithic and Microservices Architectures in Java Spring Boot Applications with Containerized Distributed Deployment,abstract,,,
579,comparative study of the monolithic and microservices architectures,USES,Docker,2024,applied to the containerized environment (Docker and Kubernetes) using Java spring boot.,unique_normalized_exact_quote_match,4dc7226fe8233804f20571add887a6b7929102ea,0,A Security and Performance Comparative Study of Monolithic and Microservices Architectures in Java Spring Boot Applications with Containerized Distributed Deployment,abstract,,,
580,comparative study of the monolithic and microservices architectures,USES,Kubernetes,2024,applied to the containerized environment (Docker and Kubernetes) using Java spring boot.,unique_normalized_exact_quote_match,4dc7226fe8233804f20571add887a6b7929102ea,0,A Security and Performance Comparative Study of Monolithic and Microservices Architectures in Java Spring Boot Applications with Containerized Distributed Deployment,abstract,,,
581,comparative study of the monolithic and microservices architectures,USES,Java spring boot,2024,applied to the containerized environment (Docker and Kubernetes) using Java spring boot.,unique_normalized_exact_quote_match,4dc7226fe8233804f20571add887a6b7929102ea,0,A Security and Performance Comparative Study of Monolithic and Microservices Architectures in Java Spring Boot Applications with Containerized Distributed Deployment,abstract,,,
582,comparative study of the monolithic and microservices architectures,EVALUATES_ON,latency,2024,"The performance measurements (latency, throughput, CPU, memory) and security measurements (attack surface, breach containment, trust boundaries) are measured in the study.",unique_normalized_exact_quote_match,4dc7226fe8233804f20571add887a6b7929102ea,0,A Security and Performance Comparative Study of Monolithic and Microservices Architectures in Java Spring Boot Applications with Containerized Distributed Deployment,abstract,,,
583,comparative study of the monolithic and microservices architectures,EVALUATES_ON,throughput,2024,"The performance measurements (latency, throughput, CPU, memory) and security measurements (attack surface, breach containment, trust boundaries) are measured in the study.",unique_normalized_exact_quote_match,4dc7226fe8233804f20571add887a6b7929102ea,0,A Security and Performance Comparative Study of Monolithic and Microservices Architectures in Java Spring Boot Applications with Containerized Distributed Deployment,abstract,,,
584,result validation,USES,t-test,2024,"Result validation is done using statistical tools like t-test, ANOVA, and regression analysis.",unique_normalized_exact_quote_match,4dc7226fe8233804f20571add887a6b7929102ea,0,A Security and Performance Comparative Study of Monolithic and Microservices Architectures in Java Spring Boot Applications with Containerized Distributed Deployment,abstract,,,
585,result validation,USES,ANOVA,2024,"Result validation is done using statistical tools like t-test, ANOVA, and regression analysis.",unique_normalized_exact_quote_match,4dc7226fe8233804f20571add887a6b7929102ea,0,A Security and Performance Comparative Study of Monolithic and Microservices Architectures in Java Spring Boot Applications with Containerized Distributed Deployment,abstract,,,
586,result validation,USES,regression analysis,2024,"Result validation is done using statistical tools like t-test, ANOVA, and regression analysis.",unique_normalized_exact_quote_match,4dc7226fe8233804f20571add887a6b7929102ea,0,A Security and Performance Comparative Study of Monolithic and Microservices Architectures in Java Spring Boot Applications with Containerized Distributed Deployment,abstract,,,
587,microservices systems,IMPROVES,security isolation,2024,"microservices systems are more efficient in terms of scale, resiliency, and security isolation when used in a high-load distributed system.",unique_normalized_exact_quote_match,4dc7226fe8233804f20571add887a6b7929102ea,0,A Security and Performance Comparative Study of Monolithic and Microservices Architectures in Java Spring Boot Applications with Containerized Distributed Deployment,abstract,,,
588,holistic security model,COMBINES,OAuth 2.0 authorization protocols,2025,This paper offers a holistic security model that encompasses OAuth 2.0 authorization protocols,unique_normalized_exact_quote_match,a4363faaecabe97b6f820ea61c9240d3415befd0,0,Secure API Gateway Strategies for Financial Institutions Using OAuth2 and Identity Federation,abstract,,,
589,holistic security model,COMBINES,OpenID Connect identity layers,2025,"This paper offers a holistic security model that encompasses OAuth 2.0 authorization protocols, OpenID Connect identity layers",unique_normalized_exact_quote_match,a4363faaecabe97b6f820ea61c9240d3415befd0,0,Secure API Gateway Strategies for Financial Institutions Using OAuth2 and Identity Federation,abstract,,,
590,Token-based access control,ADDRESSES,static credentials,2025,Token-based access control eliminates the use of static credentials,unique_normalized_exact_quote_match,a4363faaecabe97b6f820ea61c9240d3415befd0,0,Secure API Gateway Strategies for Financial Institutions Using OAuth2 and Identity Federation,abstract,,,
591,holistic security model,APPLIED_TO,strong customer authentication requirements,2025,The framework supports strong customer authentication requirements,unique_normalized_exact_quote_match,a4363faaecabe97b6f820ea61c9240d3415befd0,0,Secure API Gateway Strategies for Financial Institutions Using OAuth2 and Identity Federation,abstract,,,
592,holistic security model,APPLIED_TO,real-time payment systems,2025,"The framework supports strong customer authentication requirements, real-time payment systems",unique_normalized_exact_quote_match,a4363faaecabe97b6f820ea61c9240d3415befd0,0,Secure API Gateway Strategies for Financial Institutions Using OAuth2 and Identity Federation,abstract,,,
593,AWS API Gateway,ADDRESSES,API Security,2025,"implementing secure API gateway case, namely, AWS API Gateway and Spring Cloud Gateway.",unique_normalized_exact_quote_match,b9cd9f2010aee9b61d052bf87a5ab9cea205f550,0,Implementing Secure API Gateways: A Case Study of AWS API Gateway and Spring Cloud Gateway,abstract,,,
594,Spring Cloud Gateway,ADDRESSES,API Security,2025,"implementing secure API gateway case, namely, AWS API Gateway and Spring Cloud Gateway.",unique_normalized_exact_quote_match,b9cd9f2010aee9b61d052bf87a5ab9cea205f550,0,Implementing Secure API Gateways: A Case Study of AWS API Gateway and Spring Cloud Gateway,abstract,,,
595,AWS API Gateway,USES,OAuth,2025,"authenticating through OAuth, JWT, and API keys",unique_normalized_exact_quote_match,b9cd9f2010aee9b61d052bf87a5ab9cea205f550,0,Implementing Secure API Gateways: A Case Study of AWS API Gateway and Spring Cloud Gateway,abstract,,,
596,AWS API Gateway,USES,JWT,2025,"authenticating through OAuth, JWT, and API keys",unique_normalized_exact_quote_match,b9cd9f2010aee9b61d052bf87a5ab9cea205f550,0,Implementing Secure API Gateways: A Case Study of AWS API Gateway and Spring Cloud Gateway,abstract,,,
597,Spring Cloud Gateway,APPLIED_TO,Microservices,2025,"Spring Cloud Gateway, which is an open-source alternative designed for microservices.",unique_normalized_exact_quote_match,b9cd9f2010aee9b61d052bf87a5ab9cea205f550,0,Implementing Secure API Gateways: A Case Study of AWS API Gateway and Spring Cloud Gateway,abstract,,,
598,API Gateway,IMPROVES,API Security,2025,"By contrasting two of the most frequently used API gateways, we show how to increase the API security, scalability, and flexibility against evolving threats in modern cloud environments.",unique_normalized_exact_quote_match,b9cd9f2010aee9b61d052bf87a5ab9cea205f550,0,Implementing Secure API Gateways: A Case Study of AWS API Gateway and Spring Cloud Gateway,abstract,,,
599,Zero-Trust Agent Gateway,APPLIED_TO,AI agent platforms,2024,"This paper presents the Zero-Trust Agent Gateway (ZTAG), an identity-centric access control architecture for AI agent platforms aligned with Secure Access Service Edge (SASE) principles.",unique_normalized_exact_quote_match,ffa18e986782143ae40fde1caa5136964eab180c,0,Zero-Trust Agent Gateway: Identity-Centric Access Control for Multi-Actor AI Ecosystems Aligned with SASE Principles,abstract,,,
600,Zero-Trust Agent Gateway,USES,mutual TLS,2024,ZTAG enforces mutual TLS for all agent-to-platform and agent-to-agent communication,unique_normalized_exact_quote_match,ffa18e986782143ae40fde1caa5136964eab180c,0,Zero-Trust Agent Gateway: Identity-Centric Access Control for Multi-Actor AI Ecosystems Aligned with SASE Principles,abstract,,,
601,Zero-Trust Agent Gateway,USES,SPIFFE/SPIRE,2024,assigns cryptographically verifiable workload identities using SPIFFE/SPIRE,unique_normalized_exact_quote_match,ffa18e986782143ae40fde1caa5136964eab180c,0,Zero-Trust Agent Gateway: Identity-Centric Access Control for Multi-Actor AI Ecosystems Aligned with SASE Principles,abstract,,,
602,Zero-Trust Agent Gateway,USES,RBAC/ABAC,2024,implements fine-grained Role-Based and Attribute-Based Access Control (RBAC/ABAC) across a microservice mesh.,unique_normalized_exact_quote_match,ffa18e986782143ae40fde1caa5136964eab180c,0,Zero-Trust Agent Gateway: Identity-Centric Access Control for Multi-Actor AI Ecosystems Aligned with SASE Principles,abstract,,,
603,Zero-Trust Agent Gateway,ADDRESSES,principal threat classes identified by NIST SP 800-207,2024,demonstrating resistance to the principal threat classes identified by NIST SP 800-207.,unique_normalized_exact_quote_match,ffa18e986782143ae40fde1caa5136964eab180c,0,Zero-Trust Agent Gateway: Identity-Centric Access Control for Multi-Actor AI Ecosystems Aligned with SASE Principles,abstract,,,
604,Zero-Trust Agent Gateway,EVALUATES_ON,production-representative service mesh,2024,An empirical evaluation on a production-representative service mesh of 18 microservices shows that ZTAG adds a median overhead,unique_normalized_exact_quote_match,ffa18e986782143ae40fde1caa5136964eab180c,0,Zero-Trust Agent Gateway: Identity-Centric Access Control for Multi-Actor AI Ecosystems Aligned with SASE Principles,abstract,,,
605,Zero-Trust Agent Gateway,IMPROVES,mean time to contain a lateral movement incident,2024,reducing the mean time to contain a lateral movement incident from 47 minutes to under 6 minutes in tabletop exercises.,unique_normalized_exact_quote_match,ffa18e986782143ae40fde1caa5136964eab180c,0,Zero-Trust Agent Gateway: Identity-Centric Access Control for Multi-Actor AI Ecosystems Aligned with SASE Principles,abstract,,,
606,microservices-based e-commerce web application,USES,Spring Boot,2025,"Leveraging Spring Boot, Spring Cloud Gateway, Eureka for service discovery, and PostgreSQL for persistent storage, the architecture decomposes core functionalities",unique_normalized_exact_quote_match,f436844793ae5f44c49476abccb13297f7aeed7c,0,"Scalable Microservice Architecture for Secure E-Commerce Using REST, JWT, and Kafka",abstract,,,
607,microservices-based e-commerce web application,USES,Spring Cloud Gateway,2025,"Leveraging Spring Boot, Spring Cloud Gateway, Eureka for service discovery, and PostgreSQL for persistent storage, the architecture decomposes core functionalities",unique_normalized_exact_quote_match,f436844793ae5f44c49476abccb13297f7aeed7c,0,"Scalable Microservice Architecture for Secure E-Commerce Using REST, JWT, and Kafka",abstract,,,
608,microservices-based e-commerce web application,USES,Eureka,2025,"Leveraging Spring Boot, Spring Cloud Gateway, Eureka for service discovery, and PostgreSQL for persistent storage, the architecture decomposes core functionalities",unique_normalized_exact_quote_match,f436844793ae5f44c49476abccb13297f7aeed7c,0,"Scalable Microservice Architecture for Secure E-Commerce Using REST, JWT, and Kafka",abstract,,,
609,microservices-based e-commerce web application,USES,PostgreSQL,2025,"Leveraging Spring Boot, Spring Cloud Gateway, Eureka for service discovery, and PostgreSQL for persistent storage, the architecture decomposes core functionalities",unique_normalized_exact_quote_match,f436844793ae5f44c49476abccb13297f7aeed7c,0,"Scalable Microservice Architecture for Secure E-Commerce Using REST, JWT, and Kafka",abstract,,,
610,microservices-based e-commerce web application,USES,Kafka,2025,"Kafka is incorporated to enable asynchronous, event-driven messaging for future scalability and realtime features.",unique_normalized_exact_quote_match,f436844793ae5f44c49476abccb13297f7aeed7c,0,"Scalable Microservice Architecture for Secure E-Commerce Using REST, JWT, and Kafka",abstract,,,
611,functional and performance validation,USES,Postman,2025,Functional and performance validation using Postman and simulated user loads,unique_normalized_exact_quote_match,f436844793ae5f44c49476abccb13297f7aeed7c,0,"Scalable Microservice Architecture for Secure E-Commerce Using REST, JWT, and Kafka",abstract,,,
612,functional and performance validation,PRODUCES,efficient API routing,2025,Functional and performance validation using Postman and simulated user loads confirmed efficient API routing,unique_normalized_exact_quote_match,f436844793ae5f44c49476abccb13297f7aeed7c,0,"Scalable Microservice Architecture for Secure E-Commerce Using REST, JWT, and Kafka",abstract,,,
613,Strangler Fig pattern,APPLIED_TO,incremental adoption of microservices,2024,This article explores a migration strategy using the Strangler Fig pattern that facilitates the incremental adoption of microservices,unique_normalized_exact_quote_match,39acaaaf4129b1870396b3bcda609c74c034292f,0,SOFTWARE MIGRATION FROM MONOLITHIC ARCHITECTURE TO MICROSERVICES ARCHITECTURE AS A WAY OF PROTECTING CRM SYSTEMS,abstract,,,
614,Framework for Microservices Migrations (FMM),ADDRESSES,decompose monoliths into manageable components,2024,"Framework for Microservices Migrations (FMM), that standardizes development practices and helps decompose monoliths into manageable components.",unique_normalized_exact_quote_match,39acaaaf4129b1870396b3bcda609c74c034292f,0,SOFTWARE MIGRATION FROM MONOLITHIC ARCHITECTURE TO MICROSERVICES ARCHITECTURE AS A WAY OF PROTECTING CRM SYSTEMS,abstract,,,
615,REST API,ADDRESSES,communication between microservices and the monolith,2024,Communication between microservices and the monolith is facilitated through a REST API,unique_normalized_exact_quote_match,39acaaaf4129b1870396b3bcda609c74c034292f,0,SOFTWARE MIGRATION FROM MONOLITHIC ARCHITECTURE TO MICROSERVICES ARCHITECTURE AS A WAY OF PROTECTING CRM SYSTEMS,abstract,,,
616,DTOs (Data Transfer Objects),IMPROVES,data exchange between components,2024,"The integration of microservices is achieved through the implementation of DTOs (Data Transfer Objects) and API gateways, which ensures smooth data exchange between components.",unique_normalized_exact_quote_match,39acaaaf4129b1870396b3bcda609c74c034292f,0,SOFTWARE MIGRATION FROM MONOLITHIC ARCHITECTURE TO MICROSERVICES ARCHITECTURE AS A WAY OF PROTECTING CRM SYSTEMS,abstract,,,
617,Curcuit Breaker patterns,ADDRESSES,failures during the migration process,2024,the research examines the use of Curcuit Breaker patterns to effectively handle failures and maintain system stability during the migration process.,unique_normalized_exact_quote_match,39acaaaf4129b1870396b3bcda609c74c034292f,0,SOFTWARE MIGRATION FROM MONOLITHIC ARCHITECTURE TO MICROSERVICES ARCHITECTURE AS A WAY OF PROTECTING CRM SYSTEMS,abstract,,,
618,Security Assertion Markup Language (SAML),IMPROVES,data security,2024,Security Assertion Markup Language (SAML) or OpenID with OAuth 2.0 are suggested solutions to enhance data security.,unique_normalized_exact_quote_match,39acaaaf4129b1870396b3bcda609c74c034292f,0,SOFTWARE MIGRATION FROM MONOLITHIC ARCHITECTURE TO MICROSERVICES ARCHITECTURE AS A WAY OF PROTECTING CRM SYSTEMS,abstract,,,
619,OpenID with OAuth 2.0,IMPROVES,data security,2024,Security Assertion Markup Language (SAML) or OpenID with OAuth 2.0 are suggested solutions to enhance data security.,unique_normalized_exact_quote_match,39acaaaf4129b1870396b3bcda609c74c034292f,0,SOFTWARE MIGRATION FROM MONOLITHIC ARCHITECTURE TO MICROSERVICES ARCHITECTURE AS A WAY OF PROTECTING CRM SYSTEMS,abstract,,,
620,standardized token-based authentication,IMPROVES,platform-neutral interoperability,2024,standardized token-based authentication ensures platform-neutral interoperability.,unique_normalized_exact_quote_match,39acaaaf4129b1870396b3bcda609c74c034292f,0,SOFTWARE MIGRATION FROM MONOLITHIC ARCHITECTURE TO MICROSERVICES ARCHITECTURE AS A WAY OF PROTECTING CRM SYSTEMS,abstract,,,
621,decentralized authorization enforcement,PRODUCES,inconsistent security policies,2024,decentralized authorization enforcement at each microservice entry point may lead to inconsistent security policies.,unique_normalized_exact_quote_match,39acaaaf4129b1870396b3bcda609c74c034292f,0,SOFTWARE MIGRATION FROM MONOLITHIC ARCHITECTURE TO MICROSERVICES ARCHITECTURE AS A WAY OF PROTECTING CRM SYSTEMS,abstract,,,
622,Open Banking Ecosystems,USES,API Architecture,2022,"The high digitization of financial services has resulted in the formation of open banking ecosystems, which strongly use the services of modern API architecture.",unique_normalized_exact_quote_match,919ca3370b5a856f9d2e9930b73ac5cb70ccdc58,0,"Neural Component Libraries for Angular: AI-Generated, Self-Documenting UI Elements with Intelligent API Integration",abstract,,,
623,GraphQL,COMBINES,Microservices,2022,GraphQL is one of these with notable adoption as it is flexible and provides efficiency in data retrieval along with the ability to combine various microservices to a single schema.,unique_normalized_exact_quote_match,919ca3370b5a856f9d2e9930b73ac5cb70ccdc58,0,"Neural Component Libraries for Angular: AI-Generated, Self-Documenting UI Elements with Intelligent API Integration",abstract,,,
624,Depth-Bounded Semantic Rate Limiting (DBSRL),ADDRESSES,Algorithmic Complexity Attacks,2022,"With a combination of both of these measures into an adaptive rate limiting system, the system is capable of tracking and prevent algorithmic complexity attacks",unique_normalized_exact_quote_match,919ca3370b5a856f9d2e9930b73ac5cb70ccdc58,0,"Neural Component Libraries for Angular: AI-Generated, Self-Documenting UI Elements with Intelligent API Integration",abstract,,,
625,Depth-Bounded Semantic Rate Limiting (DBSRL),USES,Query Depth,2022,DBSRL uses both query depth and semantic complexity as based on resolver execution patterns and dependencies between services.,unique_normalized_exact_quote_match,919ca3370b5a856f9d2e9930b73ac5cb70ccdc58,0,"Neural Component Libraries for Angular: AI-Generated, Self-Documenting UI Elements with Intelligent API Integration",abstract,,,
626,Depth-Bounded Semantic Rate Limiting (DBSRL),USES,Semantic Complexity,2022,DBSRL uses both query depth and semantic complexity as based on resolver execution patterns and dependencies between services.,unique_normalized_exact_quote_match,919ca3370b5a856f9d2e9930b73ac5cb70ccdc58,0,"Neural Component Libraries for Angular: AI-Generated, Self-Documenting UI Elements with Intelligent API Integration",abstract,,,
627,Depth-Bounded Semantic Rate Limiting (DBSRL),APPLIED_TO,Federated GraphQL Contexts,2022,The suggested approach involves analysis of structural query and semantic cognition of costs of query execution in order to dynamically control API access.,unique_normalized_exact_quote_match,919ca3370b5a856f9d2e9930b73ac5cb70ccdc58,0,"Neural Component Libraries for Angular: AI-Generated, Self-Documenting UI Elements with Intelligent API Integration",abstract,,,
628,OAuth 2.0,APPLIED_TO,cloud architecture,2024,implementation patterns of OAuth 2.0 within cloud architecture,unique_normalized_exact_quote_match,66bb2c8e05ce2bbf09c4950b0f5481ce6db5f62d,0,OAuth 2.0 Patterns Implementation for Cloud Architecture,abstract,,,
629,OAuth 2.0,IMPROVES,security,2024,"enhancing security, scalability, and flexibility in cloud-based systems",unique_normalized_exact_quote_match,66bb2c8e05ce2bbf09c4950b0f5481ce6db5f62d,0,OAuth 2.0 Patterns Implementation for Cloud Architecture,abstract,,,
630,OAuth 2.0,IMPROVES,scalability,2024,"enhancing security, scalability, and flexibility in cloud-based systems",unique_normalized_exact_quote_match,66bb2c8e05ce2bbf09c4950b0f5481ce6db5f62d,0,OAuth 2.0 Patterns Implementation for Cloud Architecture,abstract,,,
631,OAuth 2.0,ADDRESSES,access control and authorization,2024,"By leveraging OAuth 2.0, cloud services can effectively manage access control and authorization across distributed environments",unique_normalized_exact_quote_match,66bb2c8e05ce2bbf09c4950b0f5481ce6db5f62d,0,OAuth 2.0 Patterns Implementation for Cloud Architecture,abstract,,,
632,OAuth 2.0,APPLIED_TO,microservices communication,2024,highlights the importance of OAuth 2.0 in facilitating microservices communication,unique_normalized_exact_quote_match,66bb2c8e05ce2bbf09c4950b0f5481ce6db5f62d,0,OAuth 2.0 Patterns Implementation for Cloud Architecture,abstract,,,
633,OAuth 2.0,ADDRESSES,compliance with data protection regulations,2024,role of OAuth 2.0 in achieving compliance with data protection regulations,unique_normalized_exact_quote_match,66bb2c8e05ce2bbf09c4950b0f5481ce6db5f62d,0,OAuth 2.0 Patterns Implementation for Cloud Architecture,abstract,,,
634,Depth-Bounded Semantic Rate Limiting (DBSRL),ADDRESSES,algorithmic complexity attacks,2022,"In order to overcome these challenges, the current paper suggests an innovative conceptual security framework, namely, Depth-Bounded Semantic Rate Limiting (DBSRL).",unique_normalized_exact_quote_match,0ba3efc9d8f2304abf7c1daa125b1d5e8a5faf97,0,Mitigating Algorithmic Complexity Attacks in Federated GraphQL Architectures: A Depth-Bounded Semantic Rate Limiting Approach for Open Banking,abstract,,,
635,Depth-Bounded Semantic Rate Limiting (DBSRL),COMBINES,query depth and semantic complexity,2022,DBSRL considers query depth and semantic complexity based on resolver execution patterns and service dependencies.,unique_normalized_exact_quote_match,0ba3efc9d8f2304abf7c1daa125b1d5e8a5faf97,0,Mitigating Algorithmic Complexity Attacks in Federated GraphQL Architectures: A Depth-Bounded Semantic Rate Limiting Approach for Open Banking,abstract,,,
636,traditional rate limiting schemes,LACKS,computation complexity,2022,Traditional rate limiting schemes are more concerned with the frequency of requests as opposed to the computation complexity.,unique_normalized_exact_quote_match,0ba3efc9d8f2304abf7c1daa125b1d5e8a5faf97,0,Mitigating Algorithmic Complexity Attacks in Federated GraphQL Architectures: A Depth-Bounded Semantic Rate Limiting Approach for Open Banking,abstract,,,
637,GraphQL,APPLIED_TO,open banking ecosystems,2022,This swift financial services digitization has given rise to the open banking ecosystems... GraphQL has become very popular among them,unmatched_quote,,,,,,,
638,microservice-based architecture optimization,ADDRESSES,limitations of existing systems,2026,"To address the limitations of existing systems—such as insufficient data processing performance, poor scalability, and weak protection capabilities—this study proposes a microservice-based architecture optimization",unique_normalized_exact_quote_match,2d3632bd98ec37afa92ebffea5577b933b0a5605,0,Microservice-Based Architecture Optimization and Multi-layer Security Model for Green Mine Information Systems in Resource-Based Regions,abstract,,,
639,multi-layer security model,ADDRESSES,limitations of existing systems,2026,"To address the limitations of existing systems—such as insufficient data processing performance, poor scalability, and weak protection capabilities—this study proposes a microservice-based architecture optimization and a multi-layer security model.",unique_normalized_exact_quote_match,2d3632bd98ec37afa92ebffea5577b933b0a5605,0,Microservice-Based Architecture Optimization and Multi-layer Security Model for Green Mine Information Systems in Resource-Based Regions,abstract,,,
640,improved Particle Swarm Optimization algorithm,APPLIED_TO,computing resource scheduling,2026,An improved Particle Swarm Optimization (PSO) algorithm is applied for computing resource scheduling,unique_normalized_exact_quote_match,2d3632bd98ec37afa92ebffea5577b933b0a5605,0,Microservice-Based Architecture Optimization and Multi-layer Security Model for Green Mine Information Systems in Resource-Based Regions,abstract,,,
641,multi-layer security model,COMBINES,"AES-256 encryption, access control, and LSTM-based anomaly detection mechanism",2026,"a multi-layer model combining AES-256 encryption, access control, and an LSTM-based anomaly detection mechanism",unique_normalized_exact_quote_match,2d3632bd98ec37afa92ebffea5577b933b0a5605,0,Microservice-Based Architecture Optimization and Multi-layer Security Model for Green Mine Information Systems in Resource-Based Regions,abstract,,,
642,optimized system,IMPROVES,throughput,2026,Experimental results demonstrate that the optimized system increases throughput by more than 30%,unique_normalized_exact_quote_match,2d3632bd98ec37afa92ebffea5577b933b0a5605,0,Microservice-Based Architecture Optimization and Multi-layer Security Model for Green Mine Information Systems in Resource-Based Regions,abstract,,,
643,optimized system,IMPROVES,average response time,2026,reduces average response time by over 25%,unique_normalized_exact_quote_match,2d3632bd98ec37afa92ebffea5577b933b0a5605,0,Microservice-Based Architecture Optimization and Multi-layer Security Model for Green Mine Information Systems in Resource-Based Regions,abstract,,,
644,optimized system,IMPROVES,task completion rate,2026,improves task completion rate to above 95%,unique_normalized_exact_quote_match,2d3632bd98ec37afa92ebffea5577b933b0a5605,0,Microservice-Based Architecture Optimization and Multi-layer Security Model for Green Mine Information Systems in Resource-Based Regions,abstract,,,
645,optimized system,IMPROVES,threat detection accuracy,2026,enhances threat detection accuracy by around 15%,unique_normalized_exact_quote_match,2d3632bd98ec37afa92ebffea5577b933b0a5605,0,Microservice-Based Architecture Optimization and Multi-layer Security Model for Green Mine Information Systems in Resource-Based Regions,abstract,,,
646,optimized system,IMPROVES,defense success rate,2026,raises defense success rate by over 12%,unique_normalized_exact_quote_match,2d3632bd98ec37afa92ebffea5577b933b0a5605,0,Microservice-Based Architecture Optimization and Multi-layer Security Model for Green Mine Information Systems in Resource-Based Regions,abstract,,,
647,microservices-based architecture,ADDRESSES,security threats and attacks related to IoT data,2021,several recent works have been conducted using microservices-based architecture to minimize the security threats and attacks related to IoT data.,unique_normalized_exact_quote_match,784c328a18a2c0e485eab9d671ba175f412f6369,0,"Microservices in IoT Security: Current Solutions, Research Challenges, and Future Directions",abstract,,,
648,microservices technology,APPLIED_TO,IoT applications,2021,investigates the use of microservices technology for securing IoT applications.,unique_normalized_exact_quote_match,784c328a18a2c0e485eab9d671ba175f412f6369,0,"Microservices in IoT Security: Current Solutions, Research Challenges, and Future Directions",abstract,,,
649,Two-Factor Authentication,IMPROVES,typical authentication paradigm,2021,Such an approach improves the typical authentication paradigm,unique_normalized_exact_quote_match,3082b464eb036f925a76952f88d3f3c19cbb2a4f,0,A Microservices and Blockchain Based One Time Password (MBB-OTP) Protocol for Security-Enhanced Authentication,abstract,,,
650,Microservices and Blockchain Based One Time Password protocol,IMPROVES,Two-Factor Authentication solutions,2021,This work advances the state of art of 2FA solutions by proposing a decentralized Microservices and Blockchain Based One Time Password (MBB-OTP) protocol,unique_normalized_exact_quote_match,3082b464eb036f925a76952f88d3f3c19cbb2a4f,0,A Microservices and Blockchain Based One Time Password (MBB-OTP) Protocol for Security-Enhanced Authentication,abstract,,,
651,Microservices and Blockchain Based One Time Password protocol,ADDRESSES,security threats,2021,MBB-OTP protocol for security-enhanced authentication able to mitigate the aforementioned threats,unmatched_quote,,,,,,,
652,Microservices and Blockchain Based One Time Password protocol,EVALUATES_ON,private and public Blockchain configurations,2021,Experiments prove the goodness of our MBB-OTP protocol considering both private and public Blockchain configurations,unique_normalized_exact_quote_match,3082b464eb036f925a76952f88d3f3c19cbb2a4f,0,A Microservices and Blockchain Based One Time Password (MBB-OTP) Protocol for Security-Enhanced Authentication,abstract,,,
653,systematic literature review,EVALUATES_ON,59 peer-reviewed studies,2025,This paper reports a systematic literature review of 59 peer-reviewed studies that examine authentication and authorisation (AuthN/AuthZ) in CI/CD workflows.,unique_normalized_exact_quote_match,7c1e2e6bedf484e34e2d4b92b06ced2e03839768,0,Systematic Review of Identity-Centric Security in Cloud-Native CI/CD Pipelines,abstract,,,
654,systematic literature review,APPLIED_TO,authentication and authorisation in CI/CD workflows,2025,This paper reports a systematic literature review of 59 peer-reviewed studies that examine authentication and authorisation (AuthN/AuthZ) in CI/CD workflows.,unique_normalized_exact_quote_match,7c1e2e6bedf484e34e2d4b92b06ced2e03839768,0,Systematic Review of Identity-Centric Security in Cloud-Native CI/CD Pipelines,abstract,,,
655,systematic literature review,PRODUCES,CI/CD-specific vulnerability taxonomy,2025,We then introduce a CI/CD-specific vulnerability taxonomy,unique_normalized_exact_quote_match,7c1e2e6bedf484e34e2d4b92b06ced2e03839768,0,Systematic Review of Identity-Centric Security in Cloud-Native CI/CD Pipelines,abstract,,,
656,OAuth 2.0,ADDRESSES,pipeline attack vectors,2025,"systematically map established mechanisms such as OAuth 2.0, Kerberos, SAML, mTLS, RBAC/ABAC, XACML, API gateways, and MFA to the attack vectors they mitigate across the pipeline.",unique_normalized_exact_quote_match,7c1e2e6bedf484e34e2d4b92b06ced2e03839768,0,Systematic Review of Identity-Centric Security in Cloud-Native CI/CD Pipelines,abstract,,,
657,mTLS,ADDRESSES,pipeline attack vectors,2025,"systematically map established mechanisms such as OAuth 2.0, Kerberos, SAML, mTLS, RBAC/ABAC, XACML, API gateways, and MFA to the attack vectors they mitigate across the pipeline.",unique_normalized_exact_quote_match,7c1e2e6bedf484e34e2d4b92b06ced2e03839768,0,Systematic Review of Identity-Centric Security in Cloud-Native CI/CD Pipelines,abstract,,,
658,cryptographically anchored identity models,USES,blockchain,2025,cryptographically anchored identity models that use blockchain and self-sovereign identity.,unique_normalized_exact_quote_match,7c1e2e6bedf484e34e2d4b92b06ced2e03839768,0,Systematic Review of Identity-Centric Security in Cloud-Native CI/CD Pipelines,abstract,,,
659,Zero-Trust Architecture,APPLIED_TO,cloud-native CI/CD environments,2025,"analysing emerging trends, including Zero-Trust Architecture... for securing access in cloud-native CI/CD environments.",unmatched_quote,,,,,,,
660,blockchain using microservices and smart contracts,APPLIED_TO,federation cloud systems in an IoT scenario,2023,we present blockchain using microservices and smart contracts for federation cloud systems in an IoT scenario,unique_normalized_exact_quote_match,bf7ddfcdbaacb11ac4a1a2d8a90e107eb6418916,0,Improving Security in IoT System Using a Blockchain and a Microservices Technologyy,abstract,,,
661,traditional security approaches,USES,centralized entity,2023,traditional security approaches is that they rely on a centralized entity,unique_normalized_exact_quote_match,bf7ddfcdbaacb11ac4a1a2d8a90e107eb6418916,0,Improving Security in IoT System Using a Blockchain and a Microservices Technologyy,abstract,,,
662,proposed framework,ADDRESSES,security of sharing data for various IoT systems in a federated cloud,2023,proposed framework that enables interconnection and guarantees the security of sharing data for various IoT systems in a federated cloud,unique_normalized_exact_quote_match,bf7ddfcdbaacb11ac4a1a2d8a90e107eb6418916,0,Improving Security in IoT System Using a Blockchain and a Microservices Technologyy,abstract,,,
663,AZTEM,ADDRESSES,"stationary trust models, loose access rules and encryption functions that hangs in the air with the advent of quantum computing",2025,A Self-evolving Zero-Trust Model of Adaptive Cloud security with AI-based Threat Mitigation and Quantumresilient Encryption is introduced and is capable of addressing these emerging problems.,unique_normalized_exact_quote_match,d5cc9fbb197d4e02eba3d20ee1c5f6224b95e2cb,0,AZTEM: A Self-Evolving Zero-Trust Model for Adaptive Cloud Security Using AI-Driven Threat Mitigation and Quantum-Resilient Encryption,abstract,,,
664,AZTEM,USES,reinforcement learning algorithms,2025,"validating and permitting all user, device, and microservice relations through the utilization of a contextsensitive trust engine that is reinforced by reinforcement learning algorithms.",unique_normalized_exact_quote_match,d5cc9fbb197d4e02eba3d20ee1c5f6224b95e2cb,0,AZTEM: A Self-Evolving Zero-Trust Model for Adaptive Cloud Security Using AI-Driven Threat Mitigation and Quantum-Resilient Encryption,abstract,,,
665,AZTEM,USES,LSTM-based sequence classifiers,2025,the system relies on the deep-learning-based anomaly detection methods such as LSTM-based sequence classifiers,unique_normalized_exact_quote_match,d5cc9fbb197d4e02eba3d20ee1c5f6224b95e2cb,0,AZTEM: A Self-Evolving Zero-Trust Model for Adaptive Cloud Security Using AI-Driven Threat Mitigation and Quantum-Resilient Encryption,abstract,,,
666,AZTEM,EVALUATES_ON,UNSW-NB15,2025,"the system relies on the deep-learning-based anomaly detection methods such as LSTM-based sequence classifiers on cloud workload telemetry, network flow logs, and publicly accessible datasets (UNSW-NB15 and CICIDS2018).",unique_normalized_exact_quote_match,d5cc9fbb197d4e02eba3d20ee1c5f6224b95e2cb,0,AZTEM: A Self-Evolving Zero-Trust Model for Adaptive Cloud Security Using AI-Driven Threat Mitigation and Quantum-Resilient Encryption,abstract,,,
667,AZTEM,EVALUATES_ON,CICIDS2018,2025,"the system relies on the deep-learning-based anomaly detection methods such as LSTM-based sequence classifiers on cloud workload telemetry, network flow logs, and publicly accessible datasets (UNSW-NB15 and CICIDS2018).",unique_normalized_exact_quote_match,d5cc9fbb197d4e02eba3d20ee1c5f6224b95e2cb,0,AZTEM: A Self-Evolving Zero-Trust Model for Adaptive Cloud Security Using AI-Driven Threat Mitigation and Quantum-Resilient Encryption,abstract,,,
668,AZTEM,USES,lattice cryptography,2025,the model includes quantum-resilient encryption that extends the protection of both data-at-rest and data-in-transit by using lattice cryptography,unique_normalized_exact_quote_match,d5cc9fbb197d4e02eba3d20ee1c5f6224b95e2cb,0,AZTEM: A Self-Evolving Zero-Trust Model for Adaptive Cloud Security Using AI-Driven Threat Mitigation and Quantum-Resilient Encryption,abstract,,,
669,AZTEM,IMPROVES,baseline zero-trust deployment,2025,demonstrated that threat detection accuracy and false positives decreased by 27 percent and 34 percent respectively over a baseline zero-trust deployment,unique_normalized_exact_quote_match,d5cc9fbb197d4e02eba3d20ee1c5f6224b95e2cb,0,AZTEM: A Self-Evolving Zero-Trust Model for Adaptive Cloud Security Using AI-Driven Threat Mitigation and Quantum-Resilient Encryption,abstract,,,
670,AZTEM,EVALUATES_ON,precision,2025,"Its application in adversarial context was assessed through measures such as precision, recall, F1-score and confidence intervals",unique_normalized_exact_quote_match,d5cc9fbb197d4e02eba3d20ee1c5f6224b95e2cb,0,AZTEM: A Self-Evolving Zero-Trust Model for Adaptive Cloud Security Using AI-Driven Threat Mitigation and Quantum-Resilient Encryption,abstract,,,
671,AZTEM,EVALUATES_ON,recall,2025,"Its application in adversarial context was assessed through measures such as precision, recall, F1-score and confidence intervals",unique_normalized_exact_quote_match,d5cc9fbb197d4e02eba3d20ee1c5f6224b95e2cb,0,AZTEM: A Self-Evolving Zero-Trust Model for Adaptive Cloud Security Using AI-Driven Threat Mitigation and Quantum-Resilient Encryption,abstract,,,
672,AZTEM,EVALUATES_ON,F1-score,2025,"Its application in adversarial context was assessed through measures such as precision, recall, F1-score and confidence intervals",unique_normalized_exact_quote_match,d5cc9fbb197d4e02eba3d20ee1c5f6224b95e2cb,0,AZTEM: A Self-Evolving Zero-Trust Model for Adaptive Cloud Security Using AI-Driven Threat Mitigation and Quantum-Resilient Encryption,abstract,,,
673,Spring Boot,COMBINES,Spring Security,2026,"Spring Boot, with its opinionated design philosophy and seamless integration with the Spring Security ecosystem",unique_normalized_exact_quote_match,79ea5e3d44f43de79304a3dba7a8820f17b311a0,0,Building Secure REST APIs in Spring Boot: Techniques and Tools,abstract,,,
674,Spring Boot,APPLIED_TO,REST APIs,2026,offering a reference blueprint for practitioners building secure REST APIs in Spring Boot.,unique_normalized_exact_quote_match,79ea5e3d44f43de79304a3dba7a8820f17b311a0,0,Building Secure REST APIs in Spring Boot: Techniques and Tools,abstract,,,
675,secure design principles,IMPROVES,"integrity, confidentiality, and resilience under load",2026,"The results highlight measurable improvements in integrity, confidentiality, and resilience under load",unique_normalized_exact_quote_match,79ea5e3d44f43de79304a3dba7a8820f17b311a0,0,Building Secure REST APIs in Spring Boot: Techniques and Tools,abstract,,,
676,comprehensive framework,ADDRESSES,growing security challenges,2025,It addresses the growing security challenges faced by organizations adopting containerized architectures,unique_normalized_exact_quote_match,5e447133b5fb3e6cdc90ad0f2467ecca2444be86,0,Kubernetes runtime security framework: Integrated detection and automated remediation workflow,abstract,,,
677,Falco,USES,system call analysis,2025,examining Falco's capabilities for real-time threat detection through system call analysis,unique_normalized_exact_quote_match,5e447133b5fb3e6cdc90ad0f2467ecca2444be86,0,Kubernetes runtime security framework: Integrated detection and automated remediation workflow,abstract,,,
678,Falco,COMBINES,Argo's event-driven automation tools,2025,The integration between Falco and Argo's event-driven automation tools,unique_normalized_exact_quote_match,5e447133b5fb3e6cdc90ad0f2467ecca2444be86,0,Kubernetes runtime security framework: Integrated detection and automated remediation workflow,abstract,,,
679,comprehensive framework,IMPROVES,incident response times,2025,"It highlights significant improvements in threat detection, incident response times",unique_normalized_exact_quote_match,5e447133b5fb3e6cdc90ad0f2467ecca2444be86,0,Kubernetes runtime security framework: Integrated detection and automated remediation workflow,abstract,,,
680,comprehensive framework,IMPROVES,threat detection,2025,It highlights significant improvements in threat detection,unique_normalized_exact_quote_match,5e447133b5fb3e6cdc90ad0f2467ecca2444be86,0,Kubernetes runtime security framework: Integrated detection and automated remediation workflow,abstract,,,
681,AI and ML solutions,APPLIED_TO,cloud-native security systems,2025,The incorporation of Artificial Intelligence (AI) and Machine Learning (ML) solutions into cloud-native security systems has emerged as an intriguing option for addressing these threats.,unique_normalized_exact_quote_match,798194f8790ba3971d1a5b2b5f8dcda7d261a733,0,AI-Enhanced Runtime Security for Kubernetes: Real-time Threat Detection with eBPF Telemetry and Ensemble Learning,abstract,,,
682,AI-based approaches,IMPROVES,access controls,2025,"The study is an in-depth discussion of AI-based approaches to improving access controls, anomaly detection, and intrusion prevention in Kubernetes environments.",unique_normalized_exact_quote_match,798194f8790ba3971d1a5b2b5f8dcda7d261a733,0,AI-Enhanced Runtime Security for Kubernetes: Real-time Threat Detection with eBPF Telemetry and Ensemble Learning,abstract,,,
683,AI-based approaches,APPLIED_TO,Kubernetes environments,2025,"AI-based approaches to improving access controls, anomaly detection, and intrusion prevention in Kubernetes environments.",unique_normalized_exact_quote_match,798194f8790ba3971d1a5b2b5f8dcda7d261a733,0,AI-Enhanced Runtime Security for Kubernetes: Real-time Threat Detection with eBPF Telemetry and Ensemble Learning,abstract,,,
684,federated learning,APPLIED_TO,Kubernetes environments,2025,"it compares federated learning, reinforcement learning, graph neural networks, and explainable AI.",unique_normalized_exact_quote_match,798194f8790ba3971d1a5b2b5f8dcda7d261a733,0,AI-Enhanced Runtime Security for Kubernetes: Real-time Threat Detection with eBPF Telemetry and Ensemble Learning,abstract,,,
685,AI-based models,IMPROVES,accuracy,2025,"The results of the current research indicate that the accuracy, efficiency, and scalability of real-time threat detection and policy enforcement using AI-based models can substantially surpass the of traditional ones.",unique_normalized_exact_quote_match,798194f8790ba3971d1a5b2b5f8dcda7d261a733,0,AI-Enhanced Runtime Security for Kubernetes: Real-time Threat Detection with eBPF Telemetry and Ensemble Learning,abstract,,,
686,AI-based models,IMPROVES,efficiency,2025,"The results of the current research indicate that the accuracy, efficiency, and scalability of real-time threat detection and policy enforcement using AI-based models can substantially surpass the of traditional ones.",unique_normalized_exact_quote_match,798194f8790ba3971d1a5b2b5f8dcda7d261a733,0,AI-Enhanced Runtime Security for Kubernetes: Real-time Threat Detection with eBPF Telemetry and Ensemble Learning,abstract,,,
687,AI-based models,APPLIED_TO,real-time threat detection,2025,real-time threat detection and policy enforcement using AI-based models can substantially surpass the of traditional ones.,unique_normalized_exact_quote_match,798194f8790ba3971d1a5b2b5f8dcda7d261a733,0,AI-Enhanced Runtime Security for Kubernetes: Real-time Threat Detection with eBPF Telemetry and Ensemble Learning,abstract,,,
688,hybrid detection framework,USES,extended Berkeley Packet Filter (eBPF),2025,we propose a hybrid detection framework that leverages the extended Berkeley Packet Filter (eBPF) to monitor container activities directly within the Linux kernel.,unique_normalized_exact_quote_match,54cd21072694e704a4b589498e63df9bed4c8e84,0,Hybrid Runtime Detection of Malicious Containers Using eBPF,abstract,,,
689,hybrid detection framework,USES,multi-class classification models,2025,"transforms them into machine-learning features, and applies multi-class classification models to distinguish malicious containers from benign ones.",unique_normalized_exact_quote_match,54cd21072694e704a4b589498e63df9bed4c8e84,0,Hybrid Runtime Detection of Malicious Containers Using eBPF,abstract,,,
690,hybrid detection framework,EVALUATES_ON,malicious and benign container scenarios,2025,"Using six malicious and four benign container scenarios, our evaluation shows that runtime detection is feasible with high accuracy",unique_normalized_exact_quote_match,54cd21072694e704a4b589498e63df9bed4c8e84,0,Hybrid Runtime Detection of Malicious Containers Using eBPF,abstract,,,
691,hybrid detection framework,COMBINES,flow-based network metadata,2025,The framework simultaneously collects flow-based network metadata and host-based system-call traces,unique_normalized_exact_quote_match,54cd21072694e704a4b589498e63df9bed4c8e84,0,Hybrid Runtime Detection of Malicious Containers Using eBPF,abstract,,,
692,hybrid approach,ADDRESSES,classification ambiguities,2025,combining flow-based and host-based telemetry in a complementary hybrid approach resolves classification ambiguities that arise when relying on a single data source.,unique_normalized_exact_quote_match,54cd21072694e704a4b589498e63df9bed4c8e84,0,Hybrid Runtime Detection of Malicious Containers Using eBPF,abstract,,,
693,eBPF-based hybrid analysis,APPLIED_TO,containerized environments,2025,"These findings underscore the potential of eBPF-based hybrid analysis for achieving accurate, low-overhead, and behavior-aware runtime security in containerized environments",unique_normalized_exact_quote_match,54cd21072694e704a4b589498e63df9bed4c8e84,0,Hybrid Runtime Detection of Malicious Containers Using eBPF,abstract,,,
694,holistic solution for intrusion detection,APPLIED_TO,Kubernetes clusters,2026,A holistic solution for intrusion detection in Kubernetes clusters is presented,unique_normalized_exact_quote_match,9043a6160f52d2d40b39dab34a038f441d73cff0,0,C-Shield: LLM-Enhanced Cybersecurity Platform for Intrusion Detection in Kubernetes Clusters,abstract,,,
695,holistic solution for intrusion detection,COMBINES,multi-layer monitoring,2026,combining multi-layer monitoring with selective LLM-based analysis,unique_normalized_exact_quote_match,9043a6160f52d2d40b39dab34a038f441d73cff0,0,C-Shield: LLM-Enhanced Cybersecurity Platform for Intrusion Detection in Kubernetes Clusters,abstract,,,
696,holistic solution for intrusion detection,COMBINES,selective LLM-based analysis,2026,combining multi-layer monitoring with selective LLM-based analysis,unique_normalized_exact_quote_match,9043a6160f52d2d40b39dab34a038f441d73cff0,0,C-Shield: LLM-Enhanced Cybersecurity Platform for Intrusion Detection in Kubernetes Clusters,abstract,,,
697,on-demand LLM reasoning,PRODUCES,natural language explanations,2026,"selectively trigger on-demand LLM reasoning to estimate threat probability and classify attack behavior, producing natural language explanations",unique_normalized_exact_quote_match,9043a6160f52d2d40b39dab34a038f441d73cff0,0,C-Shield: LLM-Enhanced Cybersecurity Platform for Intrusion Detection in Kubernetes Clusters,abstract,,,
698,holistic solution for intrusion detection,EVALUATES_ON,realistic attack scenarios,2026,"The system is validated using realistic attack scenarios such as network flooding, port scanning, authentication abuse, and privilege escalation on vulnerable containerized services",unique_normalized_exact_quote_match,9043a6160f52d2d40b39dab34a038f441d73cff0,0,C-Shield: LLM-Enhanced Cybersecurity Platform for Intrusion Detection in Kubernetes Clusters,abstract,,,
699,statistical and rule-based detectors,ADDRESSES,suspicious activity,2026,Statistical and rule-based detectors first identify suspicious activity,unique_normalized_exact_quote_match,9043a6160f52d2d40b39dab34a038f441d73cff0,0,C-Shield: LLM-Enhanced Cybersecurity Platform for Intrusion Detection in Kubernetes Clusters,abstract,,,
700,Dynamic Security Automation Framework,USES,RNN-GNN model,2026,The framework utilizes a hybrid architecture of Recurrent Neural Network-Graph Neural Network (RNN-GNN) model,unique_normalized_exact_quote_match,f220e7f3e525751076eb165fb04be0a185bf8250,0,Dynamic Security Automation for Containerized and Serverless Cloud Environments,abstract,,,
701,Dynamic Security Automation Framework,EVALUATES_ON,UNSW-NB15 dataset,2026,Experimental evaluation on UNSW-NB15 dataset on the hybrid cloud testbed showed that the proposed DSAF achieved a detection accuracy of 96.3%,unique_normalized_exact_quote_match,f220e7f3e525751076eb165fb04be0a185bf8250,0,Dynamic Security Automation for Containerized and Serverless Cloud Environments,abstract,,,
702,Dynamic Security Automation Framework,PRODUCES,detection accuracy of 96.3%,2026,the proposed DSAF achieved a detection accuracy of 96.3%,unique_normalized_exact_quote_match,f220e7f3e525751076eb165fb04be0a185bf8250,0,Dynamic Security Automation for Containerized and Serverless Cloud Environments,abstract,,,
703,Dynamic Security Automation Framework,APPLIED_TO,modern cloud-native ecosystems,2026,"DSAF is an intelligent, self-adaptive, and scalable solution to secure modern cloud-native ecosystems.",unique_normalized_exact_quote_match,f220e7f3e525751076eb165fb04be0a185bf8250,0,Dynamic Security Automation for Containerized and Serverless Cloud Environments,abstract,,,
704,full-stack security gateway framework,ADDRESSES,API abuse and unauthorized data access,2025,"To address API abuse and unauthorized data access in multi-tenant systems, this paper proposes a full-stack security gateway framework",unique_normalized_exact_quote_match,31ff7c5ddf7b69e24f223286f510e9f5c0a26f20,0,Research on API Security Gateway and Data Access Control Model for Multi-tenant Full-stack Systems,abstract,,,
705,full-stack security gateway framework,USES,Envoy Gateway,2025,The system integrates Envoy Gateway and the OPA (Open Policy Agent) policy engine,unique_normalized_exact_quote_match,31ff7c5ddf7b69e24f223286f510e9f5c0a26f20,0,Research on API Security Gateway and Data Access Control Model for Multi-tenant Full-stack Systems,abstract,,,
706,full-stack security gateway framework,USES,OPA (Open Policy Agent) policy engine,2025,The system integrates Envoy Gateway and the OPA (Open Policy Agent) policy engine,unique_normalized_exact_quote_match,31ff7c5ddf7b69e24f223286f510e9f5c0a26f20,0,Research on API Security Gateway and Data Access Control Model for Multi-tenant Full-stack Systems,abstract,,,
707,OAuth 2.1 authorization protocol,COMBINES,JWT token authentication,2025,combining the OAuth 2.1 authorization protocol with JWT token authentication,unique_normalized_exact_quote_match,31ff7c5ddf7b69e24f223286f510e9f5c0a26f20,0,Research on API Security Gateway and Data Access Control Model for Multi-tenant Full-stack Systems,abstract,,,
708,full-stack security gateway framework,IMPROVES,security event detection rate,2025,with a 28% increase in security event detection rate,unique_normalized_exact_quote_match,31ff7c5ddf7b69e24f223286f510e9f5c0a26f20,0,Research on API Security Gateway and Data Access Control Model for Multi-tenant Full-stack Systems,abstract,,,
709,cybersecurity framework,USES,artificial intelligence,2025,propose a cybersecurity framework aimed at enhancing fraud detection in financial systems by leveraging artificial intelligence (AI),unique_normalized_exact_quote_match,6847a6357d588ab3f22703c12e72b4d7523d12b2,0,A Cybersecurity framework for fraud detection in financial systems using AI and Microservices,abstract,,,
710,cybersecurity framework,ADDRESSES,fraud detection,2025,propose a cybersecurity framework aimed at enhancing fraud detection in financial systems,unique_normalized_exact_quote_match,6847a6357d588ab3f22703c12e72b4d7523d12b2,0,A Cybersecurity framework for fraud detection in financial systems using AI and Microservices,abstract,,,
711,cybersecurity framework,APPLIED_TO,financial systems,2025,propose a cybersecurity framework aimed at enhancing fraud detection in financial systems,unique_normalized_exact_quote_match,6847a6357d588ab3f22703c12e72b4d7523d12b2,0,A Cybersecurity framework for fraud detection in financial systems using AI and Microservices,abstract,,,
712,cybersecurity framework,USES,AI-driven models,2025,The framework employs AI-driven models for real-time anomaly detection,unique_normalized_exact_quote_match,6847a6357d588ab3f22703c12e72b4d7523d12b2,0,A Cybersecurity framework for fraud detection in financial systems using AI and Microservices,abstract,,,
713,AI-driven models,ADDRESSES,real-time anomaly detection,2025,The framework employs AI-driven models for real-time anomaly detection,unique_normalized_exact_quote_match,6847a6357d588ab3f22703c12e72b4d7523d12b2,0,A Cybersecurity framework for fraud detection in financial systems using AI and Microservices,abstract,,,
714,microservices architecture,USES,Java Spring Boot,2025,"Microservices architecture, built using technologies such as Java Spring Boot",unique_normalized_exact_quote_match,6847a6357d588ab3f22703c12e72b4d7523d12b2,0,A Cybersecurity framework for fraud detection in financial systems using AI and Microservices,abstract,,,
715,SonarQube,ADDRESSES,vulnerabilities,2025,security testing platforms such as SonarQube and Blackduck plays a critical role in continuously monitoring and inspecting code for vulnerabilities,unique_normalized_exact_quote_match,6847a6357d588ab3f22703c12e72b4d7523d12b2,0,A Cybersecurity framework for fraud detection in financial systems using AI and Microservices,abstract,,,
716,Blackduck,ADDRESSES,vulnerabilities,2025,security testing platforms such as SonarQube and Blackduck plays a critical role in continuously monitoring and inspecting code for vulnerabilities,unique_normalized_exact_quote_match,6847a6357d588ab3f22703c12e72b4d7523d12b2,0,A Cybersecurity framework for fraud detection in financial systems using AI and Microservices,abstract,,,
717,unsupervised anomaly-detection method based on system calls,ADDRESSES,security challenges in edge-native containerized environments,2025,"To achieve security and observability in edge-native containerized environments and lower the cost of computing resources, we propose an unsupervised anomaly-detection method based on system calls.",unique_normalized_exact_quote_match,b41e5f721cb03c4ea5ce0b4658ca5c2cdfa37f7d,0,U-SCAD: An Unsupervised Method of System Call-Driven Anomaly Detection for Containerized Edge Clouds,abstract,,,
718,unsupervised anomaly-detection method based on system calls,USES,Syscall2vec,2025,this method embeds system calls into sequences using the proposed Syscall2vec,unique_normalized_exact_quote_match,b41e5f721cb03c4ea5ce0b4658ca5c2cdfa37f7d,0,U-SCAD: An Unsupervised Method of System Call-Driven Anomaly Detection for Containerized Edge Clouds,abstract,,,
719,unsupervised anomaly-detection method based on system calls,IMPROVES,F1 score,2025,"the detection part of our method improves the F1 score by 23.88% and 41.31%, respectively",unique_normalized_exact_quote_match,b41e5f721cb03c4ea5ce0b4658ca5c2cdfa37f7d,0,U-SCAD: An Unsupervised Method of System Call-Driven Anomaly Detection for Containerized Edge Clouds,abstract,,,
720,unsupervised anomaly-detection method based on system calls,APPLIED_TO,modern containerized cloud microservices,2025,We conduct experiments using our method with a background based on modern containerized cloud microservices.,unique_normalized_exact_quote_match,b41e5f721cb03c4ea5ce0b4658ca5c2cdfa37f7d,0,U-SCAD: An Unsupervised Method of System Call-Driven Anomaly Detection for Containerized Edge Clouds,abstract,,,
721,unsupervised anomaly-detection method based on system calls,ADDRESSES,cost of computing resources,2025,"lower the cost of computing resources, we propose an unsupervised anomaly-detection method based on system calls.",unique_normalized_exact_quote_match,b41e5f721cb03c4ea5ce0b4658ca5c2cdfa37f7d,0,U-SCAD: An Unsupervised Method of System Call-Driven Anomaly Detection for Containerized Edge Clouds,abstract,,,
722,Low-Intervention Security Embedding Architecture,IMPROVES,security of business processes,2023,empowers business applications to enhance the security of their processes through judicious intervention within business APIs,unique_normalized_exact_quote_match,2d09963e6c39c34ec7ef83641ec0425fad68a6b6,0,Leaving the Business Security Burden to LiSEA: A Low-Intervention Security Embedding Architecture for Business APIs,abstract,,,
723,Low-Intervention Security Embedding Architecture,APPLIED_TO,business APIs,2023,empowers business applications to enhance the security of their processes through judicious intervention within business APIs,unique_normalized_exact_quote_match,2d09963e6c39c34ec7ef83641ec0425fad68a6b6,0,Leaving the Business Security Burden to LiSEA: A Low-Intervention Security Embedding Architecture for Business APIs,abstract,,,
724,Low-Intervention Security Embedding Architecture,ADDRESSES,OWASP API Security Top 10,2023,adeptly addresses eight out of the ten critical vulnerabilities enumerated in the OWASP API Security Top 10,unique_normalized_exact_quote_match,2d09963e6c39c34ec7ef83641ec0425fad68a6b6,0,Leaving the Business Security Burden to LiSEA: A Low-Intervention Security Embedding Architecture for Business APIs,abstract,,,
725,Low-Intervention Security Embedding Architecture,PRODUCES,latency,2023,LiSEA brings less than 20 msec of latency to the business process,unique_normalized_exact_quote_match,2d09963e6c39c34ec7ef83641ec0425fad68a6b6,0,Leaving the Business Security Burden to LiSEA: A Low-Intervention Security Embedding Architecture for Business APIs,abstract,,,
726,"dual-workflow, cloud-native architecture",ADDRESSES,train-serve skew,2025,solving the train-serve skew problem,unique_normalized_exact_quote_match,0cc0881a21c14ff1295640ea8e6ea6fdbc07e155,0,"A Framework for ML-Based Intrusion Detection and Prevention: A Containerized, Cloud-Native Approach",abstract,,,
727,"dual-workflow, cloud-native architecture",EXTENDS,flexible ML framework,2025,Our architecture builds upon a flexible ML framework from foundational research,unique_normalized_exact_quote_match,0cc0881a21c14ff1295640ea8e6ea6fdbc07e155,0,"A Framework for ML-Based Intrusion Detection and Prevention: A Containerized, Cloud-Native Approach",abstract,,,
728,minimal-overhead online workflow,USES,kernel-level probes,2025,"we introduce a minimal-overhead online workflow that uses high-performance, kernel-level probes",unique_normalized_exact_quote_match,0cc0881a21c14ff1295640ea8e6ea6fdbc07e155,0,"A Framework for ML-Based Intrusion Detection and Prevention: A Containerized, Cloud-Native Approach",abstract,,,
729,"dual-workflow, cloud-native architecture",USES,Kubernetes,2025,"blueprint for orchestrating the framework as a containerized, microservice-based cluster using platforms like Kubernetes",unique_normalized_exact_quote_match,0cc0881a21c14ff1295640ea8e6ea6fdbc07e155,0,"A Framework for ML-Based Intrusion Detection and Prevention: A Containerized, Cloud-Native Approach",abstract,,,
730,dual-workflow design,USES,two-stage ML pipeline,2025,"This dual-workflow design separates low-latency real-time detection from deep offline analysis, which leverages the foundational two-stage ML pipeline",unique_normalized_exact_quote_match,0cc0881a21c14ff1295640ea8e6ea6fdbc07e155,0,"A Framework for ML-Based Intrusion Detection and Prevention: A Containerized, Cloud-Native Approach",abstract,,,
731,mixture of experts,COMBINES,deep neural models,2024,"proposes to use a mixture of experts, i.e., deep neural models trained on local datasets that are combined",unique_normalized_exact_quote_match,dea68588503b2b3762a7abf4262ddbd078f96b43,0,A Few to Unveil Them All: Leveraging Mixture of Experts on Minimal Data for Detecting Covert Channels in Containerized Cloud Infrastructures,abstract,,,
732,deep neural models,USES,local datasets,2024,deep neural models trained on local datasets,unique_normalized_exact_quote_match,dea68588503b2b3762a7abf4262ddbd078f96b43,0,A Few to Unveil Them All: Leveraging Mixture of Experts on Minimal Data for Detecting Covert Channels in Containerized Cloud Infrastructures,abstract,,,
733,mixture of experts,ADDRESSES,network covert channels,2024,"An aspect largely neglected concerns network covert channels, which can be used to implement advanced persistent threats or ex-filtrate sensitive data. Unfortunately, revealing the presence of parasitic information hidden in network traffic is a hard task often clashing with privacy, performance and scalability constraints. Therefore, this paper proposes to use a mixture of experts",unique_normalized_exact_quote_match,dea68588503b2b3762a7abf4262ddbd078f96b43,0,A Few to Unveil Them All: Leveraging Mixture of Experts on Minimal Data for Detecting Covert Channels in Containerized Cloud Infrastructures,abstract,,,
734,mixture of experts,EVALUATES_ON,IPv4 traffic,2024,Results obtained by considering covert communications targeting the TTL field of IPv4 traffic collected in realistic settings demonstrated the effectiveness of our approach.,unique_normalized_exact_quote_match,dea68588503b2b3762a7abf4262ddbd078f96b43,0,A Few to Unveil Them All: Leveraging Mixture of Experts on Minimal Data for Detecting Covert Channels in Containerized Cloud Infrastructures,abstract,,,
735,Spring Security,ADDRESSES,access control,2020,Spring Security has been studied up to December 2020 for various levels of access control,unique_normalized_exact_quote_match,f5ab88e5f1e08dc931c4f7a8693275c93d82ca07,0,Fine-Grained Access Control with Spring Security,abstract,,,
736,Spring Security,COMBINES,OAuth2,2020,When used in combination with OAuth2 and JWT,unique_normalized_exact_quote_match,f5ab88e5f1e08dc931c4f7a8693275c93d82ca07,0,Fine-Grained Access Control with Spring Security,abstract,,,
737,Spring Security,COMBINES,JWT,2020,When used in combination with OAuth2 and JWT,unique_normalized_exact_quote_match,f5ab88e5f1e08dc931c4f7a8693275c93d82ca07,0,Fine-Grained Access Control with Spring Security,abstract,,,
738,Spring Security,ADDRESSES,policy-based security of APIs and data assets,2020,Spring Security offering a solid foundation for policy-based security of APIs and data assets,unique_normalized_exact_quote_match,f5ab88e5f1e08dc931c4f7a8693275c93d82ca07,0,Fine-Grained Access Control with Spring Security,abstract,,,
739,combined cloud-based API protection model,COMBINES,Web Application Firewall (WAF),2025,The article proposes a combined cloud-based API protection model in which the WAF provides perimeter control and the API Gateway enforces logical access control.,unique_normalized_exact_quote_match,d156af392e019f2e329a5a0d4f7dc8ea55fb4b6f,0,SOFTWARE SUPPLY CHAIN SECURITY ANALYSIS,abstract,,,
740,combined cloud-based API protection model,COMBINES,API Gateway,2025,The article proposes a combined cloud-based API protection model in which the WAF provides perimeter control and the API Gateway enforces logical access control.,unique_normalized_exact_quote_match,d156af392e019f2e329a5a0d4f7dc8ea55fb4b6f,0,SOFTWARE SUPPLY CHAIN SECURITY ANALYSIS,abstract,,,
741,empirical testing in sandboxed environments,APPLIED_TO,Web Application Firewall (WAF),2025,"Additionally, it presents methods for evaluating the effectiveness of these mechanisms, including empirical testing in sandboxed environments",unique_normalized_exact_quote_match,d156af392e019f2e329a5a0d4f7dc8ea55fb4b6f,0,SOFTWARE SUPPLY CHAIN SECURITY ANALYSIS,abstract,,,
742,comparative benchmarking under various configurations,APPLIED_TO,Web Application Firewall (WAF),2025,"Additionally, it presents methods for evaluating the effectiveness of these mechanisms, including empirical testing in sandboxed environments, comparative benchmarking under various configurations",unique_normalized_exact_quote_match,d156af392e019f2e329a5a0d4f7dc8ea55fb4b6f,0,SOFTWARE SUPPLY CHAIN SECURITY ANALYSIS,abstract,,,
743,threat modeling,APPLIED_TO,Web Application Firewall (WAF),2025,"Additionally, it presents methods for evaluating the effectiveness of these mechanisms, including empirical testing in sandboxed environments, comparative benchmarking under various configurations, and threat modeling.",unique_normalized_exact_quote_match,d156af392e019f2e329a5a0d4f7dc8ea55fb4b6f,0,SOFTWARE SUPPLY CHAIN SECURITY ANALYSIS,abstract,,,
744,combined cloud-based API protection model,ADDRESSES,securing application programming interfaces (APIs) in cloud environments,2025,This article addresses the pressing issue of securing application programming interfaces (APIs) in cloud environments... The article proposes a combined cloud-based API protection model,unmatched_quote,,,,,,,
745,SecureCloudOps,APPLIED_TO,Azure Kubernetes Service,2025,"we present SecureCloudOps, a unified Zero-Trust framework that fuses federated identity management with real-time runtime security monitoring for Azure Kubernetes Service (AKS).",unique_normalized_exact_quote_match,d09c3b4c791250b4a5cb5638597e401692b00048,0,SecureCloudOps: Zero-Trust Identity Federation and Runtime Monitoring in Azure Kubernetes Service (AKS),abstract,,,
746,SecureCloudOps,USES,Open Policy Agent,2025,dynamically enforces access policies using Open Policy Agent (OPA) and Gatekeeper.,unique_normalized_exact_quote_match,d09c3b4c791250b4a5cb5638597e401692b00048,0,SecureCloudOps: Zero-Trust Identity Federation and Runtime Monitoring in Azure Kubernetes Service (AKS),abstract,,,
747,SecureCloudOps,USES,Gatekeeper,2025,dynamically enforces access policies using Open Policy Agent (OPA) and Gatekeeper.,unique_normalized_exact_quote_match,d09c3b4c791250b4a5cb5638597e401692b00048,0,SecureCloudOps: Zero-Trust Identity Federation and Runtime Monitoring in Azure Kubernetes Service (AKS),abstract,,,
748,SecureCloudOps,ADDRESSES,static security models,2025,"To address the limitations of static security models, our framework integrates eBPF-based runtime instrumentation",unique_normalized_exact_quote_match,d09c3b4c791250b4a5cb5638597e401692b00048,0,SecureCloudOps: Zero-Trust Identity Federation and Runtime Monitoring in Azure Kubernetes Service (AKS),abstract,,,
749,SecureCloudOps,USES,eBPF-based runtime instrumentation,2025,our framework integrates eBPF-based runtime instrumentation for continuous behavior monitoring of containerized workloads.,unique_normalized_exact_quote_match,d09c3b4c791250b4a5cb5638597e401692b00048,0,SecureCloudOps: Zero-Trust Identity Federation and Runtime Monitoring in Azure Kubernetes Service (AKS),abstract,,,
750,SecureCloudOps,IMPROVES,detection accuracy,2025,"Compared to baseline tools like Falco, Tracee, and Azure Defender, our solution achieves higher detection accuracy (96.8% TPR)",unique_normalized_exact_quote_match,d09c3b4c791250b4a5cb5638597e401692b00048,0,SecureCloudOps: Zero-Trust Identity Federation and Runtime Monitoring in Azure Kubernetes Service (AKS),abstract,,,
751,SecureCloudOps,IMPROVES,false positive rates,2025,"Compared to baseline tools like Falco, Tracee, and Azure Defender, our solution achieves higher detection accuracy (96.8% TPR), lower false positive rates (2.3%)",unique_normalized_exact_quote_match,d09c3b4c791250b4a5cb5638597e401692b00048,0,SecureCloudOps: Zero-Trust Identity Federation and Runtime Monitoring in Azure Kubernetes Service (AKS),abstract,,,
752,SecureCloudOps,IMPROVES,operational latency,2025,"Compared to baseline tools like Falco, Tracee, and Azure Defender, our solution achieves higher detection accuracy (96.8% TPR), lower false positive rates (2.3%), and reduced operational latency",unique_normalized_exact_quote_match,d09c3b4c791250b4a5cb5638597e401692b00048,0,SecureCloudOps: Zero-Trust Identity Federation and Runtime Monitoring in Azure Kubernetes Service (AKS),abstract,,,
753,Fault and Intrusion Tolerance framework,ADDRESSES,accidental and malicious faults,2022,Our aim is to immunize the target environments against accidental and malicious faults,unique_normalized_exact_quote_match,64ea3fef2945f44f29528c7c140d5a251e30a5e3,0,A Fault and Intrusion Tolerance Framework for Containerized Environments: A Specification-Based Error Detection Approach,abstract,,,
754,specification-based error detection mechanism,ADDRESSES,security state errors,2022,derive a specification-based error detection mechanism at the host level to systematically and formally capture security state errors,unmatched_quote,,,,,,,
755,Fault and Intrusion Tolerance framework,IMPROVES,dependability and security properties,2022,preserve their core dependability and security properties.,unique_normalized_exact_quote_match,64ea3fef2945f44f29528c7c140d5a251e30a5e3,0,A Fault and Intrusion Tolerance Framework for Containerized Environments: A Specification-Based Error Detection Approach,abstract,,,
756,proposed framework,USES,machine learning,2022,a framework is proposed for implementing a Host-based Intrusion Detection System (HIDS) by analyzing system calls with machine learning,unique_normalized_exact_quote_match,51fc506c604233773fafb75d739ae8f21f1640f9,0,Intrusion Detection in Container Orchestration Clusters : A framework proposal based on real-time system call analysis with machine learning for anomaly detection,abstract,,,
757,proposed framework,APPLIED_TO,Kubernetes container orchestration cluster,2022,a framework is proposed for implementing a Host-based Intrusion Detection System (HIDS) by analyzing system calls with machine learning on a Kubernetes container orchestration cluster.,unique_normalized_exact_quote_match,51fc506c604233773fafb75d739ae8f21f1640f9,0,Intrusion Detection in Container Orchestration Clusters : A framework proposal based on real-time system call analysis with machine learning for anomaly detection,abstract,,,
758,proposed framework,ADDRESSES,overhead of the cluster nodes,2022,The presented framework prevents the overhead of the cluster nodes from processing focused on intrusion detection through a distributed and scalable architecture.,unique_normalized_exact_quote_match,51fc506c604233773fafb75d739ae8f21f1640f9,0,Intrusion Detection in Container Orchestration Clusters : A framework proposal based on real-time system call analysis with machine learning for anomaly detection,abstract,,,
759,proposed architecture,USES,GNS3 software,2022,The proposed architecture was implemented in the GNS3 software,unique_normalized_exact_quote_match,51fc506c604233773fafb75d739ae8f21f1640f9,0,Intrusion Detection in Container Orchestration Clusters : A framework proposal based on real-time system call analysis with machine learning for anomaly detection,abstract,,,
760,Intrusion Detection Systems (IDS),APPLIED_TO,cloud and container environments,2022,Intrusion Detection Systems (IDS) have been employed to secure cloud and container environments.,unique_normalized_exact_quote_match,51fc506c604233773fafb75d739ae8f21f1640f9,0,Intrusion Detection in Container Orchestration Clusters : A framework proposal based on real-time system call analysis with machine learning for anomaly detection,abstract,,,
761,proposed framework,USES,system calls,2022,analyzing system calls with machine learning,unique_normalized_exact_quote_match,51fc506c604233773fafb75d739ae8f21f1640f9,0,Intrusion Detection in Container Orchestration Clusters : A framework proposal based on real-time system call analysis with machine learning for anomaly detection,abstract,,,
762,microservices-based cloud-edge architecture,ADDRESSES,"scalability, security enforcement, and real-time telemetry processing",2025,"Traditional network architectures often struggle with scalability, security enforcement, and real-time telemetry processing... To address these challenges, this paper presents a novel microservices-based cloud-edge architecture",unmatched_quote,,,,,,,
763,microservices-based cloud-edge architecture,COMBINES,Software-Defined Networking (SDN),2025,"this paper presents a novel microservices-based cloud-edge architecture that integrates Software-Defined Networking (SDN), edge-AI, and agents",unique_normalized_exact_quote_match,05c26ba2473e432f3db292954fc38dfae61d0fcb,0,A Cloud-Edge Microservices Architecture for Smart Healthcare: SDN-Based Medical Asset Management,abstract,,,
764,proposed system,USES,SDN,2025,The proposed system leverages SDN for centralized traffic control,unique_normalized_exact_quote_match,05c26ba2473e432f3db292954fc38dfae61d0fcb,0,A Cloud-Edge Microservices Architecture for Smart Healthcare: SDN-Based Medical Asset Management,abstract,,,
765,KubeEdge,EXTENDS,analytics and enforcement capabilities,2025,while KubeEdge extends analytics and enforcement capabilities to the edge,unique_normalized_exact_quote_match,05c26ba2473e432f3db292954fc38dfae61d0fcb,0,A Cloud-Edge Microservices Architecture for Smart Healthcare: SDN-Based Medical Asset Management,abstract,,,
766,Autoencoder-based models,PRODUCES,94.5% accuracy,2025,"Autoencoder-based models, which detect anomalies with 94.5% accuracy",unique_normalized_exact_quote_match,05c26ba2473e432f3db292954fc38dfae61d0fcb,0,A Cloud-Edge Microservices Architecture for Smart Healthcare: SDN-Based Medical Asset Management,abstract,,,
767,Open vSwitch (OVS),COMBINES,Calico networking,2025,"Open vSwitch (OVS), integrated with Calico networking",unique_normalized_exact_quote_match,05c26ba2473e432f3db292954fc38dfae61d0fcb,0,A Cloud-Edge Microservices Architecture for Smart Healthcare: SDN-Based Medical Asset Management,abstract,,,
768,Open vSwitch (OVS),PRODUCES,99.2% policy enforcement success,2025,Open vSwitch (OVS)... achieving 99.2% policy enforcement success,unmatched_quote,,,,,,,
769,proposed architecture,EVALUATES_ON,three-node Kubernetes cluster,2025,The network was deployed and validated on a three-node Kubernetes cluster,unmatched_quote,,,,,,,
770,machine learning techniques,APPLIED_TO,anomaly detection in containerized applications,2023,This research explores the application of Machine Learning (ML) techniques for anomaly detection in containerized applications.,unique_normalized_exact_quote_match,37a4478b1e6fb9144165dc45a6d8df42631658c3,0,Container Security Intelligence: Leveraging Machine Learning for Anomaly Detection in Containerized Applications,abstract,,,
771,proposed methodology,COMBINES,container runtime metrics,2023,"The proposed methodology integrates container runtime metrics, system call analysis, and network traffic patterns to build a predictive model",unique_normalized_exact_quote_match,37a4478b1e6fb9144165dc45a6d8df42631658c3,0,Container Security Intelligence: Leveraging Machine Learning for Anomaly Detection in Containerized Applications,abstract,,,
772,proposed approach,EVALUATES_ON,real-world containerized applications and datasets,2023,"To evaluate the effectiveness of this approach, extensive experiments were conducted using real-world containerized applications and datasets.",unique_normalized_exact_quote_match,37a4478b1e6fb9144165dc45a6d8df42631658c3,0,Container Security Intelligence: Leveraging Machine Learning for Anomaly Detection in Containerized Applications,abstract,,,
773,proposed approach,PRODUCES,accuracy rate of 95% in detecting anomalies,2023,The results demonstrated that this approach achieved a remarkable accuracy rate of 95% in detecting anomalies,unique_normalized_exact_quote_match,37a4478b1e6fb9144165dc45a6d8df42631658c3,0,Container Security Intelligence: Leveraging Machine Learning for Anomaly Detection in Containerized Applications,abstract,,,
774,proposed approach,IMPROVES,container security,2023,discusses its potential impact on enhancing container security in real-world scenarios.,unique_normalized_exact_quote_match,37a4478b1e6fb9144165dc45a6d8df42631658c3,0,Container Security Intelligence: Leveraging Machine Learning for Anomaly Detection in Containerized Applications,abstract,,,
775,ChronosGuard,APPLIED_TO,Containerized Environments,2024,"This paper presents ChronosGuard, a hierarchical machine learning (ML) IDS designed for containerized environments.",unique_normalized_exact_quote_match,27e86c4831fc0812a7dc669ec46e68155327ab9b,0,ChronosGuards: A Hierarchical Machine Learning Intrusion Detection System for Modern Clouds,abstract,,,
776,ChronosGuard,USES,Hierarchical Machine Learning,2024,"ChronosGuard, a hierarchical machine learning (ML) IDS designed for containerized environments.",unique_normalized_exact_quote_match,27e86c4831fc0812a7dc669ec46e68155327ab9b,0,ChronosGuards: A Hierarchical Machine Learning Intrusion Detection System for Modern Clouds,abstract,,,
777,ChronosGuard,ADDRESSES,Intrusion Detection,2024,there is a growing need to understand how intrusion detection can adapt to these dynamic environments. This paper presents ChronosGuard,unique_normalized_exact_quote_match,27e86c4831fc0812a7dc669ec46e68155327ab9b,0,ChronosGuards: A Hierarchical Machine Learning Intrusion Detection System for Modern Clouds,abstract,,,
778,Network-aware Orchestration,IMPROVES,Response Times,2024,up to 10% decrease in response times with network-aware orchestration for complex deployment configurations.,unique_normalized_exact_quote_match,27e86c4831fc0812a7dc669ec46e68155327ab9b,0,ChronosGuards: A Hierarchical Machine Learning Intrusion Detection System for Modern Clouds,abstract,,,
779,ChronosGuard,PRODUCES,Prioritization of Benign Traffic,2024,Results show the effective prioritization of benign traffic of up to 85% compared to malicious traffic,unique_normalized_exact_quote_match,27e86c4831fc0812a7dc669ec46e68155327ab9b,0,ChronosGuards: A Hierarchical Machine Learning Intrusion Detection System for Modern Clouds,abstract,,,
780,machine learning techniques,APPLIED_TO,container security frameworks,2025,integration of machine learning (ML) techniques into container security frameworks,unique_normalized_exact_quote_match,a4f8e4968e183bacf2ea0f5fa019480fea9a4f3d,0,Integrating Machine Learning into the Security of Containerized Workloads,abstract,,,
781,machine learning,IMPROVES,threat detection accuracy,2025,ML enhances threat detection accuracy,unique_normalized_exact_quote_match,a4f8e4968e183bacf2ea0f5fa019480fea9a4f3d,0,Integrating Machine Learning into the Security of Containerized Workloads,abstract,,,
782,machine learning,IMPROVES,system resilience,2025,improves overall system resilience,unique_normalized_exact_quote_match,a4f8e4968e183bacf2ea0f5fa019480fea9a4f3d,0,Integrating Machine Learning into the Security of Containerized Workloads,abstract,,,
783,machine learning techniques,ADDRESSES,security risks,2025,"integration of machine learning (ML) techniques into container security frameworks to detect anomalies, predict potential threats",unique_normalized_exact_quote_match,a4f8e4968e183bacf2ea0f5fa019480fea9a4f3d,0,Integrating Machine Learning into the Security of Containerized Workloads,abstract,,,
784,artificial intelligence (AI) and machine learning (ML),IMPROVES,cloud and container security,2025,assess the potential of artificial intelligence (AI) and machine learning (ML) in enhancing cloud and container security,unique_normalized_exact_quote_match,4b9aeabba3cc181c264c99089be698bd8b8685e0,0,ASSESSING THE POTENTIAL OF USING ARTIFICIAL INTELLIGENCE AND MACHINE LEARNING MODELS TO ENSURE THE SECURITY OF CLOUD ENVIRONMENTS AND AUTOMATED MANAGEMENT SYSTEMS FOR CONTAINERIZED APPLICATIONS,abstract,,,
785,AI/ML models,ADDRESSES,anomaly detection,2025,explores the effectiveness of AI/ML models for anomaly detection,unique_normalized_exact_quote_match,4b9aeabba3cc181c264c99089be698bd8b8685e0,0,ASSESSING THE POTENTIAL OF USING ARTIFICIAL INTELLIGENCE AND MACHINE LEARNING MODELS TO ENSURE THE SECURITY OF CLOUD ENVIRONMENTS AND AUTOMATED MANAGEMENT SYSTEMS FOR CONTAINERIZED APPLICATIONS,abstract,,,
786,"hybrid models (XGBoost, CNN, LSTM)",APPLIED_TO,intrusion detection systems,2025,"hybrid models (XGBoost, CNN, LSTM) in intrusion detection systems",unique_normalized_exact_quote_match,4b9aeabba3cc181c264c99089be698bd8b8685e0,0,ASSESSING THE POTENTIAL OF USING ARTIFICIAL INTELLIGENCE AND MACHINE LEARNING MODELS TO ENSURE THE SECURITY OF CLOUD ENVIRONMENTS AND AUTOMATED MANAGEMENT SYSTEMS FOR CONTAINERIZED APPLICATIONS,abstract,,,
787,eBPF-based syscalls tracing,APPLIED_TO,container behavior profiling,2025,eBPF-based syscalls tracing for container behavior profiling,unique_normalized_exact_quote_match,4b9aeabba3cc181c264c99089be698bd8b8685e0,0,ASSESSING THE POTENTIAL OF USING ARTIFICIAL INTELLIGENCE AND MACHINE LEARNING MODELS TO ENSURE THE SECURITY OF CLOUD ENVIRONMENTS AND AUTOMATED MANAGEMENT SYSTEMS FOR CONTAINERIZED APPLICATIONS,abstract,,,
788,ML classifiers,APPLIED_TO,vulnerability prioritization in DevSecOps,2025,ML classifiers for vulnerability prioritization in DevSecOps,unique_normalized_exact_quote_match,4b9aeabba3cc181c264c99089be698bd8b8685e0,0,ASSESSING THE POTENTIAL OF USING ARTIFICIAL INTELLIGENCE AND MACHINE LEARNING MODELS TO ENSURE THE SECURITY OF CLOUD ENVIRONMENTS AND AUTOMATED MANAGEMENT SYSTEMS FOR CONTAINERIZED APPLICATIONS,abstract,,,
789,active defense platforms,COMBINES,honeypots and adaptive monitoring loops (MAPE-K),2025,active defense platforms combining honeypots and adaptive monitoring loops (MAPE-K),unique_normalized_exact_quote_match,4b9aeabba3cc181c264c99089be698bd8b8685e0,0,ASSESSING THE POTENTIAL OF USING ARTIFICIAL INTELLIGENCE AND MACHINE LEARNING MODELS TO ENSURE THE SECURITY OF CLOUD ENVIRONMENTS AND AUTOMATED MANAGEMENT SYSTEMS FOR CONTAINERIZED APPLICATIONS,abstract,,,
790,AI-powered security systems,PRODUCES,detection accuracies above 99%,2025,AI-powered security systems achieve detection accuracies above 99%,unique_normalized_exact_quote_match,4b9aeabba3cc181c264c99089be698bd8b8685e0,0,ASSESSING THE POTENTIAL OF USING ARTIFICIAL INTELLIGENCE AND MACHINE LEARNING MODELS TO ENSURE THE SECURITY OF CLOUD ENVIRONMENTS AND AUTOMATED MANAGEMENT SYSTEMS FOR CONTAINERIZED APPLICATIONS,abstract,,,
791,AI-powered security systems,LACKS,high-quality training datasets,2025,limited availability of high-quality training datasets,unique_normalized_exact_quote_match,4b9aeabba3cc181c264c99089be698bd8b8685e0,0,ASSESSING THE POTENTIAL OF USING ARTIFICIAL INTELLIGENCE AND MACHINE LEARNING MODELS TO ENSURE THE SECURITY OF CLOUD ENVIRONMENTS AND AUTOMATED MANAGEMENT SYSTEMS FOR CONTAINERIZED APPLICATIONS,abstract,,,
792,deep-learning-based intrusion detection framework,APPLIED_TO,cloud-native and distributed systems,2024,this work proposes a deep-learning-based intrusion detection framework with a particular emphasis on ensuring that it is secure in cloud-native and distributed systems.,unique_normalized_exact_quote_match,306b55dc82d00c26a90088f39209a4556e4bd8db,0,Deep learning-based intrusion detection systems for securing cloud-native and distributed architectures,abstract,,,
793,deep-learning-based intrusion detection framework,USES,Convolutional Neural Network,2024,"Utilizing state-of-the-art neural network architectures; Convolutional Neural Network (CNN), Recurrent Gnural Network (RNN) and hybrid deep learning models",unique_normalized_exact_quote_match,306b55dc82d00c26a90088f39209a4556e4bd8db,0,Deep learning-based intrusion detection systems for securing cloud-native and distributed architectures,abstract,,,
794,deep-learning-based intrusion detection framework,USES,Recurrent Neural Network,2024,"Utilizing state-of-the-art neural network architectures; Convolutional Neural Network (CNN), Recurrent Gnural Network (RNN) and hybrid deep learning models",unique_normalized_exact_quote_match,306b55dc82d00c26a90088f39209a4556e4bd8db,0,Deep learning-based intrusion detection systems for securing cloud-native and distributed architectures,abstract,,,
795,deep-learning-based intrusion detection framework,ADDRESSES,limitations of traditional intrusion detection systems,2024,"Traditional intrusion detection systems (IDS) have limitations in handling the scale, speed, and diversity of data generated during these incidents. In order to overcome these limitations, this work proposes a deep-learning-based intrusion detection framework",unique_normalized_exact_quote_match,306b55dc82d00c26a90088f39209a4556e4bd8db,0,Deep learning-based intrusion detection systems for securing cloud-native and distributed architectures,abstract,,,
796,deep-learning-based intrusion detection framework,EVALUATES_ON,standard datasets,2024,"On standard datasets, we show that our new approach significantly overcomes classical machine learning methods",unique_normalized_exact_quote_match,306b55dc82d00c26a90088f39209a4556e4bd8db,0,Deep learning-based intrusion detection systems for securing cloud-native and distributed architectures,abstract,,,
797,deep-learning-based intrusion detection framework,IMPROVES,precision,2024,"our new approach significantly overcomes classical machine learning methods in precision, recall and detection rate.",unique_normalized_exact_quote_match,306b55dc82d00c26a90088f39209a4556e4bd8db,0,Deep learning-based intrusion detection systems for securing cloud-native and distributed architectures,abstract,,,
798,deep-learning-based intrusion detection framework,IMPROVES,recall,2024,"our new approach significantly overcomes classical machine learning methods in precision, recall and detection rate.",unique_normalized_exact_quote_match,306b55dc82d00c26a90088f39209a4556e4bd8db,0,Deep learning-based intrusion detection systems for securing cloud-native and distributed architectures,abstract,,,
799,deep-learning-based intrusion detection framework,IMPROVES,detection rate,2024,"our new approach significantly overcomes classical machine learning methods in precision, recall and detection rate.",unique_normalized_exact_quote_match,306b55dc82d00c26a90088f39209a4556e4bd8db,0,Deep learning-based intrusion detection systems for securing cloud-native and distributed architectures,abstract,,,
