item_id,legacy_triple_index,subject,subject_type,relation,object,object_type,publication_year,model_reported_extraction_score,evidence_quote,provenance_recovery_status,paper_id,chunk_index,source_title,source_modality,source_chunk_text,subject_correct,object_correct,relation_correct,entity_types_correct,evidence_quote_supports_triple,source_metadata_correct,triple_specific_enough,reviewer_id,comments
triple-001,362,SFTSDH,METHOD,IMPROVES,SF security,METHOD,2022,0.85,"we performed a qualitative comparison among the following security solutions: SF security, third-party security, and SFTSDH, where SFTSDH showed a promising outcome.",unique_normalized_exact_quote_match,22df84590b05ad2688bd961ef25158166b6b2048,0,SFTSDH: Applying Spring Security Framework With TSD-Based OAuth2 to Protect Microservice Architecture APIs,abstract,"The Internet of Medical Things (IoMT) combines medical devices and applications that use network technologies to connect healthcare information systems (HIS). IoMT is reforming the medical industry by adopting information and communication technologies (ICTs). Identity verification, secure collection, and exchange of medical data are essential in health applications. In this study, we implemented a hybrid security solution to secure the collection and management of personal health data using Spring Framework (SF), Services for Sensitive Data (TSD) as a service platform, and Hyper-Text-Transfer-Protocol (HTTP (H)) security methods. The adopted solution (SFTSDH = SF + TSD + H) instigated the following security features: identity brokering, OAuth2, multifactor authentication, and access control to protect the Microservices Architecture Application Programming Interfaces (APIs), following the General Data Protection Regulation (GDPR). Moreover, we extended the adopted security solution to develop a digital infrastructure to facilitate the research and innovation work in the electronic health (eHealth) section, focusing on solution validation with theoretical evaluation and experimental testing. We used a web engineering security methodology to achieve and explain the adopted security solution. As a case study, we designed and implemented electronic coaching (eCoaching) prototype system and deployed the same in the developed infrastructure to securely record and share personal health data. Furthermore, we compared the test results with related studies qualitatively for the efficient evaluation of the implemented security solution. The SFTSDH implementation and configuration in the prototype system have effectively secured the eCoach APIs from an attack in all the considered scenarios. The eCoach prototype with the SFTSDH solution effectively sustained a load of (≈) 1000 concurrent users in the developed digital health infrastructure. In addition, we performed a qualitative comparison among the following security solutions: SF security, third-party security, and SFTSDH, where SFTSDH showed a promising outcome.",,,,,,,,,
triple-002,35,proposed method for access control,METHOD,IMPROVES,security of decentralized microservices,CONCEPT,2023,0.95,the proposed method enhanced the security of decentralized microservices,unique_normalized_exact_quote_match,c8a17e3b4d83d3b81fcda5c84b39fab34a06d481,0,Enhancing Microservices Security with Token-Based Access Control Method,abstract,"Microservices are compact, independent services that work together with other microservices to support a single application function. Organizations may quickly deliver high-quality applications using the effective design pattern of the application function. Microservices allow for the alteration of one service in an application without affecting the other services. Containers and serverless functions, two cloud-native technologies, are frequently used to create microservices applications. A distributed, multi-component program has a number of advantages, but it also introduces new security risks that are not present in more conventional monolithic applications. The objective is to propose a method for access control that ensures the enhanced security of microservices. The proposed method was experimentally tested and validated in comparison to the centralized and decentralized architectures of the microservices. The obtained results showed that the proposed method enhanced the security of decentralized microservices by distributing the access control responsibility across multiple microservices within the external authentication and internal authorization processes. This allows for easy management of permissions between microservices and can help prevent unauthorized access to sensitive data and resources, as well as reduce the risk of attacks on microservices.",,,,,,,,,
triple-003,616,DTOs (Data Transfer Objects),METHOD,IMPROVES,data exchange between components,CONCEPT,2024,0.85,"The integration of microservices is achieved through the implementation of DTOs (Data Transfer Objects) and API gateways, which ensures smooth data exchange between components.",unique_normalized_exact_quote_match,39acaaaf4129b1870396b3bcda609c74c034292f,0,SOFTWARE MIGRATION FROM MONOLITHIC ARCHITECTURE TO MICROSERVICES ARCHITECTURE AS A WAY OF PROTECTING CRM SYSTEMS,abstract,"The study of this work was focused on the process of protecting CRM systems in the conditions of the transition of software, which is the main part of CRM systems from a monolithic architecture to an architecture based on microservices. This article explores a migration strategy using the Strangler Fig pattern that facilitates the incremental adoption of microservices while maintaining compatibility with the existing monolith. A key aspect of a migration strategy is choosing a framework, such as the Framework for Microservices Migrations (FMM), that standardizes development practices and helps decompose monoliths into manageable components. Communication between microservices and the monolith is facilitated through a REST API that ensures seamless interaction. The integration of microservices is achieved through the implementation of DTOs (Data Transfer Objects) and API gateways, which ensures smooth data exchange between components. The article emphasizes the importance of dependency and configuration management in microservices, emphasizing the need for encapsulation and autonomy. In addition, the research examines the use of Curcuit Breaker patterns to effectively handle failures and maintain system stability during the migration process. Microservices, implemented as APIs, demand robust authentication methods such as cryptographic API keys and tokens. Security Assertion Markup Language (SAML) or OpenID with OAuth 2.0 are suggested solutions to enhance data security. Centralized architecture for authorization policies is crucial to regulate access across all microservices, while standardized token-based authentication ensures platform-neutral interoperability. However, decentralized authorization enforcement at each microservice entry point may lead to inconsistent security policies. Moreover, access to APIs handling confidential data necessitates authentication tokens with digital signatures or from trusted sources. Access control policies should be meticulously defined and enforced, with considerations for token expiration and scope limitations. The abstract underscores the significance of centralized access management and the challenges posed by anonymous connections bypassing API gateways.",,,,,,,,,
triple-004,570,OAuth2,METHOD,APPLIED_TO,distributed API gateways,CONCEPT,2022,0.9,This paper explores the implementation of OAuth2 and JWT (JSON Web Tokens) protocols as fundamental components in securing distributed API gateways.,unique_normalized_exact_quote_match,e491ab3ee15771ae6bd5a827a7b8b0cf3230f7b0,0,Applying OAuth2 and JWT Protocols in Securing Distributed API Gateways: Best Practices and Case Review,abstract,"The security of distributed systems, particularly in cloud-based environments and microservices architectures, is paramount as organizations increasingly rely on these systems for scalable and efficient operations. This paper explores the implementation of OAuth2 and JWT (JSON Web Tokens) protocols as fundamental components in securing distributed API gateways. OAuth2 offers a robust framework for authorization by decoupling user authentication from application logic, while JWT provides a lightweight and secure method of transmitting authentication information across services. The paper discusses the core components of OAuth2 and JWT, their roles in API security, and the implementation best practices that ensure secure token management, scalability, and fault tolerance. Case studies from cloud-based systems and microservices architectures illustrate real-world applications, highlighting both successes and challenges encountered during deployment. Key findings indicate that while OAuth2 and JWT significantly improve security, challenges such as token expiration management and service-to-service token validation persist. Finally, the paper identifies areas for future research, particularly in the development of enhanced token revocation mechanisms and the adaptation of OAuth2 and JWT for emerging technologies like serverless architectures. The study underscores the importance of these protocols in the evolving landscape of secure API gateway management and their potential to drive secure, scalable digital transformation.",,,,,,,,,
triple-005,615,REST API,METHOD,ADDRESSES,communication between microservices and the monolith,CONCEPT,2024,0.9,Communication between microservices and the monolith is facilitated through a REST API,unique_normalized_exact_quote_match,39acaaaf4129b1870396b3bcda609c74c034292f,0,SOFTWARE MIGRATION FROM MONOLITHIC ARCHITECTURE TO MICROSERVICES ARCHITECTURE AS A WAY OF PROTECTING CRM SYSTEMS,abstract,"The study of this work was focused on the process of protecting CRM systems in the conditions of the transition of software, which is the main part of CRM systems from a monolithic architecture to an architecture based on microservices. This article explores a migration strategy using the Strangler Fig pattern that facilitates the incremental adoption of microservices while maintaining compatibility with the existing monolith. A key aspect of a migration strategy is choosing a framework, such as the Framework for Microservices Migrations (FMM), that standardizes development practices and helps decompose monoliths into manageable components. Communication between microservices and the monolith is facilitated through a REST API that ensures seamless interaction. The integration of microservices is achieved through the implementation of DTOs (Data Transfer Objects) and API gateways, which ensures smooth data exchange between components. The article emphasizes the importance of dependency and configuration management in microservices, emphasizing the need for encapsulation and autonomy. In addition, the research examines the use of Curcuit Breaker patterns to effectively handle failures and maintain system stability during the migration process. Microservices, implemented as APIs, demand robust authentication methods such as cryptographic API keys and tokens. Security Assertion Markup Language (SAML) or OpenID with OAuth 2.0 are suggested solutions to enhance data security. Centralized architecture for authorization policies is crucial to regulate access across all microservices, while standardized token-based authentication ensures platform-neutral interoperability. However, decentralized authorization enforcement at each microservice entry point may lead to inconsistent security policies. Moreover, access to APIs handling confidential data necessitates authentication tokens with digital signatures or from trusted sources. Access control policies should be meticulously defined and enforced, with considerations for token expiration and scope limitations. The abstract underscores the significance of centralized access management and the challenges posed by anonymous connections bypassing API gateways.",,,,,,,,,
triple-006,765,KubeEdge,TOOL,EXTENDS,analytics and enforcement capabilities,CONCEPT,2025,0.9,while KubeEdge extends analytics and enforcement capabilities to the edge,unique_normalized_exact_quote_match,05c26ba2473e432f3db292954fc38dfae61d0fcb,0,A Cloud-Edge Microservices Architecture for Smart Healthcare: SDN-Based Medical Asset Management,abstract,"Real-time hospital asset tracking and predictive maintenance are critical for ensuring patient safety, operational efficiency, and cybersecurity in modern healthcare environ-ments. Traditional network architectures often struggle with scalability, security enforcement, and real-time telemetry processing, limiting the effectiveness of medical IoT systems. To address these challenges, this paper presents a novel microservices-based cloud-edge architecture that integrates Software-Defined Networking (SDN), edge-AI, and agents for real-time medical asset tracking, anomaly detection, and adaptive policy enforce-ment. The proposed system leverages SDN for centralized traffic control and dynamic flow reconfiguration, while KubeEdge extends analytics and enforcement capabilities to the edge, ensuring low-latency decision-making and improved telemetry accuracy. Telemetry collector and security enforcement agents, deployed as Kubernetes DaemonSets, continuously monitor medical devices such as ventilators, infusion pumps, and ECG monitors. Real-time inference is powered by Autoencoder-based models, which detect anomalies with 94.5% accuracy at an average latency of 35.2 ms. Open vSwitch (OVS), integrated with Calico networking, enables programmable flow control and security isolation, achieving 99.2% policy enforcement success and reducing unauthorized access attempts by 72%. The network was deployed and validated on a three-node Kuber-netes cluster, demonstrating quantifiable improvements in fault detection, packet loss reduction, and resource responsiveness. These results position the proposed architecture as a scalable, secure, and measurement-aware framework for advancing next-generation healthcare instrumentation and intelligent telemetry systems.",,,,,,,,,
triple-007,349,microservice security agent,METHOD,EVALUATES_ON,round trip time (RTT),METRIC,2019,0.95,the usability of the proposed approach is demonstrated by evaluating the round trip time (RTT).,unique_normalized_exact_quote_match,ed9771ad472ea1c2a7b493c7dd50358fbe759483,0,Microservice Security Agent Based On API Gateway in Edge Computing,abstract,"Internet of Things (IoT) devices are embedded with software, electronics, and sensors, and feature connectivity with constrained resources. They require the edge computing paradigm, with modular characteristics relying on microservices, to provide an extensible and lightweight computing framework at the edge of the network. Edge computing can relieve the burden of centralized cloud computing by performing certain operations, such as data storage and task computation, at the edge of the network. Despite the benefits of edge computing, it can lead to many challenges in terms of security and privacy issues. Thus, services that protect privacy and secure data are essential functions in edge computing. For example, the end user’s ownership and privacy information and control are separated, which can easily lead to data leakage, unauthorized data manipulation, and other data security concerns. Thus, the confidentiality and integrity of the data cannot be guaranteed and, so, more secure authentication and access mechanisms are required to ensure that the microservices are exposed only to authorized users. In this paper, we propose a microservice security agent to integrate the edge computing platform with the API gateway technology for presenting a secure authentication mechanism. The aim of this platform is to afford edge computing clients a practical application which provides user authentication and allows JSON Web Token (JWT)-based secure access to the services of edge computing. To integrate the edge computing platform with the API gateway, we implement a microservice security agent based on the open-source Kong in the EdgeX Foundry framework. Also to provide an easy-to-use approach with Kong, we implement REST APIs for generating new consumers, registering services, configuring access controls. Finally, the usability of the proposed approach is demonstrated by evaluating the round trip time (RTT). The results demonstrate the efficiency of the system and its suitability for real-world applications.",,,,,,,,,
triple-008,316,ImmuCheck,TOOL,EVALUATES_ON,12 escape scenarios,DATASET,2026,0.95,We evaluate our approach across 12 escape scenarios spanning five microservices-based applications,unique_normalized_exact_quote_match,1a2d7a592bf53c73a4733c3242727a44625e5145,0,ImmuCheck: Selective Immutability for Container Escape Detection in Containerized Microservices,abstract,"Container escape attacks break isolation boundaries, granting threat actors code execution on the underlying host and potentially full control over the entire cluster. Existing runtime defenses exhibit an inherent trade-off. Anomaly- and provenance-based detection mechanisms achieve broad escape detection, yet incur substantial operational costs due to model retraining requirements or system-wide provenance capture. In contrast, industry rule-based detectors avoid these costs but offer limited detection coverage. We introduce a container escape detection approach that breaks this trade-off, offering broad detection coverage without operational costs. Our key insight is that container escape attacks commonly involve filesystem writes, violating the immutable state expected in microservices. While enforcing strict immutability can expose such behavior, microservices sometimes perform legitimate writes for ephemeral operations (e.g., logging), making blanket immutability impractical. Our system, ImmuCheck, instead applies selective immutability, automatically inferring legitimate write regions during initialization and flagging subsequent writes outside these regions as potential escape attempts. We evaluate our approach across 12 escape scenarios spanning five microservices-based applications from major cloud providers. ImmuCheck achieves 99.22% precision and 100% recall, with low overhead, no retraining requirements, and timely detection.",,,,,,,,,
triple-009,705,full-stack security gateway framework,METHOD,USES,Envoy Gateway,TOOL,2025,0.9,The system integrates Envoy Gateway and the OPA (Open Policy Agent) policy engine,unique_normalized_exact_quote_match,31ff7c5ddf7b69e24f223286f510e9f5c0a26f20,0,Research on API Security Gateway and Data Access Control Model for Multi-tenant Full-stack Systems,abstract,"To address API abuse and unauthorized data access in multi-tenant systems, this paper proposes a full-stack security gateway framework based on zero-trust access and policy verification. The system integrates Envoy Gateway and the OPA (Open Policy Agent) policy engine at the API ingress layer, combining the OAuth 2.1 authorization protocol with JWT token authentication to achieve fine-grained tenant identity management. To support dynamic resource access, a policy inheritance mechanism based on GraphQL Schema injection is designed, enabling millisecond-level data access permission validation. Experiments demonstrate that under million-request-level testing, the model achieves an average authentication latency of 74.2 ms, with a 28% increase in security event detection rate and a false positive rate reduced to 1.9%. This research provides a highly scalable, auditable security baseline architecture for data security governance in multi-tenant web platforms.",,,,,,,,,
triple-010,61,microservice architecture,METHOD,USES,REST API,TOOL,2022,0.9,"microservice architecture, which is a small or even an independent microprocess that interacts, acts, and responds to messages via lightweight technologies such as Thrift, HTTP, or REST API",unique_normalized_exact_quote_match,6e6effb33ae9f75c9f92a5349b2bf897163b794c,0,"Security, Privacy and Challenges in Microservices Architecture and Cloud Computing- Survey",abstract,"Security issues in processor architectures remain really critical since users and devices continue to share computing as well as networking resources. So, preserving data privacy in such an environment is really a critical concern. We know that there is a continuous growth in security and privacy issues that need to be addressed. Here, we have chosen a microservice architecture, which is a small or even an independent microprocess that interacts, acts, and responds to messages via lightweight technologies such as Thrift, HTTP, or REST API.",,,,,,,,,
triple-011,737,Spring Security,TOOL,COMBINES,JWT,TOOL,2020,0.95,When used in combination with OAuth2 and JWT,unique_normalized_exact_quote_match,f5ab88e5f1e08dc931c4f7a8693275c93d82ca07,0,Fine-Grained Access Control with Spring Security,abstract,"Spring Security has been studied up to December 2020 for various levels of access control, especially focusing on the precise and contextual ABAC and RBAC models. When used in combination with OAuth2 and JWT, it was possible to implement dynamic distributed security measures via policy-based solutions. These configurations served us well and offer the elasticity necessary in today’s microservices and multi-tenancy applications, with Spring Security offering a solid foundation for policy-based security of APIs and data assets (Di Vimercati et al., 2010).",,,,,,,,,
triple-012,66,proposed method,METHOD,EXTENDS,LEMMA,TOOL,2023,0.9,suitably extending LEMMA itself to enable the modeling of microservices’ security aspects.,unique_normalized_exact_quote_match,b8255053e7a184b814f4ba91f60f2876fc2c59c9,0,"Towards Resolving Security Smells in Microservices, Model-Driven",abstract,": Resolving security issues in microservice applications is crucial, as many IT companies rely on microservices to deliver their core businesses. Security smells denote possible symptoms of such security issues. However, detecting security smells and reasoning on how to resolve them through refactoring is complex and costly, mainly because of the intrinsic complexity of microservice architectures. This paper presents the ﬁrst idea towards supporting a model-driven resolution of microservices’ security smell. The proposed method relies on LEMMA to model microservice applications by suitably extending LEMMA itself to enable the modeling of microservices’ security aspects. The proposed method then enables processing LEMMA models to automatically detect security smells in modeled microservice applications and recommend the refactorings known to resolve the identiﬁed security smells. To assess the feasibility of the proposed method, this paper also introduces a proof-of-concept implementation of the proposed LEMMA-based, automated microservices’ security smell detection and refactoring.",,,,,,,,,
triple-013,127,proposed architectural framework,METHOD,LACKS,empirical validation,METRIC,2024,0.9,it acknowledges limitations in empirical validation,unique_normalized_exact_quote_match,f473421518c9dff903386b4974536d7fd245e96d,0,Implementing Zero Trust Security in Multi-Cloud Microservices Platforms: A Review and Architectural Framework,abstract,"The widespread adoption of multi-cloud infrastructures and microservices architectures has redefined enterprise computing by enhancing scalability, modularity, and service delivery. However, this decentralization has also introduced expanded threat surfaces and complex security challenges that traditional perimeter-based models can no longer address effectively. This paper presents a comprehensive review and a proposed architectural framework for implementing Zero Trust Security (ZTS) in multi-cloud microservices environments. Beginning with a synthesis of existing literature and industry best practices, the study identifies critical vulnerabilities and limitations in current security approaches. It then explores the foundational principles of Zero Trust—including least privilege, continuous verification, and identity-centric access control—and how they apply within distributed cloud-native systems. The proposed framework incorporates core security components such as identity and access management, centralized policy engines, micro-segmentation, and service mesh integration to enable fine-grained, context-aware access enforcement. Designed for cloud-agnostic compatibility, the architecture facilitates secure workload mobility and dynamic service discovery across heterogeneous environments. Practical considerations, including performance impact, interoperability challenges, and governance implications, are also discussed. Although the framework offers a strategic path toward resilient multi-cloud security, it acknowledges limitations in empirical validation and implementation variability. The paper concludes by recommending future research directions in adaptive trust scoring, AI-driven policy enforcement, and Zero Trust extensions to edge-cloud systems, thus contributing to the ongoing evolution of secure cloud-native computing.",,,,,,,,,
triple-014,41,Pomegranate,TOOL,COMBINES,open-source scanning tools,TOOL,2023,0.9,encapsulating open-source scanning tools into one suite,unique_normalized_exact_quote_match,3d0652271dcd2d7dae893a65624387d471f17d15,0,Automatic Detection of Security Deficiencies and Refactoring Advises for Microservices,abstract,"The microservice architecture enables organizations to shorten development cycles and deliver cloud-native applications rapidly. However, it also brings security concerns that need to be addressed by developers. Therefore, security testing in microservices becomes even more critical. Recent research papers indicate that security testing of microservices is often neglected for reasons such as lack of time, lack of experience in the security domain, and absence of automated test environments. Even though several security scanning tools exist to detect container, containerized workload management (Kubernetes), and network issues, none individually is sufficient to cover all security problems in microservices. Using multiple scanning tools increases the complexity of analyzing findings and mitigating security vulnerabilities. This paper presents a fully automated test tool suite that can help developers address security issues in microservices and resolve them. It targets to reduce time and effort in security activities by encapsulating open-source scanning tools into one suite and providing improved feedback. The developed security scanning suite is named Pomegranate. To develop Pomegranate, we employed Design Science and conducted our investigation in Ericsson. We have evaluated our tool using a static approach. The evaluation results indicate that the Pomegranate could be helpful to developers by providing simplified and classified outputs for security vulnerabilities in microservices. More than half of the practitioners who give us feedback found Pomegranate helpful in detecting and mitigating security problems in microservices. We conclude that a fully automated test tool suite can help developers to address most security issues in microservices. Based on the findings in this paper, the direction for future work is to conduct a dynamic validation of Pomegranate in a live project.",,,,,,,,,
triple-015,15,Systematic Literature Review,METHOD,PRODUCES,lack of practical studies on microservice security,FINDING,2022,0.9,"It was found that there are few studies dealing with the subject, especially in practical order",unique_normalized_exact_quote_match,d64c1a7d9f3e9794a171e81f0d83fff2f1311457,0,Authentication and Authorization in Microservices Architecture: A Systematic Literature Review,abstract,"The microservice architectural style splits an application into small services, which are implemented independently, with their own deployment unit. This architecture can bring benefits, nevertheless, it also poses challenges, especially about security aspects. In this case, there are several microservices within a single system, it represents an increase in the exposure of the safety surface, unlike the monolithic style, there are several applications running independently and must be secured individually. In this architecture, microservices communicate with each other, sometimes in a trust relationship. In this way, unauthorized access to a specific microservice could compromise an entire system. Therefore, it brings a need to explore knowledge about issues of security in microservices, especially in aspects of authentication and authorization. In this work, a Systematic Literature Review is carried out to answer questions on this subject, involving aspects of the challenges, mechanisms and technologies that deal with authentication and authorization in microservices. It was found that there are few studies dealing with the subject, especially in practical order, however, there is a consensus that communication between microservices, mainly due to its individual and trustworthy characteristics, is a concern to be considered. To face the problems, mechanisms such as OAuth 2.0, OpenID Connect, API Gateway and JWT are used. Finally, it was found that there are few open-source technologies that implement the researched mechanisms, with some mentions of the Spring Framework.",,,,,,,,,
triple-016,73,µDetector,TOOL,EVALUATES_ON,functional testing,METHOD,2023,0.9,µDetector was validated using functional testing and performance and scalability tests.,unique_normalized_exact_quote_match,59dc7f786a0499b739ac1323ba1eda7ac860c63e,0,µDetector: Automated Intrusion Detection for Microservices,abstract,"The recent adoption of microservice-based applications divides an application into small independent services that communicate using lightweight mechanisms, improving flexibility and scalability in dynamic DevOps environments that leverage containers and orchestration tools such as Kubernetes. However, this growing popularity raises concerns related to their dependability and security, aggravated by several attacks and the lack of intrusion detection tools that target microservices. Thus, developing solutions that can be deployed in real-world scenarios and whose purpose is to keep applications and businesses secure is of the utmost importance. This paper presents µDetector, an intrusion detection tool for microservice-based applications. This tool uses intrusion detection techniques from previous research and automates their functioning for Kubernetes and KubeEdge deployments. The user provides a configuration file and the tool uses monitoring agents to collect system calls from the containers and transfers them over to the IDS module that performs anomaly-based intrusion detection. Anomalous activity will trigger alarms indicating a possible intrusion. The user can interact with the tool and its monitoring capabilities through a command-line interface or a web dashboard. µDetector was validated using functional testing and performance and scalability tests. Results show that µDetector performs well and does not impact the proper functioning of the microservices: in scenarios with over 100 000 system calls being collected per second, the CPU and memory usage of the worker nodes did not exceed 10% of the total resources available.The source code repository can be accessed here: https://github.com/micro-sec/detector.",,,,,,,,,
triple-017,19,experiments and case studies,METHOD,APPLIED_TO,microservices security research,CONCEPT,2019,0.85,experiments and case studies are the most used empirical strategies in microservices security research,unique_normalized_exact_quote_match,c8b613463e55f47a32275accd071a2fb5e876ade,0,Security Mechanisms Used in Microservices-Based Systems: A Systematic Mapping,abstract,"Microservices is an architectural style that conceives systems as a modular, costumer, independent and scalable suite of services; it offers several advantages but its growing popularity has given rise to security challenges. Building secure systems is greatly helped by deploying existing security mechanisms, but current literature does not guide developers about which mechanisms are actually used by developers of microservicesbased systems. This article describes the design and results of a systematic mapping study to identify the security mechanisms used in microservices-based systems described in the literature. The study yielded 321 articles, of which 26 are primary studies. Key findings are that (i) the studies mention 18 security mechanisms; (ii) the most mentioned security mechanisms are authentication, authorization and credentials; and (iii) almost 2/3 of security mechanisms focus on stopping or mitigating attacks, but none on recovering from them. Additionally, it emerges that experiments and case studies are the most used empirical strategies in microservices security research. The clear identification of most-used security solutions will facilitate the reuse of existing architectural knowledge to address security problems in microservices-based systems.",,,,,,,,,
triple-018,58,REPLICAWATCHER,TOOL,PRODUCES,recall,METRIC,2024,0.95,recall of 98.35%,unique_normalized_exact_quote_match,c0bcd3e6d71c327fc64950f61f58c4c1b53d9fe5,0,REPLICAWATCHER: Training-less Anomaly Detection in Containerized Microservices,abstract,"—Despite its detection capabilities against previously unseen threats, anomaly detection suffers from critical limitations, which often prevent its deployment in real-world settings. In fact, anomaly-based intrusion detection systems rely on comprehensive pre-established baselines for effectively identifying suspicious activities. Unfortunately, prior research showed that these baselines age and gradually lose their effectiveness over time, especially in dynamic deployments such as microservices-based environments, where the concept of “normality” is frequently redefined due to shifting operational conditions. This scenario reinforces the need for periodic retraining to uphold optimal performance — a process that proves challenging, particularly in the context of security applications. We propose a novel, training-less approach to monitoring microservices-based environments. Our system, R EPLI - CA W ATCHER , observes the behavior of identical container instances (i.e., replicas ) and detects anomalies without requiring prior training. Our key insight is that replicas, adopted for fault tolerance or scalability reasons, execute analogous tasks and exhibit similar behavioral patterns, which allow anomalous containers to stand out as a notable deviation from their corresponding replicas, thereby serving as a crucial indicator of security threats. The results of our experimental evaluation show that our approach is resilient against normality shifts and maintains its effectiveness without the necessity for retraining. Besides, despite not relying on a training phase, R EPLICA W ATCHER performs comparably to state-of-the-art, training-based solutions, achieving an average precision of 91.08% and recall of 98.35%.",,,,,,,,,
triple-019,315,ImmuCheck,TOOL,ADDRESSES,container escape attacks,CONCEPT,2026,0.95,"We introduce a container escape detection approach that breaks this trade-off... Our system, ImmuCheck, instead applies selective immutability",unmatched_quote,,,,,,,,,,,,,,
triple-020,137,comparative analysis,METHOD,EVALUATES_ON,Snyk,TOOL,2024,0.95,"we conduct a comprehensive comparative analysis to assess the efficacy of three leading security scanning tools, namely Veracode, Snyk, and Checkmarx",unique_normalized_exact_quote_match,202a597eceed719ef4836cd405cde512cdc15b03,0,Microservices Security Vulnerability Remediation approach using Veracode and Checkmarx,abstract,"Abstract — As organizations increasingly adopt microservices architectures for building scalable and resilient applications, ensuring the security of these distributed systems becomes paramount. In this empirical study, we conduct a comprehensive comparative analysis to assess the efficacy of three leading security scanning tools, namely Veracode, Snyk, and Checkmarx, in identifying and remedying security vulnerabilities within microservices applications deployed on the AWS and Azure cloud platforms. The study aims to provide nuanced insights into the performance, usability, and integration capabilities of these tools, offering valuable guidance to organizations striving to fortify their microservices-based infrastructures. By meticulously evaluating scanning capabilities, vulnerability detection accuracy, remediation guidance comprehensiveness, CI/CD pipeline integration proficiency, and overall ease of use, our research sheds light on the relative strengths and weaknesses of each tool in the context of modern cloud-native application security. Through meticulously designed experiments utilizing realistic microservices application scenarios encompassing diverse vulnerability types, including injection attacks, authentication bypasses, and insecure configurations, we present a thorough examination of the tools' capabilities and limitations. The findings from our study contribute to the evolving discourse on microservices security, emphasizing the critical importance of selecting appropriate security scanning solutions tailored to the unique requirements and constraints of cloud-based microservices architectures. By leveraging the insights gleaned from our comparative analysis, organizations can make well-informed decisions regarding tool selection and deployment strategies, thereby bolstering the resilience of their microservices ecosystems against an ever-expanding threat landscape.",,,,,,,,,
triple-021,160,Systematic Literature Review,METHOD,PRODUCES,catalogue of security solutions,FINDING,2021,0.92,"In this study, we aim to present a catalogue and discussion of security solutions based on algorithms, protocols, standards, or implementations",unique_normalized_exact_quote_match,d47e4540f9c6aa354c86d9b16399205caf07cf0a,0,Information and Communication Security Mechanisms For Microservices-based Systems,abstract,"Security has become paramount in modern software services as more and more security breaches emerge, impacting final users and organizations alike. Trends like the Microservice Architecture bring new security challenges related to communication, system design, development, and operation. The literature presents a plethora of security-related solutions for microservices-based systems, but the spread of information difficult practitioners' adoption of novel security related solutions. In this study, we aim to present a catalogue and discussion of security solutions based on algorithms, protocols, standards, or implementations; supporting principles or characteristics of information security, considering the three possible states of data, according to the McCumber Cube. Our research follows a Systematic Literature Review, synthesizing the results with a meta-aggregation process. We identified a total of 30 primary studies, yielding 75 security solutions for the communication of microservices.",,,,,,,,,
triple-022,532,secure service discovery architecture,METHOD,USES,authorization mechanisms,METHOD,2024,0.95,"This methodology employs advanced encryption techniques, authentication protocols, and authorization mechanisms to safeguard Microservices in IoT.",unique_normalized_exact_quote_match,f713cfe763eb6b25928c5b176285d42f9b551ef7,0,A Contemporary Secure Microservices Discovery Architecture with Service Tags for Smart City Infrastructures,abstract,"The re-conceptualization of fundamental elements from traditional monolithic structures to the Microservices framework has emerged as a vital vision for the future of IoT systems. This transformation is pivotal in addressing the present and future challenges faced by IoT systems and enhancing their overall operational qualities. The adoption of Microservices in IoT introduces an array of opportunities for innovative research, which collectively contribute to its feasibility and success. The transition from traditional systems to Microservices in IoT brings forth various complex challenges that need to be effectively addressed. Key challenges include ensuring seamless Microservice discovery, efficient API gateway management, scalable distribution services, reliable uniform service discovery, robust containerization, and stringent access control mechanisms. These challenges encompass both technical and security-related aspects, necessitating innovative solutions to overcome them. To overcome these challenges, our research proposes a secure service discovery architecture that integrates security measures at each stage of the discovery process. This methodology employs advanced encryption techniques, authentication protocols, and authorization mechanisms to safeguard Microservices in IoT. A mathematical framework is introduced to formalize and implement these security measures, ensuring a robust and reliable approach to Microservices adoption in the IoT ecosystem. In the experimental phase of our research, we aim to validate the proposed secure service discovery architecture through a series of rigorous tests and simulations. We will assess its performance, scalability, and security efficacy under various real-world scenarios and IoT use cases. Experimental results and performance metrics will be analyzed to provide empirical evidence of the viability and effectiveness of our proposed methodology in addressing Microservices-related challenges in IoT systems.",,,,,,,,,
triple-023,250,Zero,TOOL,COMBINES,adaptive risk scoring,METHOD,2026,0.95,Marriage of the adaptive risk scoring and device fingerprinting system is combined with OAuth-like session tokens and multi-factor authentication,unique_normalized_exact_quote_match,eeeedb5463fb109b54f017fb3f773ff4b3ffea6d,0,Zero Trust Security Model in Microservices Architecture,abstract,"Abstract— This paper introduces Zero which is a layer (Spring) security platform, which implements zero-trust access to heterogeneous meshes-of-services. Marriage of the adaptive risk scoring and device fingerprinting system is combined with OAuth-like session tokens and multi-factor authentication using time-synchronized OTP challenges transmitted using hardened SMTP mailers. Zero combines rate-limited OTP issuing, policy- aware flows of sessions and contextual authorization based upon the telemetry from both stacks. Analysis of the Python and Java backends shows that the least-privilege controls have been consistently enforced, exposure to credential replay is minimized, as well as cross-mesh interactions full traceability has been achieved. We demonstrate that modest dynamic incursion-oriented SQLite storage options with JVM based audit trails keep compliance observable even at sub-100 ms authorization lag times, rendering Zero appropriate to midsize businesses aimed at the focus of achieving some bypassed zero- trust implementation. Keywords— Zero trust; multi-factor authentication; OTP enforcement; service mesh security; adaptive access control; device fingerprinting; dual-stack architecture; Spring Boot; risk- based authorization.",,,,,,,,,
triple-024,379,API gateway security mechanism,METHOD,ADDRESSES,security problems of the microservice architecture,CONCEPT,2021,0.9,"To solve the current security problems of the microservice architecture, the security mechanism of the API gateway platform using the microservice platform is designed and implemented.",unique_normalized_exact_quote_match,3f7510f5e175698777c9e644ceb99d2490adbdf8,0,Design and Achievement of Security Mechanism of API Gateway Platform Based on Microservice Architecture,abstract,"To solve the current security problems of the microservice architecture, the security mechanism of the API gateway platform using the microservice platform is designed and implemented. To solve the corresponding security problems, a new API platform security mechanism is designed. In the data transmission, the hybrid encryption algorithm hybridized by encryption algorithm of Rivest Shamir Adleman (RSA) and encryption algorithm of Advanced Encryption Standard (AES) is used for data encryption. An API gateway between the client and the microservice is introduced as the only entrance for users to access the microservice, avoiding the complexity of the client logic caused by the direct communication between the client and the server. After the introduction of the API gateway, the API-level service operation authority can be controlled; the security of the front-end and back-end transmission data is improved without affecting the transmission performance. The algorithm designed takes longer time than the AES encryption algorithm, but shorter than the RSA encryption algorithm, which indicates that the time-consuming of the algorithm designed is acceptable, showing the feasibility of the algorithm. The content can provide an important theoretical basis for the security of API gateway platform of microservice architecture.",,,,,,,,,
triple-025,339,publicly available guidance,CONCEPT,LACKS,formalized method for quantitative comparison of system states,METHOD,2026,0.95,publicly available guidance still lacks a formalized method for quantitative comparison of system states before and after such controls are introduced.,unique_normalized_exact_quote_match,7023d311b4ea29f478674781e5ed259845235b97,0,ASSESSING THE IMPACT OF ZERO TRUST ON INCIDENT LOCALIZATION IN CONTAINERIZED MICROSERVICE ENVIRONMENTS,abstract,"In containerized microservice architectures, the compromise of a single service can become a starting point for lateral movement deeper into the infrastructure because internal service interactions often preserve an excessive level of implicit trust. The Zero Trust approach requires service-to-service mutual authentication, least privilege, enforced microsegmentation, and explicit verification of each request; however, publicly available guidance still lacks a formalized method for quantitative comparison of system states before and after such controls are introduced. This paper proposes a model environment with three services, a threat scenario based on a compromised app-service, and three evaluation metrics: impact radius R, defined as the share of reachable access objects; lateral movement depth D, defined as the maximum number of sequential transitions; and policy operational complexity C, defined as the number of security artifacts that must be maintained in an up-to-date state. Model-based calculations show that implementing Zero Trust reduces R from 0.93 to 0.21, decreases D from 2 to 1, and increases C from 2 to 13. For an extended five-service nonlinear topology, the same trend is observed: R decreases from 0.83 to 0.17, D again decreases from 2 to 1, and C rises to 28, indicating that the localization effect remains stable in a more complex architecture. Empirical validation on a local Kubernetes cluster with Calico CNI showed that 17 of 17 access tests were successful in the baseline state, whereas only 6 of 17 remained successful after Zero Trust hardening. These results confirm the model predictions and also demonstrate that complete restriction at the level of individual operations requires L7 authorization, typically provided through a service mesh. Overall, the findings indicate that enforced Zero Trust controls substantially reduce the propagation potential of an attack, improve the architecture’s ability to localize the consequences of compromise, and provide a useful basis for further quantitative security assessment of cloud-native systems. At the same time, this security improvement is accompanied by a noticeable increase in the operational burden associated with maintaining policies, certificates, segmentation rules, and related security artifacts.",,,,,,,,,
triple-026,17,systematic mapping study,METHOD,PRODUCES,321 articles,DATASET,2019,0.9,The study yielded 321 articles,unique_normalized_exact_quote_match,c8b613463e55f47a32275accd071a2fb5e876ade,0,Security Mechanisms Used in Microservices-Based Systems: A Systematic Mapping,abstract,"Microservices is an architectural style that conceives systems as a modular, costumer, independent and scalable suite of services; it offers several advantages but its growing popularity has given rise to security challenges. Building secure systems is greatly helped by deploying existing security mechanisms, but current literature does not guide developers about which mechanisms are actually used by developers of microservicesbased systems. This article describes the design and results of a systematic mapping study to identify the security mechanisms used in microservices-based systems described in the literature. The study yielded 321 articles, of which 26 are primary studies. Key findings are that (i) the studies mention 18 security mechanisms; (ii) the most mentioned security mechanisms are authentication, authorization and credentials; and (iii) almost 2/3 of security mechanisms focus on stopping or mitigating attacks, but none on recovering from them. Additionally, it emerges that experiments and case studies are the most used empirical strategies in microservices security research. The clear identification of most-used security solutions will facilitate the reuse of existing architectural knowledge to address security problems in microservices-based systems.",,,,,,,,,
triple-027,644,optimized system,METHOD,IMPROVES,task completion rate,METRIC,2026,0.95,improves task completion rate to above 95%,unique_normalized_exact_quote_match,2d3632bd98ec37afa92ebffea5577b933b0a5605,0,Microservice-Based Architecture Optimization and Multi-layer Security Model for Green Mine Information Systems in Resource-Based Regions,abstract,"The construction of green mines in resource-based regions requires information systems that are highly concurrent, scalable, and secure. To address the limitations of existing systems—such as insufficient data processing performance, poor scalability, and weak protection capabilities—this study proposes a microservice-based architecture optimization and a multi-layer security model. The architecture adopts hierarchical design with microservices and containerization for modular deployment and elastic scalability, while a batch-stream integrated framework improves real-time and historical data processing. An improved Particle Swarm Optimization (PSO) algorithm is applied for computing resource scheduling, significantly reducing task completion time under high concurrency. In the security domain, a multi-layer model combining AES-256 encryption, access control, and an LSTM-based anomaly detection mechanism enables dynamic risk assessment and rapid response to threats. Experimental results demonstrate that the optimized system increases throughput by more than 30%, reduces average response time by over 25%, improves task completion rate to above 95%, enhances threat detection accuracy by around 15%, and raises defense success rate by over 12% compared with baseline systems. These findings confirm that the proposed framework provides an effective, secure, and scalable solution to support the green, intelligent, and safe development of mine production in resource-based areas.",,,,,,,,,
triple-028,723,Low-Intervention Security Embedding Architecture,METHOD,APPLIED_TO,business APIs,CONCEPT,2023,0.9,empowers business applications to enhance the security of their processes through judicious intervention within business APIs,unique_normalized_exact_quote_match,2d09963e6c39c34ec7ef83641ec0425fad68a6b6,0,Leaving the Business Security Burden to LiSEA: A Low-Intervention Security Embedding Architecture for Business APIs,abstract,"In the evolving landscape of complex business ecosystems and their digital platforms, an increasing number of business Application Programming Interfaces (APIs) are encountering challenges in ensuring optimal authorization control. This challenge arises due to factors such as programming errors, improper configurations, and sub-optimal business processes. While security departments have exhibited proficiency in identifying vulnerabilities and mitigating certain viral or adversarial incursions, the safeguarding of comprehensive business processes remains an intricate task. This paper introduces a novel paradigm, denoted as the Low-Intervention Security Embedding Architecture (LiSEA), which empowers business applications to enhance the security of their processes through judicious intervention within business APIs. By strategically incorporating pre- and post-intervention checkpoints, we devise a finely grained access control model that meticulously assesses both the intent of incoming business requests and the outcomes of corresponding responses. Importantly, these advancements are seamlessly integrated into the existing business codebase. Our implementation demonstrates the effectiveness of LiSEA, as it adeptly addresses eight out of the ten critical vulnerabilities enumerated in the OWASP API Security Top 10. Notably, when the number of threads is less than 200, LiSEA brings less than 20 msec of latency to the business process, which is significantly less than the microservice security agent based on the API gateway.",,,,,,,,,
triple-029,427,KD-CNN+OCSVM model,METHOD,EVALUATES_ON,MITRE ATT&CK-based lateral movement scenarios,DATASET,2025,0.95,We evaluate our approach using real-world microservice deployments and MITRE ATT&CK-based lateral movement scenarios.,unique_normalized_exact_quote_match,2d875d04d227bb39fcb9bbcbbe11854439b37d72,0,Lightweight Service Mesh for Intrusion Detection using KD-CNN in Cloud-Native Environments,abstract,"Cloud-native environments are increasingly vulnerable to lateral movement attacks that exploit misconfigured or vulnerable containers. Traditional service meshes rely on static configurations and lack runtime adaptability, while conventional NIDS operate globally, introducing latency and failing to reflect the behavioral patterns specific to containerized services. To address these limitations, we propose a service mesh with integrated NIDS, implemented in Kubernetes. Each application container is paired with a lightweight proxy that intercepts traffic and performs real-time anomaly detection using a lightweight CNN encoder obtained through knowledge distillation from a self-supervised teacher model. Combined with a One-Class SVM, the system enables unsupervised, service-specific detection from unlabeled benign traffic. We evaluate our approach using real-world microservice deployments and MITRE ATT&CK-based lateral movement scenarios. Experimental results show that the proposed KD-CNN+OCSVM model outperforms existing deep learning methods in detection accuracy, while knowledge distillation reduces inference latency by up to 88.74% with minimal degradation in performance. Even with detection enabled, the system maintains end-to-end latency below 14 ms and throughput above 600 req/s, indicating its suitability for deployment in resource-constrained cloud-native environments.",,,,,,,,,
triple-030,45,containers,TOOL,IMPROVES,agility in development and deployment,CONCEPT,2020,0.9,agility in development and deployment further increased by containers,unique_normalized_exact_quote_match,1c63a43ebef0b112e86a455a34aee78b08cca035,0,Improving the Security of Microservice Systems by Detecting and Tolerating Intrusions,abstract,"Microservice architectures adoption is growing expeditiously in market size and adoption, including in business-critical systems. This is due to agility in development and deployment further increased by containers and their characteristics. Ensuring security is still a major concern due to challenges faced such as resource separation and isolation, as improper access to one service might compromise complete systems. This doctoral work intends to advance the security of microservice systems through research and improvement of methodologies for detection, tolerance and mitigation of security intrusions, while overcoming challenges related to multi-tenancy, heterogeneity, dynamicity of systems and environments. Our preliminary research shows that host-based IDSes are applicable in container environments. This will be extended to dynamic scenarios, serving as a steppingstone to research intrusion tolerance techniques suited to these environments. These methodologies will be demonstrated in realistic microservice systems: complex, dynamic, scalable and elastic.",,,,,,,,,
triple-031,104,machine-learning-based intrusion detection,METHOD,LACKS,improved data processing and representation,METHOD,2023,0.8,"to enhance detection, it is required to improve data processing and representation for this type of scenario.",unique_normalized_exact_quote_match,48a956f86a7505177d4f651644122259251fd493,0,Evaluation of Machine Learning for Intrusion Detection in Microservice Applications,abstract,"Microservices have thrived recently as an approach for service design, development, and delivery. It provides several benefits to the systems as an architecture, such as faster delivery, improved scalability, and greater autonomy. Although microservice architectures are popular, security characteristics of these architectures impair the deployment of security, such as sizable attack surface, network complexity, heterogeneity, and others. For years, intrusion detection has been a practical security approach for many applications. Recently, machine learning provided improved functionality for intrusion detection systems with exciting results in overall tests. This paper presents the evaluation of machine learning techniques for intrusion detection in a microservice scenario. System call data was collected from containers simulating microservice applications; these containers were submitted to attacks that exploited different vulnerabilities. The data was used to train and test machine learning techniques, and the test results provided us with exciting possibilities for this approach. Some of the tested attacks were very well detected by the techniques, while some were not, attesting that machine-learning-based intrusion detection is usable in this environment. However, to enhance detection, it is required to improve data processing and representation for this type of scenario.",,,,,,,,,
triple-032,374,Hierarchical Trust RBAC,METHOD,EXTENDS,Role-Based Access Control model,METHOD,2021,0.95,The extended Role-Based Access Control model (Hierarchical Trust RBAC: HT-RBAC) for microservice security managers is proposed,unique_normalized_exact_quote_match,1f8acfefbdaca20fc15c65d88186e5a5880c8407,0,HT-RBAC: A Design of Role-based Access Control Model for Microservice Security Manager,abstract,"For transitioning to a decentralized system, a microservices platform has become popular in today software development due to its lightweight mechanisms. However, increasing the number of services results in a challenge to maintain the security of access control. The more attack surfaces can bring security and privacy risk via sensitive data. Therefore, a chain of trust domains was introduced to solve this problem. The extended Role-Based Access Control model (Hierarchical Trust RBAC: HT-RBAC) for microservice security managers is proposed for leveraging threats of unauthorized access to sensitive information and identity verification across all environments in application container solutions. This paper proposes using an HT-RBAC to authenticate, authorize, and identify user’s access control via API-Gateway. A prototype system integrated with OAuth 2.0 authentication server is implemented for empirical study. The results report that the approach provides faster and more flexible access to information in addition to improving incident response time.",,,,,,,,,
triple-033,650,Microservices and Blockchain Based One Time Password protocol,METHOD,IMPROVES,Two-Factor Authentication solutions,METHOD,2021,0.95,This work advances the state of art of 2FA solutions by proposing a decentralized Microservices and Blockchain Based One Time Password (MBB-OTP) protocol,unique_normalized_exact_quote_match,3082b464eb036f925a76952f88d3f3c19cbb2a4f,0,A Microservices and Blockchain Based One Time Password (MBB-OTP) Protocol for Security-Enhanced Authentication,abstract,"Nowadays, the increasing complexity of digital applications for social and business activities has required more and more advanced mechanisms to prove the identity of subjects like those based on the Two-Factor Authentication (2FA). Such an approach improves the typical authentication paradigm but it has still some weaknesses. Specifically, it has to deal with the disadvantages of a centralized architecture causing several security threats like denial of service (DoS) and man-in-the-middle (MITM). In fact, an attacker who succeeds in violating the central authentication server could be able to impersonate an authorized user or block the whole service. This work advances the state of art of 2FA solutions by proposing a decentralized Microservices and Blockchain Based One Time Password (MBB-OTP) protocol for security-enhanced authentication able to mitigate the aforementioned threats and to fit different application scenarios. Experiments prove the goodness of our MBB-OTP protocol considering both private and public Blockchain configurations.",,,,,,,,,
triple-034,52,Microservices,METHOD,USES,Linux containers,TOOL,2018,0.9,"by adapting to Agile methods, DevOps culture, cloud, Linux containers, and Continuous Integration/ Continuous Development methods",unique_normalized_exact_quote_match,e5188350d3c9a3958c766fd15a5d7f881e7a6b77,0,Microservices API Security,abstract,"—Microservices have become the hot term since 2014. This particular programming methodology involves an architectural approach that emphasizes the decomposition of applications into single purpose, with implementation via the Rest API. A new software development style that has grown from recent trends in software development/management practices, Microservices are composable, fine-grained modules which can be independently deployable and scaled both vertically and horizontally. This empowers the development, manageability and speed to the changing market by adapting to Agile methods, DevOps culture, cloud, Linux containers, and Continuous Integration/ Continuous Development methods. This paper will focus on the necessity for this methodology as well as it’s corresponding API security options needed for securing all of the back-end Microservices",,,,,,,,,
triple-035,719,unsupervised anomaly-detection method based on system calls,METHOD,IMPROVES,F1 score,METRIC,2025,0.98,"the detection part of our method improves the F1 score by 23.88% and 41.31%, respectively",unique_normalized_exact_quote_match,b41e5f721cb03c4ea5ce0b4658ca5c2cdfa37f7d,0,U-SCAD: An Unsupervised Method of System Call-Driven Anomaly Detection for Containerized Edge Clouds,abstract,"Container technology is currently one of the mainstream technologies in the field of cloud computing, yet its adoption in resource-constrained, latency-sensitive edge environments introduces unique security challenges. While existing system call-based anomaly-detection methods partially address these issues, they suffer from high false positive rates and excessive computational overhead. To achieve security and observability in edge-native containerized environments and lower the cost of computing resources, we propose an unsupervised anomaly-detection method based on system calls. This method filters out unnecessary system call data through automatic rule generation and an unsupervised classification model. To increase the accuracy of anomaly detection and reduce the false positive rates, this method embeds system calls into sequences using the proposed Syscall2vec and processes the remain sequences in favor of the anomaly detection model’s analysis. We conduct experiments using our method with a background based on modern containerized cloud microservices. The results show that the detection part of our method improves the F1 score by 23.88% and 41.31%, respectively, as compared to HIDS and LSTM-VAE. Moreover, our method can effectively reduce the original processing data to 13%, which means that it significantly lowers the cost of computing resources.",,,,,,,,,
triple-036,46,host-based IDSes,TOOL,APPLIED_TO,container environments,CONCEPT,2020,0.95,Our preliminary research shows that host-based IDSes are applicable in container environments.,unique_normalized_exact_quote_match,1c63a43ebef0b112e86a455a34aee78b08cca035,0,Improving the Security of Microservice Systems by Detecting and Tolerating Intrusions,abstract,"Microservice architectures adoption is growing expeditiously in market size and adoption, including in business-critical systems. This is due to agility in development and deployment further increased by containers and their characteristics. Ensuring security is still a major concern due to challenges faced such as resource separation and isolation, as improper access to one service might compromise complete systems. This doctoral work intends to advance the security of microservice systems through research and improvement of methodologies for detection, tolerance and mitigation of security intrusions, while overcoming challenges related to multi-tenancy, heterogeneity, dynamicity of systems and environments. Our preliminary research shows that host-based IDSes are applicable in container environments. This will be extended to dynamic scenarios, serving as a steppingstone to research intrusion tolerance techniques suited to these environments. These methodologies will be demonstrated in realistic microservice systems: complex, dynamic, scalable and elastic.",,,,,,,,,
triple-037,345,L7 authorization,METHOD,USES,service mesh,TOOL,2026,0.9,"complete restriction at the level of individual operations requires L7 authorization, typically provided through a service mesh.",unique_normalized_exact_quote_match,7023d311b4ea29f478674781e5ed259845235b97,0,ASSESSING THE IMPACT OF ZERO TRUST ON INCIDENT LOCALIZATION IN CONTAINERIZED MICROSERVICE ENVIRONMENTS,abstract,"In containerized microservice architectures, the compromise of a single service can become a starting point for lateral movement deeper into the infrastructure because internal service interactions often preserve an excessive level of implicit trust. The Zero Trust approach requires service-to-service mutual authentication, least privilege, enforced microsegmentation, and explicit verification of each request; however, publicly available guidance still lacks a formalized method for quantitative comparison of system states before and after such controls are introduced. This paper proposes a model environment with three services, a threat scenario based on a compromised app-service, and three evaluation metrics: impact radius R, defined as the share of reachable access objects; lateral movement depth D, defined as the maximum number of sequential transitions; and policy operational complexity C, defined as the number of security artifacts that must be maintained in an up-to-date state. Model-based calculations show that implementing Zero Trust reduces R from 0.93 to 0.21, decreases D from 2 to 1, and increases C from 2 to 13. For an extended five-service nonlinear topology, the same trend is observed: R decreases from 0.83 to 0.17, D again decreases from 2 to 1, and C rises to 28, indicating that the localization effect remains stable in a more complex architecture. Empirical validation on a local Kubernetes cluster with Calico CNI showed that 17 of 17 access tests were successful in the baseline state, whereas only 6 of 17 remained successful after Zero Trust hardening. These results confirm the model predictions and also demonstrate that complete restriction at the level of individual operations requires L7 authorization, typically provided through a service mesh. Overall, the findings indicate that enforced Zero Trust controls substantially reduce the propagation potential of an attack, improve the architecture’s ability to localize the consequences of compromise, and provide a useful basis for further quantitative security assessment of cloud-native systems. At the same time, this security improvement is accompanied by a noticeable increase in the operational burden associated with maintaining policies, certificates, segmentation rules, and related security artifacts.",,,,,,,,,
triple-038,21,current literature,DATASET,LACKS,guidance on security mechanisms,CONCEPT,2019,0.8,current literature does not guide developers about which mechanisms are actually used by developers of microservicesbased systems,unique_normalized_exact_quote_match,c8b613463e55f47a32275accd071a2fb5e876ade,0,Security Mechanisms Used in Microservices-Based Systems: A Systematic Mapping,abstract,"Microservices is an architectural style that conceives systems as a modular, costumer, independent and scalable suite of services; it offers several advantages but its growing popularity has given rise to security challenges. Building secure systems is greatly helped by deploying existing security mechanisms, but current literature does not guide developers about which mechanisms are actually used by developers of microservicesbased systems. This article describes the design and results of a systematic mapping study to identify the security mechanisms used in microservices-based systems described in the literature. The study yielded 321 articles, of which 26 are primary studies. Key findings are that (i) the studies mention 18 security mechanisms; (ii) the most mentioned security mechanisms are authentication, authorization and credentials; and (iii) almost 2/3 of security mechanisms focus on stopping or mitigating attacks, but none on recovering from them. Additionally, it emerges that experiments and case studies are the most used empirical strategies in microservices security research. The clear identification of most-used security solutions will facilitate the reuse of existing architectural knowledge to address security problems in microservices-based systems.",,,,,,,,,
triple-039,636,traditional rate limiting schemes,METHOD,LACKS,computation complexity,METRIC,2022,0.85,Traditional rate limiting schemes are more concerned with the frequency of requests as opposed to the computation complexity.,unique_normalized_exact_quote_match,0ba3efc9d8f2304abf7c1daa125b1d5e8a5faf97,0,Mitigating Algorithmic Complexity Attacks in Federated GraphQL Architectures: A Depth-Bounded Semantic Rate Limiting Approach for Open Banking,abstract,"This swift financial services digitization has given rise to the open banking ecosystems which are powered by the contemporary API architecture. GraphQL has become very popular among them since it is flexible, data retrieval can be made efficient, and integrating multiple microservices into one unity can be achieved. The additional advantages of federated GraphQL are that such architectures support the use of distributed compositional services, such that independent development teams create scalable services that interoperate well with a single API gateway. Nevertheless, the security issues that are posed by this architectural paradigm are new, especially by the attacks associated with algorithmic complexity. The attacks are possible because the computational cost of deeply nested or semantically expensive GraphQL queries can be used to exhaust server resources in denial-of-service conditions. The difference between algorithmic complexity attacks and traditional volumetric attacks is that the attacks are not based on the volume of request. Rather, attackers construct a small set of queries that invoke computations which are computationally expensive like recursive field resolutions, cross-services joins, and graph deep traversal. Such attacks are more harmful in federated GraphQL environments deployed in open banking settings since the query can spread to several back-end services, increasing the computing costs. As a result, the few malicious queries can slow down the performance of the systems and undermine the availability of services. The current mitigation measures usually are based on either fixed query depths, query cost metrics, or conventional rate control methods. These strategies offer certain defence, but they are limited in a number of ways. The use of static depth limiting is known to block legitimate complex queries may be needed in financial analytics. Systems of query cost estimation are challenging to tune on a microservice distributed system. Traditional rate limiting schemes are more concerned with the frequency of requests as opposed to the computation complexity. Due to this, attackers are able to compromise such defenses by making low-frequency, but Poisson queries. In order to overcome these challenges, the current paper suggests an innovative conceptual security framework, namely, Depth-Bounded Semantic Rate Limiting (DBSRL). The suggested approach integrates the analysis of the structure of queries with the semantic interpretation of query implementation cost to dynamically manage API access. Differing with the traditional methods where the syntactic depth is only used, DBSRL considers query depth and semantic complexity based on resolver execution patterns and service dependencies.",,,,,,,,,
triple-040,135,existing literature,CONCEPT,LACKS,comprehensive research on microservices security vulnerabilities,CONCEPT,2025,0.85,there is a lack of comprehensive research on the security vulnerabilities present within systems using this architecture,unique_normalized_exact_quote_match,cf6762bf2b96e2478c7430738209dbec46cb2590,0,"Characterizing Vulnerabilities in Microservices: Source, Age and Severity",abstract,"Microservices architecture has become a popular choice for developing scalable, cloud-native applications because of its modularity. However, this architecture introduces unique security risks due to its distributed nature and dependency management requirements. While existing literature has investigated some security challenges and proposed mitigation strategies, there is a lack of comprehensive research on the security vulnerabilities present within systems using this architecture. To bridge this gap, we used three vulnerability detection tools to analyze security vulnerabilities across 30 open-source microservices projects from GitHub, identifying three sources of vulnerabilities: ‘application code’, ‘dependencies’, and ‘container configurations’. Vulnerabilities related to request and data handling were most common, stemming from container misconfigurations and outdated dependencies. Dependency-related vulnerabilities are new but most fall into pre-established CWE and OWASP top 10 categories. Most of the detected vulnerabilities fall under a severity of medium to high. While the emergence of microservices has not introduced new vulnerabilities, the severity of existing vulnerabilities urges developers to implement secure data and request handling, address container misconfigurations, and update dependencies timely.",,,,,,,,,
triple-041,143,federated identity management,METHOD,APPLIED_TO,human users and workloads,CONCEPT,2025,0.95,federated identity management is applied to human users and workloads across workload computing vessels.,unique_normalized_exact_quote_match,35930827b46425860898e26e527a3b2b40fb73ce,0,Zero Trust Security Model Implementation in Microservices Architectures Using Identity Federation,abstract,"The rapid speed of growth in the number of microservices has radically transformed typical applications, making them lighter and more scaled along with autonomously deployed. This architectural change has, however, had its own serious security threats as well. The former models of security based on perimeter are no longer workable in the highly distributed workloads that are now considered part of the modern day and are generally short-lived and interrelated. The applicability of the Zero Trust Security Model is reviewed in the existing paper, and federated identity management is applied to human users and workloads across workload computing vessels. The framework that is offered incorporates continuous authentication, contextual authorization, and enforcement at the service-mesh level to form end-to-end trust. It uses standard industry interoperability, e.g., OpenID Connect, OpenAuth 2.0 token exchange capabilities, and SPIFFE-SPIRE-based workload identities to offer standardized and secure cross-service boundary communication. A test and evaluation is a sign of an empowered security position exhibited by a small amount of attack surface, uniformity in policy implementation, and effectiveness in cross-domain implementation. The results bring federated identity as a primary component of the Zero Trust, not merely in terms of authentication and authorization but in order to correspond to the current phenomenon of DevSecOps. Such integration will include automatic, scalable, and reliable implementation of microservices in addition to the observance of compliance requirements. The article consists of a systematic and realistic roadmap of how companies that would be interested in applying the concepts of Zero Trust in cloud-native operational systems could accomplish it and keep their interoperability, as well as their correspondence with the regulating standard.",,,,,,,,,
triple-042,108,Logic Scoring of Preference (LSP),METHOD,PRODUCES,"precision, recall, and f1-score rates of more than 80%",FINDING,2023,0.95,"The results of the experimental study show precision, recall, and f1-score rates of more than 80%, indicating that LSP could effectively characterize the application under attack",unique_normalized_exact_quote_match,cf206555bb0eb545921dcfcaac0f36ad0d4025f6,0,Exploring Logic Scoring of Preference for DoS Attack Detection in Microservice Applications,abstract,"Microservice architectures allow the development of highly scalable, flexible, and manageable systems. However, such architectures raise new security problems and exacerbate the challenge of monitoring applications at runtime due to their high service granularity and distributed nature. Developing effective monitoring and security strategies is thus crucial to effectively detect potential attacks. This paper explores the applicability of Logic Scoring of Preference (LSP), a multi-criteria decision-making method to compute a score based on a set of preferences, for attack detection in microservice applications. We present an extensive experimental study and define a model based on LSP and application-level metrics to characterize the impact of DoS attacks. The output of the model is a unique score used to determine whether a microservice is under a DoS attack. The results of the experimental study show precision, recall, and f1-score rates of more than 80%, indicating that LSP could effectively characterize the application under attack, opening several possibilities for future work.",,,,,,,,,
triple-043,332,dynamic policy enforcement,METHOD,COMBINES,automated patching,METHOD,2022,0.9,"Through the combination of dynamic policy enforcement and automated patching, the proposed framework provides a robust solution to protect containerized microservices from emerging threats",unique_normalized_exact_quote_match,b9bc41d91f848e5177eaab14b899071fe095b0ae,0,Runtime Vulnerability Mitigation for Containerized Microservices through Dynamic Policy Enforcement and Automated Patching,abstract,"As the adoption of containerized microservices grows, the complexity of securing these environments increases. Containerized applications offer scalability and flexibility but introduce significant runtime security challenges due to their dynamic and decentralized nature. This paper proposes a framework for mitigating vulnerabilities in containerized microservices by employing dynamic policy enforcement and automated patching techniques. The framework continuously monitors the container runtime environment, identifying potential vulnerabilities in real-time. Dynamic policies, based on both predefined security standards and behavior-based anomaly detection, are enforced to restrict the execution of malicious or compromised services. Furthermore, automated patching mechanisms are integrated to ensure that vulnerabilities are addressed promptly, minimizing the window of exposure. The patching process is designed to be seamless, enabling containers to be updated without downtime, thus maintaining system availability. Through the combination of dynamic policy enforcement and automated patching, the proposed framework provides a robust solution to protect containerized microservices from emerging threats while ensuring continuous operation. This research also highlights the importance of adapting security measures in response to the dynamic nature of microservices and presents a case study demonstrating the effectiveness of the proposed approach. The results suggest that dynamic policy enforcement coupled with automated patching is an essential strategy for mitigating runtime vulnerabilities in modern containerized environments, ensuring better security without compromising system performance.",,,,,,,,,
triple-044,652,Microservices and Blockchain Based One Time Password protocol,METHOD,EVALUATES_ON,private and public Blockchain configurations,CONCEPT,2021,0.85,Experiments prove the goodness of our MBB-OTP protocol considering both private and public Blockchain configurations,unique_normalized_exact_quote_match,3082b464eb036f925a76952f88d3f3c19cbb2a4f,0,A Microservices and Blockchain Based One Time Password (MBB-OTP) Protocol for Security-Enhanced Authentication,abstract,"Nowadays, the increasing complexity of digital applications for social and business activities has required more and more advanced mechanisms to prove the identity of subjects like those based on the Two-Factor Authentication (2FA). Such an approach improves the typical authentication paradigm but it has still some weaknesses. Specifically, it has to deal with the disadvantages of a centralized architecture causing several security threats like denial of service (DoS) and man-in-the-middle (MITM). In fact, an attacker who succeeds in violating the central authentication server could be able to impersonate an authorized user or block the whole service. This work advances the state of art of 2FA solutions by proposing a decentralized Microservices and Blockchain Based One Time Password (MBB-OTP) protocol for security-enhanced authentication able to mitigate the aforementioned threats and to fit different application scenarios. Experiments prove the goodness of our MBB-OTP protocol considering both private and public Blockchain configurations.",,,,,,,,,
triple-045,181,time-series telemetry-coverage quantification,METHOD,APPLIED_TO,OpenTelemetry Demo dataset,DATASET,2026,0.95,time-series telemetry-coverage quantification applied to the OpenTelemetry Demo dataset,unique_normalized_exact_quote_match,7c8045a4b4f52b91db283c040afbb78c8a6ac7db,0,AI-Driven Observability for Managing Security Complexity in Cloud-native Microservices and Containerized Environments,abstract,"This study investigates security-visibility challenges in cloud-native microservices by analysing adversarial behaviours using the MITRE ATT&CK container-techniques dataset, assessing observability limitations through time-series telemetry-coverage quantification applied to the OpenTelemetry Demo dataset, and proposing an AI-driven observability model for security anomaly detection. The proposed method employs an unsupervised deep autoencoder trained on integrated telemetry from the Google Cloud Microservices Demo and Kubernetes audit logs to learn normal system behaviour and identify anomalies, defined as statistically significant deviations from established baseline telemetry patterns associated with validated security events. Model performance was evaluated using a hold-out train–test validation protocol across combined multi-source telemetry datasets. Results show that the AI-driven observability model improves detection effectiveness compared with a baseline rule-based monitoring approach, increasing recall from 54% to 84%, reducing false negatives from 690 to 240, and substantially lowering average detection latency under comparable operational conditions. These findings demonstrate that AI-enabled observability enhances detection accuracy, reduces monitoring blind spots and supports more timely operational decision-making through improved multi-layer telemetry correlation. Accordingly, the study recommends unified telemetry pipelines, consistent instrumentation across microservices, adoption of unsupervised anomaly-detection models and the development of AI-observability standards to improve the reliability and security of cloud-native systems.",,,,,,,,,
triple-046,566,ADS-B,TOOL,LACKS,encryption,CONCEPT,2020,0.95,"However, ADS-B is prone to several cyber-security threats due to the lack of data authentication and encryption.",unique_normalized_exact_quote_match,aa77d5ad503788b3410c4833ffb4b278b5201c28,0,A Microservices Architecture for ADS-B Data Security Using Blockchain,abstract,"The use of Automatic Dependent Surveillance - Broadcast (ADS-B) for aircraft tracking and flight management operations is widely used today. However, ADS-B is prone to several cyber-security threats due to the lack of data authentication and encryption. Recently, Blockchain has emerged as new paradigm that can provide promising solutions in decentralized systems. Furthermore, software containers and Microservices facilitate the scaling of Blockchain implementations within cloud computing environment. When fused together, these technologies could help improve Air Traffic Control (ATC) processing of ADS-B data. In this paper, a Blockchain implementation within a Microservices framework for ADS-B data verification is proposed. The aim of this work is to enable data feeds coming from third-party receivers to be processed and correlated with that of the ATC ground station receivers. The proposed framework could mitigate ADS- B security issues of message spoofing and anomalous traffic data. and hence minimize the cost of ATC infrastructure by throughout third-party support.",,,,,,,,,
triple-047,3,multivocal review,METHOD,APPLIED_TO,securing microservices,CONCEPT,2021,0.95,"To capture the state of the art and practice in securing microservices, we conducted a multivocal review of the existing white and grey literature on the topic.",unique_normalized_exact_quote_match,40fda014e97c5ff3bfe5a3a55766b79d17cd42c8,0,Smells and Refactorings for Microservices Security: A Multivocal Literature Review,abstract,"Context: Securing microservice-based applications is crucial, as many IT companies are delivering their businesses through microservices. If security smells affect microservice-based applications, they can possibly suffer from security leaks and need to be refactored to mitigate the effects of security smells therein. Objective: As the currently available knowledge on securing microservices is scattered across different pieces of white and grey literature, our objective here is to distill well-known smells for securing microservices, together with the refactorings enabling to mitigate the effects of such smells. Method: To capture the state of the art and practice in securing microservices, we conducted a multivocal review of the existing white and grey literature on the topic. We systematically analyzed 58 studies published from 2014 until the end of 2020. Results: Ten bad smells for securing microservices are identified, which we organized in a taxonomy, associating each smell with the security properties it may violate and the refactorings enabling to mitigate its effects. Conclusions: The security smells and the corresponding refactorings have pragmatic value for practitioners, who can exploit them in their daily work on securing microservices. They also serve as a starting point for researchers wishing to establish new research directions on securing microservices.",,,,,,,,,
triple-048,48,"methodologies for detection, tolerance and mitigation of security intrusions",METHOD,ADDRESSES,security intrusions,CONCEPT,2020,0.95,"methodologies for detection, tolerance and mitigation of security intrusions",unique_normalized_exact_quote_match,1c63a43ebef0b112e86a455a34aee78b08cca035,0,Improving the Security of Microservice Systems by Detecting and Tolerating Intrusions,abstract,"Microservice architectures adoption is growing expeditiously in market size and adoption, including in business-critical systems. This is due to agility in development and deployment further increased by containers and their characteristics. Ensuring security is still a major concern due to challenges faced such as resource separation and isolation, as improper access to one service might compromise complete systems. This doctoral work intends to advance the security of microservice systems through research and improvement of methodologies for detection, tolerance and mitigation of security intrusions, while overcoming challenges related to multi-tenancy, heterogeneity, dynamicity of systems and environments. Our preliminary research shows that host-based IDSes are applicable in container environments. This will be extended to dynamic scenarios, serving as a steppingstone to research intrusion tolerance techniques suited to these environments. These methodologies will be demonstrated in realistic microservice systems: complex, dynamic, scalable and elastic.",,,,,,,,,
triple-049,663,AZTEM,METHOD,ADDRESSES,"stationary trust models, loose access rules and encryption functions that hangs in the air with the advent of quantum computing",CONCEPT,2025,0.95,A Self-evolving Zero-Trust Model of Adaptive Cloud security with AI-based Threat Mitigation and Quantumresilient Encryption is introduced and is capable of addressing these emerging problems.,unique_normalized_exact_quote_match,d5cc9fbb197d4e02eba3d20ee1c5f6224b95e2cb,0,AZTEM: A Self-Evolving Zero-Trust Model for Adaptive Cloud Security Using AI-Driven Threat Mitigation and Quantum-Resilient Encryption,abstract,"The new digital ecosystems are being based on cloud environments but they are highly vulnerable to the shifts in cyber threat, which can take advantage of the stationary trust models, loose access rules and encryption functions that hangs in the air with the advent of quantum computing. The traditional models of perimeter based security fail to operate in highly dynamic cloud environments with insider based mauling, cross-lateral mauling and the zero day mauling bypassing the traditional security models. In this work, A Self-evolving Zero-Trust Model of Adaptive Cloud security with AI-based Threat Mitigation and Quantumresilient Encryption is introduced and is capable of addressing these emerging problems. AZTEM eliminates the implicit trust, validating and permitting all user, device, and microservice relations through the utilization of a contextsensitive trust engine that is reinforced by reinforcement learning algorithms. To counter the rapid adaptations of attack vectors, the system relies on the deep-learning-based anomaly detection methods such as LSTM-based sequence classifiers on cloud workload telemetry, network flow logs, and publicly accessible datasets (UNSW-NB15 and CICIDS2018). An adaptive policy controller is the basis of dynamic orchestration of mitigation strategies and uses AI-based response mechanisms to quarantine, reroute, or restrict malicious sessions in real time. Besides, the model includes quantum-resilient encryption that extends the protection of both data-at-rest and data-in-transit by using lattice cryptography to secure quantum decryption threats where confidentiality is ensured at the long-term scale. An initial deployment of AWS on Kubernetes clusters demonstrated that threat detection accuracy and false positives decreased by 27 percent and 34 percent respectively over a baseline zero-trust deployment, and performance overhead is less than 8 percent. Its application in adversarial context was assessed through measures such as precision, recall, F1-score and confidence intervals and proved it to be qualified. The architecture is not only making the cloud more resilient to the present, and the infrastructures of the quantum age impervious to the threats of the quantum age, but it is also providing businesses, governments and hard-to-secure areas in need of cloud security without a trade-off an ethical and scaleable and deployment-ready path.",,,,,,,,,
triple-050,7,Microservices architecture,CONCEPT,USES,Application Programming Interfaces,TOOL,2019,0.9,Microservices generally communicate with each other using Application Programming Interfaces (APIs),unique_normalized_exact_quote_match,fb3d52bcb2a1ca5b588ce01846d002c12edd713c,0,Security strategies for microservices-based application systems,abstract,"Microservices architecture is increasingly being used to develop application systems since its smaller codebase facilitates faster code development, testing, and deployment as well as optimization of the platform based on the type of microservice, support for independent development teams, and the ability to scale each component independently. Microservices generally communicate with each other using Application Programming Interfaces (APIs), which requires several core features to support complex interactions between a substantial number of components. These core features include authentication and access management, service discovery, secure communication protocols, security monitoring, availability/resiliency improvement techniques (e.g., circuit breakers), load balancing and throttling, integrity assurance techniques during induction of new services, and handling of session persistence. Additionally, the core features could be bundled or packaged into architectural frameworks such as API gateways and service mesh. The purpose of this document is to analyze the multiple implementation options available for each individual core feature and configuration options in architectural frameworks, develop security strategies that counter threats specific to microservices, and enhance the overall security profile of the microservices-based application.",,,,,,,,,
triple-051,94,proposed framework,METHOD,EVALUATES_ON,microservices,CONCEPT,2022,0.9,a set of 20 microservices were tested to proof its applicability and benefits,unique_normalized_exact_quote_match,fb0262ce63a579b385fe11af143a4e3f43004429,0,Trusted Microservices: A Security Framework for Users' Interaction with Microservices Applications,abstract,"Microservices architecture emerges as a promising software design approach that provides large scale software systems with flexibility, scalability and fault tolerance. Moreover, it is considered a suitable design to be implemented using software containers provided with several cloud providers. However, microservices suffer from several security challenges that hinder its progress. The concept of microservices is to break down the system functionality to a number of small coherent services. Hence, using microservices as a design approach increases the security risks by expanding the risk surface. In contrast to microservices, monolithic applications are implemented as a bulk of codes using single programming language. Such environment has several drawbacks related to flexibility and maintainability, but limits security issues. On the other hand, microservices implementation uses several programming languages and frameworks to implement small units of system functionality. Such environment opens the door to new critical security issues. The proposed work introduces the problem of securing microservices and provides a novel approach to protect microservices applications from masquerade attacks. The proposed framework also provides high protection to users from malicious services. The framework was implemented using 150 software containers to define users' HTTP requests and a set of 20 microservices were tested to proof its applicability and benefits",,,,,,,,,
triple-052,471,experimental validation,METHOD,PRODUCES,0% inter-tenant leakage,FINDING,2026,0.85,"Experimental validation in a distributed environment demonstrates the effective integration of federated authentication, dynamic policy evaluation based on JWT claims, and network isolation with 0% inter-tenant leakage.",unique_normalized_exact_quote_match,22ace70b22f48955ed083a85771451d7a837b602,0,Security Policy Orchestration in SDN–Microservices Environments,abstract,"Securing SDN-microservices environments requires a coherent orchestration of identity, authentication, and authorization policies. This paper proposes an architecture integrating FreeIPA for centralized identity management, Keycloak for federated authentication using OAuth2/OIDC, Open Policy Agent for declarative policy-as-code authorization, and VXLAN for multitenant network segmentation. The proposed approach ensures end-to-end, multi-layer governance, ranging from applicationlevel access control to the orchestration of the SDN control plane via RESTCONF. Experimental validation in a distributed environment demonstrates the effective integration of federated authentication, dynamic policy evaluation based on JWT claims, and network isolation with 0% inter-tenant leakage. The results confirm the feasibility of secure orchestration aligned with Zero Trust principles, providing a modular and extensible solution for cloud-native SDN-microservices infrastructures.",,,,,,,,,
triple-053,212,novel framework,METHOD,COMBINES,artificial intelligence,METHOD,2024,0.9,This article introduces a novel framework integrating artificial intelligence with microservices security,unique_normalized_exact_quote_match,00edf7db9f062ff0357743e29d731ee435be051a,0,AI-Enhanced Microservice Security in Cloud-Based Financial Platforms: A Case Study of AWS Implementation,abstract,"Securing cloud-based financial platforms presents unique challenges in an era of increasing cyber threats and distributed architectures. This article introduces a novel framework integrating artificial intelligence with microservices security, specifically designed for insurance and annuity sector applications. The proposed solution leverages predictive analytics and machine learning algorithms to enhance threat detection and response capabilities within containerized environments, implemented using Kubernetes on AWS infrastructure. The article demonstrates significant improvements in threat detection accuracy, system response time, and overall security posture while maintaining operational efficiency. The framework's implementation across multiple financial institutions reveals enhanced capabilities in identifying zero-day threats, reducing false positives, and maintaining regulatory compliance. Results indicate substantial improvements in security incident response times and operational efficiency compared to traditional security approaches. This article contributes to the growing body of knowledge in cloud security by presenting a scalable, AI-driven security architecture that addresses the unique challenges of microservices in financial platforms, while providing a blueprint for future implementations in similar high-security environments.",,,,,,,,,
triple-054,348,microservice security agent,METHOD,ADDRESSES,secure authentication mechanism,CONCEPT,2019,0.9,we propose a microservice security agent to integrate the edge computing platform with the API gateway technology for presenting a secure authentication mechanism.,unique_normalized_exact_quote_match,ed9771ad472ea1c2a7b493c7dd50358fbe759483,0,Microservice Security Agent Based On API Gateway in Edge Computing,abstract,"Internet of Things (IoT) devices are embedded with software, electronics, and sensors, and feature connectivity with constrained resources. They require the edge computing paradigm, with modular characteristics relying on microservices, to provide an extensible and lightweight computing framework at the edge of the network. Edge computing can relieve the burden of centralized cloud computing by performing certain operations, such as data storage and task computation, at the edge of the network. Despite the benefits of edge computing, it can lead to many challenges in terms of security and privacy issues. Thus, services that protect privacy and secure data are essential functions in edge computing. For example, the end user’s ownership and privacy information and control are separated, which can easily lead to data leakage, unauthorized data manipulation, and other data security concerns. Thus, the confidentiality and integrity of the data cannot be guaranteed and, so, more secure authentication and access mechanisms are required to ensure that the microservices are exposed only to authorized users. In this paper, we propose a microservice security agent to integrate the edge computing platform with the API gateway technology for presenting a secure authentication mechanism. The aim of this platform is to afford edge computing clients a practical application which provides user authentication and allows JSON Web Token (JWT)-based secure access to the services of edge computing. To integrate the edge computing platform with the API gateway, we implement a microservice security agent based on the open-source Kong in the EdgeX Foundry framework. Also to provide an easy-to-use approach with Kong, we implement REST APIs for generating new consumers, registering services, configuring access controls. Finally, the usability of the proposed approach is demonstrated by evaluating the round trip time (RTT). The results demonstrate the efficiency of the system and its suitability for real-world applications.",,,,,,,,,
triple-055,380,hybrid encryption algorithm,METHOD,COMBINES,RSA,METHOD,2021,0.85,the hybrid encryption algorithm hybridized by encryption algorithm of Rivest Shamir Adleman (RSA),unique_normalized_exact_quote_match,3f7510f5e175698777c9e644ceb99d2490adbdf8,0,Design and Achievement of Security Mechanism of API Gateway Platform Based on Microservice Architecture,abstract,"To solve the current security problems of the microservice architecture, the security mechanism of the API gateway platform using the microservice platform is designed and implemented. To solve the corresponding security problems, a new API platform security mechanism is designed. In the data transmission, the hybrid encryption algorithm hybridized by encryption algorithm of Rivest Shamir Adleman (RSA) and encryption algorithm of Advanced Encryption Standard (AES) is used for data encryption. An API gateway between the client and the microservice is introduced as the only entrance for users to access the microservice, avoiding the complexity of the client logic caused by the direct communication between the client and the server. After the introduction of the API gateway, the API-level service operation authority can be controlled; the security of the front-end and back-end transmission data is improved without affecting the transmission performance. The algorithm designed takes longer time than the AES encryption algorithm, but shorter than the RSA encryption algorithm, which indicates that the time-consuming of the algorithm designed is acceptable, showing the feasibility of the algorithm. The content can provide an important theoretical basis for the security of API gateway platform of microservice architecture.",,,,,,,,,
triple-056,12,OpenID Connect,METHOD,ADDRESSES,security in microservices,CONCEPT,2022,0.85,"To face the problems, mechanisms such as OAuth 2.0, OpenID Connect, API Gateway and JWT are used.",unique_normalized_exact_quote_match,d64c1a7d9f3e9794a171e81f0d83fff2f1311457,0,Authentication and Authorization in Microservices Architecture: A Systematic Literature Review,abstract,"The microservice architectural style splits an application into small services, which are implemented independently, with their own deployment unit. This architecture can bring benefits, nevertheless, it also poses challenges, especially about security aspects. In this case, there are several microservices within a single system, it represents an increase in the exposure of the safety surface, unlike the monolithic style, there are several applications running independently and must be secured individually. In this architecture, microservices communicate with each other, sometimes in a trust relationship. In this way, unauthorized access to a specific microservice could compromise an entire system. Therefore, it brings a need to explore knowledge about issues of security in microservices, especially in aspects of authentication and authorization. In this work, a Systematic Literature Review is carried out to answer questions on this subject, involving aspects of the challenges, mechanisms and technologies that deal with authentication and authorization in microservices. It was found that there are few studies dealing with the subject, especially in practical order, however, there is a consensus that communication between microservices, mainly due to its individual and trustworthy characteristics, is a concern to be considered. To face the problems, mechanisms such as OAuth 2.0, OpenID Connect, API Gateway and JWT are used. Finally, it was found that there are few open-source technologies that implement the researched mechanisms, with some mentions of the Spring Framework.",,,,,,,,,
triple-057,131,adaptation actions,METHOD,ADDRESSES,security threats,CONCEPT,2023,0.95,adaptation actions can be triggered to mitigate the threats,unique_normalized_exact_quote_match,17bf57a46b7f6255cc355f0d5624e44106e5c711,0,Techniques and Tools for Runtime Security Monitoring and Analysis of Microservices,abstract,"Microservice architectures are highly scalable, flexible, and manageable applications. However, their distributed nature and high service granularity increase the challenge of monitoring and identifying attacks. Protecting microservice applications and developing security solutions capable of dealing with unique microservice characteristics is essential. This Ph.D. work aims to develop innovative solutions for enhancing the security of microservice applications at runtime. Through extensive research, the project will explore techniques for monitoring and detecting potential attacks in microservice scenarios at application-layer, considering the existing challenges. Thus, when a possible attack is detected, adaptation actions can be triggered to mitigate the threats improving application security.",,,,,,,,,
triple-058,494,Microservices-based edge computing framework,METHOD,USES,containerization technology,TOOL,2023,0.95,We also propose a Microservices-based edge computing framework that provides secure edge AI algorithms as Microservices utilizing the containerization technology,unique_normalized_exact_quote_match,514a96af287ab19a399479f91ae91a28b1593c5c,0,AI-Enabled Secure Microservices in Edge Computing: Opportunities and Challenges,abstract,"The paradigm of edge computing has formed an innovative scope within the domain of the Internet of Things (IoT) through expanding the services of the cloud to the network edge to design distributed architectures and securely enhance decision-making applications. Due to the heterogeneous, distributed and resource-constrained essence of edge Computing, edge applications are required to be developed as a set of lightweight and interdependent modules. As this concept aligns with the objectives of microservice architecture, effective implementation of microservices-based edge applications within IoT networks has the prospective of fully leveraging edge nodes capabilities. Deploying microservices at IoT edge faces plenty of challenges associated with security and privacy. Advances in Artificial Intelligence (AI) (especially Machine Learning), and the easy access to resources with powerful computing providing opportunities for deriving precise models and developing different intelligent applications at the edge of network. In this study, an extensive survey is presented for securing edge computing-based AI Microservices to elucidate the challenges of IoT management and enable secure decision-making systems at the edge. We present recent research studies on edge AI and microservices orchestration and highlight key requirements as well as challenges of securing Microservices at IoT edge. We also propose a Microservices-based edge computing framework that provides secure edge AI algorithms as Microservices utilizing the containerization technology to offer automated and secure AI-based applications at the network edge.",,,,,,,,,
triple-059,171,MicroSecPost,METHOD,APPLIED_TO,microservice-based application,CONCEPT,2024,0.95,μSecPost models a microservice based application as a graph,unique_normalized_exact_quote_match,8b49e20cf6d981c5e7af582035e9c5254e432ecd,0,A Novel Approach for Security Analysis in Microservices Using Graph Neural Networks,abstract,"Microservice architectures, as opposed to traditional monolithic ones, require an entirely different approach to iden-tify vulnerabilities, anomalies and other security issues. This is primarily due to the increased attack surface they expose through APIs. A comprehensive analysis of how anomalies in one microservice may affect others requires a detailed understanding of the structure of the entire application. This knowledge can help drive the software architecture to be followed in production applications - particularly those that store and manipulate critical information where vulnerabilities can have a significant business or privacy impact. With this motivation, this paper proposes MicroSecPost (μSecPost), a GNN-based microservice security analysis approach. μSecPost models a microservice based application as a graph that combines data from both static and dynamic analysis, representing each service as a node and service-to-service interactions as edges. μSecPost uses Graph Neural Networks (GNNs) on this graph representation to assign a vulnerability score to each node, predict edge features and score the entire application based on the scores of individual nodes and edges. μSecPost aims to help understand the existing security posture of a microservice-based application and determine where possible improvements can be made.",,,,,,,,,
triple-060,763,microservices-based cloud-edge architecture,METHOD,COMBINES,Software-Defined Networking (SDN),METHOD,2025,0.9,"this paper presents a novel microservices-based cloud-edge architecture that integrates Software-Defined Networking (SDN), edge-AI, and agents",unique_normalized_exact_quote_match,05c26ba2473e432f3db292954fc38dfae61d0fcb,0,A Cloud-Edge Microservices Architecture for Smart Healthcare: SDN-Based Medical Asset Management,abstract,"Real-time hospital asset tracking and predictive maintenance are critical for ensuring patient safety, operational efficiency, and cybersecurity in modern healthcare environ-ments. Traditional network architectures often struggle with scalability, security enforcement, and real-time telemetry processing, limiting the effectiveness of medical IoT systems. To address these challenges, this paper presents a novel microservices-based cloud-edge architecture that integrates Software-Defined Networking (SDN), edge-AI, and agents for real-time medical asset tracking, anomaly detection, and adaptive policy enforce-ment. The proposed system leverages SDN for centralized traffic control and dynamic flow reconfiguration, while KubeEdge extends analytics and enforcement capabilities to the edge, ensuring low-latency decision-making and improved telemetry accuracy. Telemetry collector and security enforcement agents, deployed as Kubernetes DaemonSets, continuously monitor medical devices such as ventilators, infusion pumps, and ECG monitors. Real-time inference is powered by Autoencoder-based models, which detect anomalies with 94.5% accuracy at an average latency of 35.2 ms. Open vSwitch (OVS), integrated with Calico networking, enables programmable flow control and security isolation, achieving 99.2% policy enforcement success and reducing unauthorized access attempts by 72%. The network was deployed and validated on a three-node Kuber-netes cluster, demonstrating quantifiable improvements in fault detection, packet loss reduction, and resource responsiveness. These results position the proposed architecture as a scalable, secure, and measurement-aware framework for advancing next-generation healthcare instrumentation and intelligent telemetry systems.",,,,,,,,,
triple-061,2,Microservices Architecture,CONCEPT,USES,containers,TOOL,2021,0.9,containers are viewed as a natural compute platform for this architecture,unique_normalized_exact_quote_match,e9f78cc559511112b8b41cacd28f7476f217802d,0,Security in Microservices Architectures,abstract,"Abstract A Microservice is a small or even micro independent process that communicates, acts, and returns via messages through lightweight mechanisms like Thrift, HTTP or RESTAPI. Microservices Architecture is amateur evolution of the Monolithic Architecture. Observing it in afunctional way, it is correct to claim that it breaks down complex applications into a simpler abstraction. As this research demonstrates, Microservices Architecture is intrinsically connected as a symbiosis with container-based deployment, because these containers have no need for embedded operating systems and calls are made for OS resources, via an application programming interface. It is safe to claim that this technology is currently the focus of modern developers nowadays. Semantically speaking, Microservices functionally deconstruct larger applications into smaller, discrete services, and containers are viewed as a natural compute platform for this architecture [1]. A single service is and can be represented by multiple containers in a Microservices cluster, each single service is designed to provide a specific set of functions while services act to makeup the entire application. It’s common in large application the decomposition into multiple arms of more than twenty services, although less can be commonly found as well [1]. The main objective of Microservices Architecture is to disassemble the core components of a given type of application [2]. This study could be done in multiple ways, all of them different because practically everybody has their specific way of looking at Microservices, but one aspect is the same cross mentalities, Security. So, the focus of this research is to expose the main security aspects of this specific architecture, in this cost-effective era.",,,,,,,,,
triple-062,9,security strategies,METHOD,IMPROVES,security profile of the microservices-based application,METRIC,2019,0.95,"develop security strategies that counter threats specific to microservices, and enhance the overall security profile of the microservices-based application",unique_normalized_exact_quote_match,fb3d52bcb2a1ca5b588ce01846d002c12edd713c,0,Security strategies for microservices-based application systems,abstract,"Microservices architecture is increasingly being used to develop application systems since its smaller codebase facilitates faster code development, testing, and deployment as well as optimization of the platform based on the type of microservice, support for independent development teams, and the ability to scale each component independently. Microservices generally communicate with each other using Application Programming Interfaces (APIs), which requires several core features to support complex interactions between a substantial number of components. These core features include authentication and access management, service discovery, secure communication protocols, security monitoring, availability/resiliency improvement techniques (e.g., circuit breakers), load balancing and throttling, integrity assurance techniques during induction of new services, and handling of session persistence. Additionally, the core features could be bundled or packaged into architectural frameworks such as API gateways and service mesh. The purpose of this document is to analyze the multiple implementation options available for each individual core feature and configuration options in architectural frameworks, develop security strategies that counter threats specific to microservices, and enhance the overall security profile of the microservices-based application.",,,,,,,,,
triple-063,655,systematic literature review,METHOD,PRODUCES,CI/CD-specific vulnerability taxonomy,CONCEPT,2025,0.92,We then introduce a CI/CD-specific vulnerability taxonomy,unique_normalized_exact_quote_match,7c1e2e6bedf484e34e2d4b92b06ced2e03839768,0,Systematic Review of Identity-Centric Security in Cloud-Native CI/CD Pipelines,abstract,"As cloud-native CI/CD pipelines automate software delivery at scale, identity-centric security has become a critical concern. This paper reports a systematic literature review of 59 peer-reviewed studies that examine authentication and authorisation (AuthN/AuthZ) in CI/CD workflows. We synthesise key vulnerability classes, including token theft, privilege escalation, session hijacking, supply-chain abuse, and misaligned microservice identities. We then introduce a CI/CD-specific vulnerability taxonomy and systematically map established mechanisms such as OAuth 2.0, Kerberos, SAML, mTLS, RBAC/ABAC, XACML, API gateways, and MFA to the attack vectors they mitigate across the pipeline. Finally, we analyse emerging trends, including Zero-Trust Architecture, decentralised identity, service-mesh-based access control, and cryptographically anchored identity models that use blockchain and self-sovereign identity. The review exposes persistent gaps in configuration, observability, and runtime enforcement, as well as organisational barriers to adopting stronger identity controls. Our findings provide a structured foundation for designing trustworthy, identity-centric DevSecOps practices and highlight concrete research directions for securing access in cloud-native CI/CD environments.",,,,,,,,,
triple-064,574,JWT,METHOD,IMPROVES,security,CONCEPT,2022,0.95,"Key findings indicate that while OAuth2 and JWT significantly improve security, challenges such as token expiration management and service-to-service token validation persist.",unique_normalized_exact_quote_match,e491ab3ee15771ae6bd5a827a7b8b0cf3230f7b0,0,Applying OAuth2 and JWT Protocols in Securing Distributed API Gateways: Best Practices and Case Review,abstract,"The security of distributed systems, particularly in cloud-based environments and microservices architectures, is paramount as organizations increasingly rely on these systems for scalable and efficient operations. This paper explores the implementation of OAuth2 and JWT (JSON Web Tokens) protocols as fundamental components in securing distributed API gateways. OAuth2 offers a robust framework for authorization by decoupling user authentication from application logic, while JWT provides a lightweight and secure method of transmitting authentication information across services. The paper discusses the core components of OAuth2 and JWT, their roles in API security, and the implementation best practices that ensure secure token management, scalability, and fault tolerance. Case studies from cloud-based systems and microservices architectures illustrate real-world applications, highlighting both successes and challenges encountered during deployment. Key findings indicate that while OAuth2 and JWT significantly improve security, challenges such as token expiration management and service-to-service token validation persist. Finally, the paper identifies areas for future research, particularly in the development of enhanced token revocation mechanisms and the adaptation of OAuth2 and JWT for emerging technologies like serverless architectures. The study underscores the importance of these protocols in the evolving landscape of secure API gateway management and their potential to drive secure, scalable digital transformation.",,,,,,,,,
triple-065,523,DQN-based microservice container placement algorithm (MsCPA),METHOD,IMPROVES,co-resident threat propagation range,METRIC,2023,0.95,Simulation results show that the container placement algorithms in this paper reduce the co-resident threat propagation range by 18.06% on average,unique_normalized_exact_quote_match,fee388be9efce310044a5b944fecd70aa077310c,0,A Security Containers Placement Algorithm Based on DQN for Microservices to Defend Against Co-Resident Threat,abstract,"The weak isolation of lightweight containers has caused co-resident threat among cloud-native applications. The co-resident threat further spread based on microservice calls, which seriously threaten the security of other cloud-native applications. To solve this problem, this paper formally describes the propagation of container co-resident threats in cloud-native applications and optimizes the solution of the co-resident threats of cloud-native applications and the load balance, and proposes a DQN-based microservice container placement algorithm (MsCPA) to optimize the solution of the co-resident threats of cloud-native applications and the load balance. Simulation results show that the container placement algorithms in this paper reduce the co-resident threat propagation range by 18.06% on average with improving load balancing performance by 13.97%.",,,,,,,,,
triple-066,605,Zero-Trust Agent Gateway,METHOD,IMPROVES,mean time to contain a lateral movement incident,METRIC,2024,0.95,reducing the mean time to contain a lateral movement incident from 47 minutes to under 6 minutes in tabletop exercises.,unique_normalized_exact_quote_match,ffa18e986782143ae40fde1caa5136964eab180c,0,Zero-Trust Agent Gateway: Identity-Centric Access Control for Multi-Actor AI Ecosystems Aligned with SASE Principles,abstract,"Contemporary AI agent platforms operate across hostile multi-actor environments in which traditional perimeter-based security controls offer inadequate protection. Agents, KOL accounts, brand wallets, and third-party protocol integrations form a distributed trust surface that cannot be defended by network boundary assumptions. This paper presents the Zero-Trust Agent Gateway (ZTAG), an identity-centric access control architecture for AI agent platforms aligned with Secure Access Service Edge (SASE) principles. ZTAG enforces mutual TLS for all agent-to-platform and agent-to-agent communication, assigns cryptographically verifiable workload identities using SPIFFE/SPIRE, and implements fine-grained Role-Based and Attribute-Based Access Control (RBAC/ABAC) across a microservice mesh. Continuous context verification evaluates trust posture at every request boundary rather than at session establishment, eliminating implicit trust accumulation. We present the ZTAG architecture, its integration with SASE policy enforcement points at the network edge, and a formal security analysis demonstrating resistance to the principal threat classes identified by NIST SP 800-207. An empirical evaluation on a production-representative service mesh of 18 microservices shows that ZTAG adds a median overhead of 4.2 ms per inter-service request, well within acceptable latency budgets for synchronous API calls, while reducing the mean time to contain a lateral movement incident from 47 minutes to under 6 minutes in tabletop exercises.",,,,,,,,,
triple-067,361,SFTSDH,METHOD,APPLIED_TO,eCoaching prototype system,METHOD,2022,0.95,The SFTSDH implementation and configuration in the prototype system have effectively secured the eCoach APIs from an attack in all the considered scenarios.,unique_normalized_exact_quote_match,22df84590b05ad2688bd961ef25158166b6b2048,0,SFTSDH: Applying Spring Security Framework With TSD-Based OAuth2 to Protect Microservice Architecture APIs,abstract,"The Internet of Medical Things (IoMT) combines medical devices and applications that use network technologies to connect healthcare information systems (HIS). IoMT is reforming the medical industry by adopting information and communication technologies (ICTs). Identity verification, secure collection, and exchange of medical data are essential in health applications. In this study, we implemented a hybrid security solution to secure the collection and management of personal health data using Spring Framework (SF), Services for Sensitive Data (TSD) as a service platform, and Hyper-Text-Transfer-Protocol (HTTP (H)) security methods. The adopted solution (SFTSDH = SF + TSD + H) instigated the following security features: identity brokering, OAuth2, multifactor authentication, and access control to protect the Microservices Architecture Application Programming Interfaces (APIs), following the General Data Protection Regulation (GDPR). Moreover, we extended the adopted security solution to develop a digital infrastructure to facilitate the research and innovation work in the electronic health (eHealth) section, focusing on solution validation with theoretical evaluation and experimental testing. We used a web engineering security methodology to achieve and explain the adopted security solution. As a case study, we designed and implemented electronic coaching (eCoaching) prototype system and deployed the same in the developed infrastructure to securely record and share personal health data. Furthermore, we compared the test results with related studies qualitatively for the efficient evaluation of the implemented security solution. The SFTSDH implementation and configuration in the prototype system have effectively secured the eCoach APIs from an attack in all the considered scenarios. The eCoach prototype with the SFTSDH solution effectively sustained a load of (≈) 1000 concurrent users in the developed digital health infrastructure. In addition, we performed a qualitative comparison among the following security solutions: SF security, third-party security, and SFTSDH, where SFTSDH showed a promising outcome.",,,,,,,,,
triple-068,516,OWASP API Security Top Ten,METHOD,ADDRESSES,Vulnerabilities in Web APIs,CONCEPT,2024,0.9,This research identifies the most common vulnerabilities in web APIs and offers a foundational guide for web developers to enhance security from the outset. The objective of this paper is to demonstrate the application of the Open Web Application Security Project (OWASP) API Security Top Ten guidelines,unique_normalized_exact_quote_match,d166967cfeacb255278bf2338fe9bc297c6f6f97,0,A Secure Digital Image Marketplace: Microservices and OWASP API Security Using Spring Boot,abstract,"In the modern era of web technology, microservice architecture has become a common practice in web development because of its scalability and extendibility. Consequently, implementation of web application programming interface (API) (i.e., representational state transfer API (REST API)) has become more ubiquitous. However, the frequency of attacks on web API services has also increased, necessitating robust security measures. This research identifies the most common vulnerabilities in web APIs and offers a foundational guide for web developers to enhance security from the outset. The objective of this paper is to demonstrate the application of the Open Web Application Security Project (OWASP) API Security Top Ten guidelines through a practical example: a digital image marketplace developed using the Spring Boot framework. By providing examples and basic implementations, this paper aims to assist developers in creating secure web APIs.",,,,,,,,,
triple-069,727,"dual-workflow, cloud-native architecture",METHOD,EXTENDS,flexible ML framework,METHOD,2025,0.9,Our architecture builds upon a flexible ML framework from foundational research,unique_normalized_exact_quote_match,0cc0881a21c14ff1295640ea8e6ea6fdbc07e155,0,"A Framework for ML-Based Intrusion Detection and Prevention: A Containerized, Cloud-Native Approach",abstract,"The operational deployment of machine learning (ML) based security systems in production cloud environments remains a significant challenge, often hindered by a disconnect between offline training and real-time inference known as train-serve skew. This paper presents a novel, dual-workflow, cloud-native architecture for an Intrusion Detection and Prevention System (IDPS) that bridges this gap. Our architecture builds upon a flexible ML framework from foundational research, which was validated in an offline-only proof-of-concept. The primary contributions of this paper are twofold: first, we provide a complete blueprint for orchestrating the framework as a containerized, microservice-based cluster using platforms like Kubernetes. Second, we introduce a minimal-overhead online workflow that uses high-performance, kernel-level probes and a real-time agent to replicate the feature-rich vectors required for accurate detection, thus solving the train-serve skew problem. This dual-workflow design separates low-latency real-time detection from deep offline analysis, which leverages the foundational two-stage ML pipeline and context-aware capture tools. This work provides a validated blueprint for an effective IDPS that achieves the scalability, resilience, and maintainability required for a modern cloud security service.",,,,,,,,,
triple-070,437,MediTrustNet,METHOD,EVALUATES_ON,Accuracy,METRIC,2026,0.9,"evaluate the performance of our integrated MediTrustNet and MicroShieldEHR system according to three evaluation criteria (Accuracy, Latency, Decision Quality)",unique_normalized_exact_quote_match,7be5143439b57d938d2934e7f7b2720fa2c7cd12,0,Enhancing Healthcare Systems Security Using Microservices and Zero Trust,abstract,"The goal of this study is to create a scalable and secure system for the healthcare system through the use of a combination of Microservice Architecture (MSA) and Zero Trust Security (ZTS). To do so, we have developed two innovative models: MediTrustNet - A Context-Aware Semantic/Syntactic Trust Assessment Model for preventing medical errors, and MicroShieldEHR - A ZTS-enabled micro-service-based Electronic Health Record (EHR) System. In addition, we simulate a health care environment in order to evaluate the performance of our integrated MediTrustNet and MicroShieldEHR system according to three evaluation criteria (Accuracy, Latency, Decision Quality) that each were constrained to meet the ZTS requirements. Our main contributions include: 1) A dual-layered trust assessment methodology that utilizes Word2Vec and BLEU to assess both the semantic and syntactic aspects of a user's access request in order to reduce medical errors and enhance the accuracy of the user's access; 2) A micro-service based EHR system utilizing Service Mesh, OAuth2, and dynamic policy engines to enforce ZTS at service-level boundaries; 3) A decision engine capable of generating real-time decisions that adhere to relevant legal frameworks (HIPAA, GDPR, AIDA). Our results show a maximum F1 score of 94.2% in determining high-risk requests with an average of only 190 ms of increased latency. The potential to greatly improve the protection of patient health data, the resilience of the system, and compliance with relevant regulations (such as HIPAA and GDPR) is present if our framework is applied to a production environment like that of a typical hospital network.",,,,,,,,,
triple-071,658,cryptographically anchored identity models,METHOD,USES,blockchain,TOOL,2025,0.95,cryptographically anchored identity models that use blockchain and self-sovereign identity.,unique_normalized_exact_quote_match,7c1e2e6bedf484e34e2d4b92b06ced2e03839768,0,Systematic Review of Identity-Centric Security in Cloud-Native CI/CD Pipelines,abstract,"As cloud-native CI/CD pipelines automate software delivery at scale, identity-centric security has become a critical concern. This paper reports a systematic literature review of 59 peer-reviewed studies that examine authentication and authorisation (AuthN/AuthZ) in CI/CD workflows. We synthesise key vulnerability classes, including token theft, privilege escalation, session hijacking, supply-chain abuse, and misaligned microservice identities. We then introduce a CI/CD-specific vulnerability taxonomy and systematically map established mechanisms such as OAuth 2.0, Kerberos, SAML, mTLS, RBAC/ABAC, XACML, API gateways, and MFA to the attack vectors they mitigate across the pipeline. Finally, we analyse emerging trends, including Zero-Trust Architecture, decentralised identity, service-mesh-based access control, and cryptographically anchored identity models that use blockchain and self-sovereign identity. The review exposes persistent gaps in configuration, observability, and runtime enforcement, as well as organisational barriers to adopting stronger identity controls. Our findings provide a structured foundation for designing trustworthy, identity-centric DevSecOps practices and highlight concrete research directions for securing access in cloud-native CI/CD environments.",,,,,,,,,
triple-072,626,Depth-Bounded Semantic Rate Limiting (DBSRL),METHOD,USES,Semantic Complexity,METRIC,2022,0.92,DBSRL uses both query depth and semantic complexity as based on resolver execution patterns and dependencies between services.,unique_normalized_exact_quote_match,919ca3370b5a856f9d2e9930b73ac5cb70ccdc58,0,"Neural Component Libraries for Angular: AI-Generated, Self-Documenting UI Elements with Intelligent API Integration",abstract,"The high digitization of financial services has resulted in the formation of open banking ecosystems, which strongly use the services of modern API architecture. GraphQL is one of these with notable adoption as it is flexible and provides efficiency in data retrieval along with the ability to combine various microservices to a single schema. Federated software further builds on these advantages by allowing composition of a distributed architecture, where independent teams can build scalable services that can be federated into one unified API gateway. Nevertheless, this paradigm of architecture brings about fresh security threats such as attacks of complexity of the algorithm. Such attacks use the computation cost of richly nested or semantically expensive GraphQL queries as a denial-of-service by consuming resources on a server. Algorithms complex attacks are contrasted to traditional volumetric attacks since they are not based on a high request volume. Rather, attackers design few queries that result in computationally intensive operations, including recursive field resolutions, cross-service joins and deep search through the graphs. The attacks are more harmful in the federated GraphQL contexts employed in open banking systems since the queries can spread to more than one backend service, magnifying the processing cost. Therefore, a small number of malicious queries can reduce the output of the system and damage the service provision. Mitigation mechanisms implemented are commonly based on query depth limit, query cost analysis or more traditional rate limiting mechanism. These strategies are somewhat protective, though they have a number of shortcomings. Deep basis limiting can regularly hinder real and harmless inquiries that are needed to carry out the financial analysis. In distributed microservices, query cost estimation mechanisms are hard to reason. Traditional rate limiting strategies are based more on number of requests as opposed to the number of calculations to make. Consequently, the attackers are able to overcome such defenses by placing low-frequency yet costly queries. In order to solve these problems, this paper suggests a new security system, which is named Depth-Bounded Semantic Rate Limiting (DBSRL). The suggested approach involves analysis of structural query and semantic cognition of costs of query execution in order to dynamically control API access. As opposed to conventional methods that only use measures relating to the syntactic depth, DBSRL uses both query depth and semantic complexity as based on resolver execution patterns and dependencies between services. With a combination of both of these measures into an adaptive rate limiting system, the system is capable of tracking and prevent algorithmic complexity attacks without causing discommonly high performance with the intent of targeting legitimate users.",,,,,,,,,
triple-073,567,Blockchain implementation,METHOD,COMBINES,Microservices framework,METHOD,2020,0.9,"In this paper, a Blockchain implementation within a Microservices framework for ADS-B data verification is proposed.",unique_normalized_exact_quote_match,aa77d5ad503788b3410c4833ffb4b278b5201c28,0,A Microservices Architecture for ADS-B Data Security Using Blockchain,abstract,"The use of Automatic Dependent Surveillance - Broadcast (ADS-B) for aircraft tracking and flight management operations is widely used today. However, ADS-B is prone to several cyber-security threats due to the lack of data authentication and encryption. Recently, Blockchain has emerged as new paradigm that can provide promising solutions in decentralized systems. Furthermore, software containers and Microservices facilitate the scaling of Blockchain implementations within cloud computing environment. When fused together, these technologies could help improve Air Traffic Control (ATC) processing of ADS-B data. In this paper, a Blockchain implementation within a Microservices framework for ADS-B data verification is proposed. The aim of this work is to enable data feeds coming from third-party receivers to be processed and correlated with that of the ATC ground station receivers. The proposed framework could mitigate ADS- B security issues of message spoofing and anomalous traffic data. and hence minimize the cost of ATC infrastructure by throughout third-party support.",,,,,,,,,
triple-074,221,anomaly-based approaches,METHOD,LACKS,clear definition of the microservice behavior,CONCEPT,2024,0.8,"they require a clear definition of the microservice behavior, which may be cumbersome to obtain",unique_normalized_exact_quote_match,8c0ca4c028837c1ed41239d45184232b887e1350,0,Doing more with less? A Study on Models for Intrusion Detection in Microservices,abstract,"Microservice-based systems are becoming very frequent in many systems, even in business-critical ones. It is only logical that attackers pay more attention to microservices security and attempt to compromise it to achieve their goals. Intrusion detection has been used to increase the security level of these systems but faces significant challenges: namely, effectively processing all the information produced by the services and keeping up with constant modifications and releases. Microservice environments are extremely dynamic, changing by the day or even faster. Although anomaly-based approaches can detect zero-days they require a clear definition of the microservice behavior, which may be cumbersome to obtain without a clear notion of a service’s core behavior. In this paper, we propose three techniques that allow to obtain the core behavior of a microservice into intrusion detection models. The techniques capture a stable model of a microservice core and can be applied across service releases. The models created are evaluated using datasets generated in a representative system with known vulnerabilities through an attack injection methodology with a diverse set of representative attacks. The results show that obtaining the core of a service helps with reusing detection models across several releases, despite some limitations.",,,,,,,,,
triple-075,422,layered Zero-Trust enforcement,METHOD,COMBINES,AI-guided identity risk scoring,METHOD,2023,0.95,combining layered Zero-Trust enforcement with AI-guided identity risk scoring,unique_normalized_exact_quote_match,ae8846723c582d9b922d68fce2fdd20ab83f2f59,0,A Multi-Layered Zero-Trust Security Framework for Cloud-Native and Distributed Enterprise Systems Using AI-Driven Identity and Access Intelligence,abstract,"Cloud-native and distributed enterprise systems span multi-cloud platforms, Kubernetes-based microservices, SaaS applications, and edge environments, where traditional perimeter-based security assumptions no longer hold. This paper proposes a multi-layered Zero-Trust Security Framework that enforces continuous verification across identities, devices, networks, workloads, and data. The framework is enhanced with AI-driven identity and access intelligence to replace static, rule-based authorization with adaptive, risk-aware policy enforcement. Context is collected from user behavior, device posture, and network conditions, then transformed into risk signals that support continuous authentication and dynamic access decisions. Policy-as-code enables consistent orchestration across ZTNA gateways, API gateways, service meshes, and cloud-native controls, while micro-segmentation limits lateral movement and reduces blast radius under assume-breach conditions. The model integrates with enterprise IAM, PAM, and SIEM to support privileged access governance, centralized auditing, and automated response actions such as step-up MFA, session restriction, or access revocation. In a simulated cloud-native environment using Kubernetes and identity-analytics datasets, the framework demonstrates strong detection effectiveness (94.7% accuracy) with low false positives (3.2%) and practical access latency (1.8 s), outperforming traditional IAM and basic Zero-Trust baselines. The results indicate that combining layered Zero-Trust enforcement with AI-guided identity risk scoring improves security resilience without sacrificing operational scalability in modern enterprise deployments.",,,,,,,,,
triple-076,16,Systematic Literature Review,METHOD,PRODUCES,lack of open-source technologies implementing security mechanisms,FINDING,2022,0.9,"Finally, it was found that there are few open-source technologies that implement the researched mechanisms",unique_normalized_exact_quote_match,d64c1a7d9f3e9794a171e81f0d83fff2f1311457,0,Authentication and Authorization in Microservices Architecture: A Systematic Literature Review,abstract,"The microservice architectural style splits an application into small services, which are implemented independently, with their own deployment unit. This architecture can bring benefits, nevertheless, it also poses challenges, especially about security aspects. In this case, there are several microservices within a single system, it represents an increase in the exposure of the safety surface, unlike the monolithic style, there are several applications running independently and must be secured individually. In this architecture, microservices communicate with each other, sometimes in a trust relationship. In this way, unauthorized access to a specific microservice could compromise an entire system. Therefore, it brings a need to explore knowledge about issues of security in microservices, especially in aspects of authentication and authorization. In this work, a Systematic Literature Review is carried out to answer questions on this subject, involving aspects of the challenges, mechanisms and technologies that deal with authentication and authorization in microservices. It was found that there are few studies dealing with the subject, especially in practical order, however, there is a consensus that communication between microservices, mainly due to its individual and trustworthy characteristics, is a concern to be considered. To face the problems, mechanisms such as OAuth 2.0, OpenID Connect, API Gateway and JWT are used. Finally, it was found that there are few open-source technologies that implement the researched mechanisms, with some mentions of the Spring Framework.",,,,,,,,,
triple-077,36,proposed method for access control,METHOD,EVALUATES_ON,decentralized architectures of the microservices,CONCEPT,2023,0.85,The proposed method was experimentally tested and validated in comparison to the centralized and decentralized architectures of the microservices.,unique_normalized_exact_quote_match,c8a17e3b4d83d3b81fcda5c84b39fab34a06d481,0,Enhancing Microservices Security with Token-Based Access Control Method,abstract,"Microservices are compact, independent services that work together with other microservices to support a single application function. Organizations may quickly deliver high-quality applications using the effective design pattern of the application function. Microservices allow for the alteration of one service in an application without affecting the other services. Containers and serverless functions, two cloud-native technologies, are frequently used to create microservices applications. A distributed, multi-component program has a number of advantages, but it also introduces new security risks that are not present in more conventional monolithic applications. The objective is to propose a method for access control that ensures the enhanced security of microservices. The proposed method was experimentally tested and validated in comparison to the centralized and decentralized architectures of the microservices. The obtained results showed that the proposed method enhanced the security of decentralized microservices by distributing the access control responsibility across multiple microservices within the external authentication and internal authorization processes. This allows for easy management of permissions between microservices and can help prevent unauthorized access to sensitive data and resources, as well as reduce the risk of attacks on microservices.",,,,,,,,,
triple-078,347,microservice security agent,METHOD,APPLIED_TO,EdgeX Foundry framework,TOOL,2019,0.9,we implement a microservice security agent based on the open-source Kong in the EdgeX Foundry framework.,unique_normalized_exact_quote_match,ed9771ad472ea1c2a7b493c7dd50358fbe759483,0,Microservice Security Agent Based On API Gateway in Edge Computing,abstract,"Internet of Things (IoT) devices are embedded with software, electronics, and sensors, and feature connectivity with constrained resources. They require the edge computing paradigm, with modular characteristics relying on microservices, to provide an extensible and lightweight computing framework at the edge of the network. Edge computing can relieve the burden of centralized cloud computing by performing certain operations, such as data storage and task computation, at the edge of the network. Despite the benefits of edge computing, it can lead to many challenges in terms of security and privacy issues. Thus, services that protect privacy and secure data are essential functions in edge computing. For example, the end user’s ownership and privacy information and control are separated, which can easily lead to data leakage, unauthorized data manipulation, and other data security concerns. Thus, the confidentiality and integrity of the data cannot be guaranteed and, so, more secure authentication and access mechanisms are required to ensure that the microservices are exposed only to authorized users. In this paper, we propose a microservice security agent to integrate the edge computing platform with the API gateway technology for presenting a secure authentication mechanism. The aim of this platform is to afford edge computing clients a practical application which provides user authentication and allows JSON Web Token (JWT)-based secure access to the services of edge computing. To integrate the edge computing platform with the API gateway, we implement a microservice security agent based on the open-source Kong in the EdgeX Foundry framework. Also to provide an easy-to-use approach with Kong, we implement REST APIs for generating new consumers, registering services, configuring access controls. Finally, the usability of the proposed approach is demonstrated by evaluating the round trip time (RTT). The results demonstrate the efficiency of the system and its suitability for real-world applications.",,,,,,,,,
triple-079,501,hybrid program analysis framework,METHOD,PRODUCES,stateful system call policies,CONCEPT,2024,0.95,hybrid program analysis framework that automates the synthesis of stateful system call policies,unique_normalized_exact_quote_match,591c7bff41a759d6152743c074092172dcf58087,0,Automated Synthesis of Effect Graph Policies for Microservice-Aware Stateful System Call Specialization,abstract,"We present a hybrid program analysis framework that automates the synthesis of stateful system call policies that describe admissible behaviors of containerized programs. Given a container image as input, the framework generates a reference policy that encodes a security automaton obtained by symbolically micro-executing the corresponding container's binary entrypoint under the constraints extracted from the container image metadata and environment.We demonstrate the utility and practicality of our approach by synthesizing security policies for 25 challenges in the DARPA Cyber Grand Challenge (CGC) corpus, 5 real-world containerized programs, including the widely used NGINX web server, and a complete microservice application from public benchmarks. We run each program or microservice using both benign and attack scenarios under the protection of a runtime policy monitor. Furthermore, we evaluate our approach by comparing our synthesized policies to those generated by four state-of-the-art system call specialization tools. Our results demonstrate that our techniques can scale to large programs and accurately extract concise reference application models for security monitoring.",,,,,,,,,
triple-080,699,statistical and rule-based detectors,METHOD,ADDRESSES,suspicious activity,CONCEPT,2026,0.85,Statistical and rule-based detectors first identify suspicious activity,unique_normalized_exact_quote_match,9043a6160f52d2d40b39dab34a038f441d73cff0,0,C-Shield: LLM-Enhanced Cybersecurity Platform for Intrusion Detection in Kubernetes Clusters,abstract,"A holistic solution for intrusion detection in Kubernetes clusters is presented, combining multi-layer monitoring with selective LLM-based analysis. Statistical and rule-based detectors first identify suspicious activity and selectively trigger on-demand LLM reasoning to estimate threat probability and classify attack behavior, producing natural language explanations. The system is validated using realistic attack scenarios such as network flooding, port scanning, authentication abuse, and privilege escalation on vulnerable containerized services, demonstrating how cross-layer threat indicators and selective LLM reasoning support accurate security incident interpretation.",,,,,,,,,
triple-081,734,mixture of experts,METHOD,EVALUATES_ON,IPv4 traffic,DATASET,2024,0.9,Results obtained by considering covert communications targeting the TTL field of IPv4 traffic collected in realistic settings demonstrated the effectiveness of our approach.,unique_normalized_exact_quote_match,dea68588503b2b3762a7abf4262ddbd078f96b43,0,A Few to Unveil Them All: Leveraging Mixture of Experts on Minimal Data for Detecting Covert Channels in Containerized Cloud Infrastructures,abstract,"Containers are fundamental to pursue the vision of cloud-native applications and implement frameworks taking advantage of the microservice paradigm. Owing to their rapid diffusion, understanding the security posture of containerized deployments is of prime importance. An aspect largely neglected concerns network covert channels, which can be used to implement advanced persistent threats or ex-filtrate sensitive data. Unfortunately, revealing the presence of parasitic information hidden in network traffic is a hard task often clashing with privacy, performance and scalability constraints. Therefore, this paper proposes to use a mixture of experts, i.e., deep neural models trained on local datasets that are combined to enhance the overall detection capabilities. Results obtained by considering covert communications targeting the TTL field of IPv4 traffic collected in realistic settings demonstrated the effectiveness of our approach.",,,,,,,,,
triple-082,5,multivocal review,METHOD,PRODUCES,ten bad smells for securing microservices,FINDING,2021,0.95,"Ten bad smells for securing microservices are identified, which we organized in a taxonomy",unique_normalized_exact_quote_match,40fda014e97c5ff3bfe5a3a55766b79d17cd42c8,0,Smells and Refactorings for Microservices Security: A Multivocal Literature Review,abstract,"Context: Securing microservice-based applications is crucial, as many IT companies are delivering their businesses through microservices. If security smells affect microservice-based applications, they can possibly suffer from security leaks and need to be refactored to mitigate the effects of security smells therein. Objective: As the currently available knowledge on securing microservices is scattered across different pieces of white and grey literature, our objective here is to distill well-known smells for securing microservices, together with the refactorings enabling to mitigate the effects of such smells. Method: To capture the state of the art and practice in securing microservices, we conducted a multivocal review of the existing white and grey literature on the topic. We systematically analyzed 58 studies published from 2014 until the end of 2020. Results: Ten bad smells for securing microservices are identified, which we organized in a taxonomy, associating each smell with the security properties it may violate and the refactorings enabling to mitigate its effects. Conclusions: The security smells and the corresponding refactorings have pragmatic value for practitioners, who can exploit them in their daily work on securing microservices. They also serve as a starting point for researchers wishing to establish new research directions on securing microservices.",,,,,,,,,
triple-083,391,BridG framework,METHOD,USES,Security Assertion Markup Language (SAML),TOOL,2024,0.9,"The BridG framework has SSO module, Security Assertion Markup Language (SAML) and OpenID Connect (OlD C) to get authenticated and authorized for the individual microservices.",unique_normalized_exact_quote_match,bedfbe06d2b583f48f8d7e87d2a4a58831c8b742,0,"A New Framework for Microservices with Single Sign-On, Security Assertion Markup Language and OpenID Connect",abstract,"Integrated global Single Sign-On (SSO) module is a security module for microservices which can be used to perform the basic authentication and authorization process in terms of user level and resources level. In general, micro services are the individual components which are executed separately for different purposes. In general, each individual service can communicate with external authentication mechanism to get validated in terms of identity and access check. But it is a complicated process for the services which are deployed individually because each service has to communicate with the authentication mechanism to get verified. In existing security models, the microservices are controlled through Auth 2.0 entity, Client Application and Authorization server individually. Therefore, this research study proposing an integrated framework called “BridG” identifies and connect all type of microservices with local and global network systems. The BridG framework has SSO module, Security Assertion Markup Language (SAML) and OpenID Connect (OlD C) to get authenticated and authorized for the individual microservices.",,,,,,,,,
triple-084,460,layered security model,METHOD,COMBINES,Attribute-Based Access Control,METHOD,2026,0.9,pairs Role-Based Access Control with Attribute-Based Access Control,unique_normalized_exact_quote_match,d1d5f63afc99e27b8d6ec62d4dd3ceb8c2db3407,0,Layered Security Model for JWT-Based Authentication and Authorization in Golang Echo REST APIs,abstract,"Microservices architecture improves scalability and flexibility in modern distributed systems, yet it simultaneously widens the attack surface through decentralized service communication. Many existing implementations rely primarily on token validation without structured service-level authorization enforcement, leaving systems exposed to privilege escalation vulnerabilities. This study designed and evaluated a layered security model for a RESTful Application Programming Interface built with the Go Echo framework. The proposed approach combines JSON Web Token authentication using asymmetric cryptography with a token versioning mechanism, and pairs Role-Based Access Control with Attribute-Based Access Control within a sequential middleware pipeline. The methodology covered system architecture design, middleware implementation, structured security testing, and response time analysis. All simulated unauthorized access scenarios — including vertical and horizontal privilege escalation attempts — were successfully blocked. The average response time under the fully secured configuration measured 24.9 ms, indicating that the overhead introduced by the layered middleware remains practically acceptable. These findings suggest that separating authentication and authorization at the service level produces measurable security gains without meaningfully degrading system performance in microservices-based REST API applications.",,,,,,,,,
triple-085,499,security discussions,CONCEPT,ADDRESSES,lack of awareness and knowledge of microservices-specific security challenges,CONCEPT,2021,0.85,Lack of awareness and knowledge of microservices-specific security challenges and solutions often leads to ill-informed security decisions in microservices system development. We claim that identifying and leveraging security discussions scattered in existing microservices systems can partially close this gap.,unique_normalized_exact_quote_match,a0eba00e24181e1010b0f3913af128b0b9bf8e21,0,Automated Identification of Security Discussions in Microservices Systems: Industrial Surveys and Experiments,abstract,"Lack of awareness and knowledge of microservices-specific security challenges and solutions often leads to ill-informed security decisions in microservices system development. We claim that identifying and leveraging security discussions scattered in existing microservices systems can partially close this gap. We define security discussion as ""a paragraph from developer discussions that includes design decisions, challenges, or solutions relating to security"". We first surveyed 67 practitioners and found that securing microservices systems is a unique challenge and that having access to security discussions is useful for making security decisions. The survey also confirms the usefulness of potential tools that can automatically identify such security discussions. We developed fifteen machine/deep learning models to automatically identify security discussions. We applied these models on a manually constructed dataset consisting of 4,813 security discussions and 12,464 non-security discussions. We found that all the models can effectively identify security discussions: an average precision of 84.86%, recall of 72.80%, F1-score of 77.89%, AUC of 83.75% and G-mean 82.77%. DeepM1, a deep learning model, performs the best, achieving above 84% in all metrics and significantly outperforms three baselines. Finally, the practitioners' feedback collected from a validation survey reveals that security discussions identified by DeepM1 have promising applications in practice.",,,,,,,,,
triple-086,258,Zero Trust Architecture (ZTA) frameworks,CONCEPT,LACKS,behavioral analysis,CONCEPT,2026,0.9,current Zero Trust Architecture (ZTA) frameworks not incorporating any behavioral analysis,unique_normalized_exact_quote_match,585483ae739e88a8eb69a7dba06b867dac6abe16,0,Intelligent adaptive authentication for zero-trust microservice architectures using AI-driven behavioral analytics,abstract,"Securing microservices within enterprise settings is difficult due to each microservice exposing its own API, the attack surface increasing with the number of services, and the current Zero Trust Architecture (ZTA) frameworks not incorporating any behavioral analysis when evaluating requests. In this paper, we introduce an AI-enabled adaptive authentication framework that uses a hybrid machine learning model based on a random forest classifier and isolation forest anomaly detector to compute a continuous risk score for each authentication request. Depending on the risk score, a three-stage policy decision is made either allowing seamless access, performing multi-factor authentication, or denying access to the requested resource. The policy decision process takes place via the Policy Decision Point (PDP) and Policy Enforcement Point (PEP) in the service mesh architecture. On a synthetic dataset of 10,000 authentication events, our solution reaches a classification accuracy of 94.2%, a 4.8% False Positive Rate (FPR), and an end-to-end decision latency of 35-50 ms, outperforming a static ZTA baseline by 7 percentage points in terms of accuracy. Only 21% of all authentication requests require multi-factor authentication, while under a uniform authentication scheme, 100% of them would need it. All performance numbers reported were obtained using simulation to evaluate our solution on actual Kubernetes clusters is the next research direction.",,,,,,,,,
triple-087,350,microservice security agent,METHOD,PRODUCES,efficiency of the system,FINDING,2019,0.85,The results demonstrate the efficiency of the system and its suitability for real-world applications.,unique_normalized_exact_quote_match,ed9771ad472ea1c2a7b493c7dd50358fbe759483,0,Microservice Security Agent Based On API Gateway in Edge Computing,abstract,"Internet of Things (IoT) devices are embedded with software, electronics, and sensors, and feature connectivity with constrained resources. They require the edge computing paradigm, with modular characteristics relying on microservices, to provide an extensible and lightweight computing framework at the edge of the network. Edge computing can relieve the burden of centralized cloud computing by performing certain operations, such as data storage and task computation, at the edge of the network. Despite the benefits of edge computing, it can lead to many challenges in terms of security and privacy issues. Thus, services that protect privacy and secure data are essential functions in edge computing. For example, the end user’s ownership and privacy information and control are separated, which can easily lead to data leakage, unauthorized data manipulation, and other data security concerns. Thus, the confidentiality and integrity of the data cannot be guaranteed and, so, more secure authentication and access mechanisms are required to ensure that the microservices are exposed only to authorized users. In this paper, we propose a microservice security agent to integrate the edge computing platform with the API gateway technology for presenting a secure authentication mechanism. The aim of this platform is to afford edge computing clients a practical application which provides user authentication and allows JSON Web Token (JWT)-based secure access to the services of edge computing. To integrate the edge computing platform with the API gateway, we implement a microservice security agent based on the open-source Kong in the EdgeX Foundry framework. Also to provide an easy-to-use approach with Kong, we implement REST APIs for generating new consumers, registering services, configuring access controls. Finally, the usability of the proposed approach is demonstrated by evaluating the round trip time (RTT). The results demonstrate the efficiency of the system and its suitability for real-world applications.",,,,,,,,,
triple-088,328,zero-trust security architecture,METHOD,IMPROVES,mean time to detect security incidents,METRIC,2026,0.9,decreased mean time to detect security incidents from 72 hours to under 4 minutes,unique_normalized_exact_quote_match,db9b65ee4c61621058cad337f28f7adcd1a0423b,0,Zero-Trust Security Architecture for Containerized Microservices in Enterprise Telecommunications Networks,abstract,"The proliferation of containerized microservices in enterprise telecommunications environments has fundamentally altered the security perimeter. Traditional perimeter-based security models, which assume trust within the network boundary, are inadequate for dynamic, distributed container orchestration platforms where workloads are ephemeral, network topologies shift in real time, and east-west traffic dwarfs north-south traffic. This paper presents a comprehensive zero-trust security architecture designed specifically for containerized microservices running on Kubernetes in enterprise telecommunications networks. Drawing from 12+ years of experience managing production Linux environments and implementing DevSecOps practices for telecommunications infrastructure at AT&T, the author describes a layered security framework encompassing mutual TLS service mesh encryption, Kubernetes network policies, container image supply chain security, runtime behavioral analysis, and automated incident response. The implementation of this framework reduced the attack surface by 78%, achieved 100% encrypted inter-service communication, decreased mean time to detect security incidents from 72 hours to under 4 minutes, and eliminated three categories of vulnerabilities that had previously required quarterly emergency patching.",,,,,,,,,
triple-089,210,anomaly detection,METHOD,APPLIED_TO,microservices-based systems,CONCEPT,2023,0.9,"evaluates how ML techniques, particularly anomaly detection, can be tailored to detect intrusions in microservices-based systems",unique_normalized_exact_quote_match,81c43cc3a113fdbd0c1da37df6aabd93725619bc,0,Intrusion Detection and Tolerance for Microservice Applications,abstract,"Security is of paramount importance in the development of computer systems within our increasingly interconnected and computational world. This paper addresses the security challenges posed by microservices, a popular technology for developing computer systems. Microservices offer numerous advantages but also introduce new security concerns, given their greater attack surface and complex network activity. To address these challenges, the research explores the potential of Machine Learning (ML) techniques for intrusion detection and intrusion tolerance in microservice architectures. The main objective is to propose more effective approaches to secure microservice architectures using ML techniques for intrusion detection and intrusion tolerance. The research evaluates how ML techniques, particularly anomaly detection, can be tailored to detect intrusions in microservices-based systems and minimize false alarms. The contributions of this Ph.D. work include proposing ML-based intrusion detection approaches, providing design guidelines for intrusion detection systems, devising pre and post-processing techniques for efficiency, and researching intrusion tolerance solutions to overcome microservice challenges.",,,,,,,,,
triple-090,206,machine learning models,METHOD,EVALUATES_ON,datasets,DATASET,2025,0.9,providing a robust foundation for training and evaluating machine learning models,unique_normalized_exact_quote_match,3a822bd68c45ae2a3de7a137553a5f9b52491b0a,0,A Benchmark for DDoS Attacks Detection in Microservice Architectures,abstract,"Microservices have become increasingly popular in modern software architectures due to their scalability and flexibility. However, this architectural paradigm introduces unique security challenges, particularly in the detection and mitigation of cyberattacks. This paper presents a collection of datasets designed to benchmark and evaluate attack detection strategies in microservices applications. The datasets include normal and malicious traffic patterns simulating real-world scenarios and attacks, such as classic DDoS, Slow DDoS, Syn Flood, GET Flood. Data was collected from experiments with a popular benchmark microservice system with diverse services interacting via standard protocols and API gateways. Each entry is labeled to distinguish between benign and malicious activities, providing a robust foundation for training and evaluating machine learning models aimed at intrusion detection. In addition to raw data, the dataset includes metadata detailing the configuration of microservices, the nature of simulated attacks, and the temporal sequence of events. This level of detail ensures that researchers and practitioners can reproduce experiments and gain deeper insights into the behavior of attacks in microservice contexts. By offering these datasets, we aim to facilitate the development of advanced detection algorithms and promote more effective security measures in microservice environments.",,,,,,,,,
triple-091,47,"methodologies for detection, tolerance and mitigation of security intrusions",METHOD,IMPROVES,security of microservice systems,CONCEPT,2020,0.92,"intends to advance the security of microservice systems through research and improvement of methodologies for detection, tolerance and mitigation of security intrusions",unique_normalized_exact_quote_match,1c63a43ebef0b112e86a455a34aee78b08cca035,0,Improving the Security of Microservice Systems by Detecting and Tolerating Intrusions,abstract,"Microservice architectures adoption is growing expeditiously in market size and adoption, including in business-critical systems. This is due to agility in development and deployment further increased by containers and their characteristics. Ensuring security is still a major concern due to challenges faced such as resource separation and isolation, as improper access to one service might compromise complete systems. This doctoral work intends to advance the security of microservice systems through research and improvement of methodologies for detection, tolerance and mitigation of security intrusions, while overcoming challenges related to multi-tenancy, heterogeneity, dynamicity of systems and environments. Our preliminary research shows that host-based IDSes are applicable in container environments. This will be extended to dynamic scenarios, serving as a steppingstone to research intrusion tolerance techniques suited to these environments. These methodologies will be demonstrated in realistic microservice systems: complex, dynamic, scalable and elastic.",,,,,,,,,
triple-092,44,security scanning tools,TOOL,LACKS,comprehensive security coverage,CONCEPT,2023,0.85,none individually is sufficient to cover all security problems in microservices,unique_normalized_exact_quote_match,3d0652271dcd2d7dae893a65624387d471f17d15,0,Automatic Detection of Security Deficiencies and Refactoring Advises for Microservices,abstract,"The microservice architecture enables organizations to shorten development cycles and deliver cloud-native applications rapidly. However, it also brings security concerns that need to be addressed by developers. Therefore, security testing in microservices becomes even more critical. Recent research papers indicate that security testing of microservices is often neglected for reasons such as lack of time, lack of experience in the security domain, and absence of automated test environments. Even though several security scanning tools exist to detect container, containerized workload management (Kubernetes), and network issues, none individually is sufficient to cover all security problems in microservices. Using multiple scanning tools increases the complexity of analyzing findings and mitigating security vulnerabilities. This paper presents a fully automated test tool suite that can help developers address security issues in microservices and resolve them. It targets to reduce time and effort in security activities by encapsulating open-source scanning tools into one suite and providing improved feedback. The developed security scanning suite is named Pomegranate. To develop Pomegranate, we employed Design Science and conducted our investigation in Ericsson. We have evaluated our tool using a static approach. The evaluation results indicate that the Pomegranate could be helpful to developers by providing simplified and classified outputs for security vulnerabilities in microservices. More than half of the practitioners who give us feedback found Pomegranate helpful in detecting and mitigating security problems in microservices. We conclude that a fully automated test tool suite can help developers to address most security issues in microservices. Based on the findings in this paper, the direction for future work is to conduct a dynamic validation of Pomegranate in a live project.",,,,,,,,,
triple-093,0,Microservices Architecture,CONCEPT,EXTENDS,Monolithic Architecture,CONCEPT,2021,0.85,Microservices Architecture is amateur evolution of the Monolithic Architecture.,unique_normalized_exact_quote_match,e9f78cc559511112b8b41cacd28f7476f217802d,0,Security in Microservices Architectures,abstract,"Abstract A Microservice is a small or even micro independent process that communicates, acts, and returns via messages through lightweight mechanisms like Thrift, HTTP or RESTAPI. Microservices Architecture is amateur evolution of the Monolithic Architecture. Observing it in afunctional way, it is correct to claim that it breaks down complex applications into a simpler abstraction. As this research demonstrates, Microservices Architecture is intrinsically connected as a symbiosis with container-based deployment, because these containers have no need for embedded operating systems and calls are made for OS resources, via an application programming interface. It is safe to claim that this technology is currently the focus of modern developers nowadays. Semantically speaking, Microservices functionally deconstruct larger applications into smaller, discrete services, and containers are viewed as a natural compute platform for this architecture [1]. A single service is and can be represented by multiple containers in a Microservices cluster, each single service is designed to provide a specific set of functions while services act to makeup the entire application. It’s common in large application the decomposition into multiple arms of more than twenty services, although less can be commonly found as well [1]. The main objective of Microservices Architecture is to disassemble the core components of a given type of application [2]. This study could be done in multiple ways, all of them different because practically everybody has their specific way of looking at Microservices, but one aspect is the same cross mentalities, Security. So, the focus of this research is to expose the main security aspects of this specific architecture, in this cost-effective era.",,,,,,,,,
triple-094,382,API gateway,TOOL,IMPROVES,security of the front-end and back-end transmission data,CONCEPT,2021,0.9,"After the introduction of the API gateway, the API-level service operation authority can be controlled; the security of the front-end and back-end transmission data is improved",unique_normalized_exact_quote_match,3f7510f5e175698777c9e644ceb99d2490adbdf8,0,Design and Achievement of Security Mechanism of API Gateway Platform Based on Microservice Architecture,abstract,"To solve the current security problems of the microservice architecture, the security mechanism of the API gateway platform using the microservice platform is designed and implemented. To solve the corresponding security problems, a new API platform security mechanism is designed. In the data transmission, the hybrid encryption algorithm hybridized by encryption algorithm of Rivest Shamir Adleman (RSA) and encryption algorithm of Advanced Encryption Standard (AES) is used for data encryption. An API gateway between the client and the microservice is introduced as the only entrance for users to access the microservice, avoiding the complexity of the client logic caused by the direct communication between the client and the server. After the introduction of the API gateway, the API-level service operation authority can be controlled; the security of the front-end and back-end transmission data is improved without affecting the transmission performance. The algorithm designed takes longer time than the AES encryption algorithm, but shorter than the RSA encryption algorithm, which indicates that the time-consuming of the algorithm designed is acceptable, showing the feasibility of the algorithm. The content can provide an important theoretical basis for the security of API gateway platform of microservice architecture.",,,,,,,,,
triple-095,51,Microservices,METHOD,USES,DevOps culture,CONCEPT,2018,0.9,"by adapting to Agile methods, DevOps culture, cloud, Linux containers, and Continuous Integration/ Continuous Development methods",unique_normalized_exact_quote_match,e5188350d3c9a3958c766fd15a5d7f881e7a6b77,0,Microservices API Security,abstract,"—Microservices have become the hot term since 2014. This particular programming methodology involves an architectural approach that emphasizes the decomposition of applications into single purpose, with implementation via the Rest API. A new software development style that has grown from recent trends in software development/management practices, Microservices are composable, fine-grained modules which can be independently deployable and scaled both vertically and horizontally. This empowers the development, manageability and speed to the changing market by adapting to Agile methods, DevOps culture, cloud, Linux containers, and Continuous Integration/ Continuous Development methods. This paper will focus on the necessity for this methodology as well as it’s corresponding API security options needed for securing all of the back-end Microservices",,,,,,,,,
triple-096,557,unsupervised anomaly detection model,METHOD,IMPROVES,detection capability of unknown vulnerabilities,CONCEPT,2025,0.9,an unsupervised anomaly detection model using unsupervised learning with autoencoders to enhance the detection capability of unknown vulnerabilities.,unique_normalized_exact_quote_match,7a6ffced6c93e71105477ca0ad7c3dd9fb22d5fa,0,Enhancing Virtualization Security Through System Call-Based Anomaly Detection in Containers,abstract,"In the current era of micro-services, containerized applications face unprecedented security challenges due to shared kernels and limited isolation. This research proposes a container security framework based on monitoring system call sequences to detect anomalies in micro-service containers. We introduce a custom dataset named XXXX, which capture container captures system call sequences behavior in micro-services containers and simulated attacks. The framework includes real-time system call monitors, parsers, dashboards, and an unsupervised anomaly detection model using unsupervised learning with autoencoders to enhance the detection capability of unknown vulnerabilities. It leverages containerization benefits-simplicity, scalability, and automation. Our evaluation emphasizes false alarm rate and average detection time. Results show that the attack detection performance of most containers meets expectations, though the detection time of one subset had slightly longer detection time due to the intrinsic complexity of vulnerabilities. This work offers valuable insights for improving container security in microservice systems.",,,,,,,,,
triple-097,568,Blockchain implementation within a Microservices framework,METHOD,APPLIED_TO,ADS-B data verification,CONCEPT,2020,0.9,"In this paper, a Blockchain implementation within a Microservices framework for ADS-B data verification is proposed.",unique_normalized_exact_quote_match,aa77d5ad503788b3410c4833ffb4b278b5201c28,0,A Microservices Architecture for ADS-B Data Security Using Blockchain,abstract,"The use of Automatic Dependent Surveillance - Broadcast (ADS-B) for aircraft tracking and flight management operations is widely used today. However, ADS-B is prone to several cyber-security threats due to the lack of data authentication and encryption. Recently, Blockchain has emerged as new paradigm that can provide promising solutions in decentralized systems. Furthermore, software containers and Microservices facilitate the scaling of Blockchain implementations within cloud computing environment. When fused together, these technologies could help improve Air Traffic Control (ATC) processing of ADS-B data. In this paper, a Blockchain implementation within a Microservices framework for ADS-B data verification is proposed. The aim of this work is to enable data feeds coming from third-party receivers to be processed and correlated with that of the ATC ground station receivers. The proposed framework could mitigate ADS- B security issues of message spoofing and anomalous traffic data. and hence minimize the cost of ATC infrastructure by throughout third-party support.",,,,,,,,,
triple-098,435,MicroShieldEHR,TOOL,USES,OAuth2,TOOL,2026,0.95,"A micro-service based EHR system utilizing Service Mesh, OAuth2, and dynamic policy engines to enforce ZTS at service-level boundaries",unique_normalized_exact_quote_match,7be5143439b57d938d2934e7f7b2720fa2c7cd12,0,Enhancing Healthcare Systems Security Using Microservices and Zero Trust,abstract,"The goal of this study is to create a scalable and secure system for the healthcare system through the use of a combination of Microservice Architecture (MSA) and Zero Trust Security (ZTS). To do so, we have developed two innovative models: MediTrustNet - A Context-Aware Semantic/Syntactic Trust Assessment Model for preventing medical errors, and MicroShieldEHR - A ZTS-enabled micro-service-based Electronic Health Record (EHR) System. In addition, we simulate a health care environment in order to evaluate the performance of our integrated MediTrustNet and MicroShieldEHR system according to three evaluation criteria (Accuracy, Latency, Decision Quality) that each were constrained to meet the ZTS requirements. Our main contributions include: 1) A dual-layered trust assessment methodology that utilizes Word2Vec and BLEU to assess both the semantic and syntactic aspects of a user's access request in order to reduce medical errors and enhance the accuracy of the user's access; 2) A micro-service based EHR system utilizing Service Mesh, OAuth2, and dynamic policy engines to enforce ZTS at service-level boundaries; 3) A decision engine capable of generating real-time decisions that adhere to relevant legal frameworks (HIPAA, GDPR, AIDA). Our results show a maximum F1 score of 94.2% in determining high-risk requests with an average of only 190 ms of increased latency. The potential to greatly improve the protection of patient health data, the resilience of the system, and compliance with relevant regulations (such as HIPAA and GDPR) is present if our framework is applied to a production environment like that of a typical hospital network.",,,,,,,,,
triple-099,95,monolithic applications,CONCEPT,LACKS,flexibility,CONCEPT,2022,0.85,Such environment has several drawbacks related to flexibility and maintainability,unique_normalized_exact_quote_match,fb0262ce63a579b385fe11af143a4e3f43004429,0,Trusted Microservices: A Security Framework for Users' Interaction with Microservices Applications,abstract,"Microservices architecture emerges as a promising software design approach that provides large scale software systems with flexibility, scalability and fault tolerance. Moreover, it is considered a suitable design to be implemented using software containers provided with several cloud providers. However, microservices suffer from several security challenges that hinder its progress. The concept of microservices is to break down the system functionality to a number of small coherent services. Hence, using microservices as a design approach increases the security risks by expanding the risk surface. In contrast to microservices, monolithic applications are implemented as a bulk of codes using single programming language. Such environment has several drawbacks related to flexibility and maintainability, but limits security issues. On the other hand, microservices implementation uses several programming languages and frameworks to implement small units of system functionality. Such environment opens the door to new critical security issues. The proposed work introduces the problem of securing microservices and provides a novel approach to protect microservices applications from masquerade attacks. The proposed framework also provides high protection to users from malicious services. The framework was implemented using 150 software containers to define users' HTTP requests and a set of 20 microservices were tested to proof its applicability and benefits",,,,,,,,,
triple-100,336,distributed tracing technologies,TOOL,LACKS,real-time threat detection,CONCEPT,2025,0.85,The massive trace data with excessively redundant traces further complicates real-time threat detection,unique_normalized_exact_quote_match,639adbbe925620afa7594bfd2cf37b6c344f50e3,0,"Access Microservices with Zero-Knowledge, Path Certainty and Distributed Traceability",abstract,"The widespread adoption of Microservices Architecture (MSA) across industries has amplified trust, privacy, and security challenges. Due to its distributed nature, the growth in data-sharing rate among microservices increases privacy concerns. These are implicit privacy risks that users are unaware of, and they rarely realize when or how their private data has been exposed. For instance, fitness trackers can leak location data via third-party app installation, while photo-sharing apps may expose it through weak APIs. Existing distributed tracing technologies provide runtime monitoring, security solutions that rely on them are retrospective. The massive trace data with excessively redundant traces further complicates real-time threat detection, especially when data can travel beyond the intended destination. Our lightweight, preplanned path traversal platform ensures authentication without exposing private data, monitors service paths, and decentralizes trust. We demonstrate experimentally that the platform enhances privacy protection and guarantees absolute path certainty. Load testing on a microservices-based system with 750 simultaneous users achieved (100 %) accuracy in blocking unauthorized path deviation. Our theoretical analysis confirms robust protection, precise path planning, and effective monitoring-delivering privacy, security, and data integrity.",,,,,,,,,
triple-101,742,comparative benchmarking under various configurations,METHOD,APPLIED_TO,Web Application Firewall (WAF),TOOL,2025,0.85,"Additionally, it presents methods for evaluating the effectiveness of these mechanisms, including empirical testing in sandboxed environments, comparative benchmarking under various configurations",unique_normalized_exact_quote_match,d156af392e019f2e329a5a0d4f7dc8ea55fb4b6f,0,SOFTWARE SUPPLY CHAIN SECURITY ANALYSIS,abstract,"This article addresses the pressing issue of securing application programming interfaces (APIs) in cloud environments within the broader context of software supply chain protection. Given the widespread adoption of microservice architectures and open REST/GraphQL APIs, the need to defend APIs against attacks has become critically important. The paper presents a formalization of the software supply chain model, which serves as the basis for analyzing potential attack vectors at each stage of the chain — from the compromise of repositories, dependencies, and CI/CD servers to artifact storage and deployment environments. Special attention is given to two key security mechanisms: the Web Application Firewall (WAF) and the API Gateway. A comparative analysis is provided covering their functionality, request handling approaches, security levels, logging methods, and integration into cloud infrastructures. The study identifies that WAFs detect and block HTTP-level attacks — such as SQL injections, XSS, and CSRF — based on signatures or behavioral rules, while API Gateways act as intermediaries managing request routing, authentication, authorization, access policies, and API call control. The research findings demonstrate that WAFs and API Gateways are not interchangeable but should be used as complementary components. The article proposes a combined cloud-based API protection model in which the WAF provides perimeter control and the API Gateway enforces logical access control. Additionally, it presents methods for evaluating the effectiveness of these mechanisms, including empirical testing in sandboxed environments, comparative benchmarking under various configurations, and threat modeling. Finally, the paper outlines several unresolved challenges and directions for further research in API and CI/CD security within cloud environments.",,,,,,,,,
triple-102,294,policy-driven Zero Trust architecture,METHOD,PRODUCES,reducing the attack surface,FINDING,2023,0.9,"demonstrating its effectiveness in minimizing unauthorized access, preventing lateral movement, and reducing the attack surface.",unique_normalized_exact_quote_match,90223aef4fdea1a6b02d0576df3a478680af2865,0,Securing .Net Microservices Through Conditional Access and Zero Trust Principles using Azure AD and OAUTH2,abstract,"The increasing adoption of distributed microservices in enterprise applications has amplified the need for robust, identity-centric security frameworks. This thesis presents a policy-driven Zero Trust architecture for securing .NET-based microservices using Azure Active Directory (Azure AD), OAuth 2.0, and Conditional Access. The proposed approach leverages Microsoft Entra ID for centralized identity governance and employs Conditional Access policies to enforce real-time, risk-based access decisions. Fine-grained authorization is achieved through integration with OAuth 2.0 token scopes and claims, ensuring contextual access based on user identity, device compliance, location, and session risk signals. The framework is implemented within a cloud-native .NET Core microservices environment, utilizing Azure API Management for secure exposure and traffic mediation. Telemetry from Microsoft Defender for Cloud and Azure Monitor is integrated to dynamically adapt authorization rules, aligning access decisions with real-time threat intelligence. The system is validated through a series of controlled simulations, demonstrating its effectiveness in minimizing unauthorized access, preventing lateral movement, and reducing the attack surface. This research provides a practical and scalable methodology for implementing Zero Trust principles across modern .NET applications using Microsoft’s identity and cloud security ecosystem..",,,,,,,,,
triple-103,623,GraphQL,TOOL,COMBINES,Microservices,CONCEPT,2022,0.9,GraphQL is one of these with notable adoption as it is flexible and provides efficiency in data retrieval along with the ability to combine various microservices to a single schema.,unique_normalized_exact_quote_match,919ca3370b5a856f9d2e9930b73ac5cb70ccdc58,0,"Neural Component Libraries for Angular: AI-Generated, Self-Documenting UI Elements with Intelligent API Integration",abstract,"The high digitization of financial services has resulted in the formation of open banking ecosystems, which strongly use the services of modern API architecture. GraphQL is one of these with notable adoption as it is flexible and provides efficiency in data retrieval along with the ability to combine various microservices to a single schema. Federated software further builds on these advantages by allowing composition of a distributed architecture, where independent teams can build scalable services that can be federated into one unified API gateway. Nevertheless, this paradigm of architecture brings about fresh security threats such as attacks of complexity of the algorithm. Such attacks use the computation cost of richly nested or semantically expensive GraphQL queries as a denial-of-service by consuming resources on a server. Algorithms complex attacks are contrasted to traditional volumetric attacks since they are not based on a high request volume. Rather, attackers design few queries that result in computationally intensive operations, including recursive field resolutions, cross-service joins and deep search through the graphs. The attacks are more harmful in the federated GraphQL contexts employed in open banking systems since the queries can spread to more than one backend service, magnifying the processing cost. Therefore, a small number of malicious queries can reduce the output of the system and damage the service provision. Mitigation mechanisms implemented are commonly based on query depth limit, query cost analysis or more traditional rate limiting mechanism. These strategies are somewhat protective, though they have a number of shortcomings. Deep basis limiting can regularly hinder real and harmless inquiries that are needed to carry out the financial analysis. In distributed microservices, query cost estimation mechanisms are hard to reason. Traditional rate limiting strategies are based more on number of requests as opposed to the number of calculations to make. Consequently, the attackers are able to overcome such defenses by placing low-frequency yet costly queries. In order to solve these problems, this paper suggests a new security system, which is named Depth-Bounded Semantic Rate Limiting (DBSRL). The suggested approach involves analysis of structural query and semantic cognition of costs of query execution in order to dynamically control API access. As opposed to conventional methods that only use measures relating to the syntactic depth, DBSRL uses both query depth and semantic complexity as based on resolver execution patterns and dependencies between services. With a combination of both of these measures into an adaptive rate limiting system, the system is capable of tracking and prevent algorithmic complexity attacks without causing discommonly high performance with the intent of targeting legitimate users.",,,,,,,,,
triple-104,500,fifteen machine/deep learning models,METHOD,EVALUATES_ON,"average precision, recall, F1-score, AUC, and G-mean",METRIC,2021,0.9,"We found that all the models can effectively identify security discussions: an average precision of 84.86%, recall of 72.80%, F1-score of 77.89%, AUC of 83.75% and G-mean 82.77%.",unique_normalized_exact_quote_match,a0eba00e24181e1010b0f3913af128b0b9bf8e21,0,Automated Identification of Security Discussions in Microservices Systems: Industrial Surveys and Experiments,abstract,"Lack of awareness and knowledge of microservices-specific security challenges and solutions often leads to ill-informed security decisions in microservices system development. We claim that identifying and leveraging security discussions scattered in existing microservices systems can partially close this gap. We define security discussion as ""a paragraph from developer discussions that includes design decisions, challenges, or solutions relating to security"". We first surveyed 67 practitioners and found that securing microservices systems is a unique challenge and that having access to security discussions is useful for making security decisions. The survey also confirms the usefulness of potential tools that can automatically identify such security discussions. We developed fifteen machine/deep learning models to automatically identify security discussions. We applied these models on a manually constructed dataset consisting of 4,813 security discussions and 12,464 non-security discussions. We found that all the models can effectively identify security discussions: an average precision of 84.86%, recall of 72.80%, F1-score of 77.89%, AUC of 83.75% and G-mean 82.77%. DeepM1, a deep learning model, performs the best, achieving above 84% in all metrics and significantly outperforms three baselines. Finally, the practitioners' feedback collected from a validation survey reveals that security discussions identified by DeepM1 have promising applications in practice.",,,,,,,,,
triple-105,464,proposed architecture,METHOD,APPLIED_TO,SDN-microservices environments,CONCEPT,2026,0.95,"Securing SDN-microservices environments requires a coherent orchestration of identity, authentication, and authorization policies. This paper proposes an architecture integrating FreeIPA",unique_normalized_exact_quote_match,22ace70b22f48955ed083a85771451d7a837b602,0,Security Policy Orchestration in SDN–Microservices Environments,abstract,"Securing SDN-microservices environments requires a coherent orchestration of identity, authentication, and authorization policies. This paper proposes an architecture integrating FreeIPA for centralized identity management, Keycloak for federated authentication using OAuth2/OIDC, Open Policy Agent for declarative policy-as-code authorization, and VXLAN for multitenant network segmentation. The proposed approach ensures end-to-end, multi-layer governance, ranging from applicationlevel access control to the orchestration of the SDN control plane via RESTCONF. Experimental validation in a distributed environment demonstrates the effective integration of federated authentication, dynamic policy evaluation based on JWT claims, and network isolation with 0% inter-tenant leakage. The results confirm the feasibility of secure orchestration aligned with Zero Trust principles, providing a modular and extensible solution for cloud-native SDN-microservices infrastructures.",,,,,,,,,
triple-106,565,ADS-B,TOOL,LACKS,data authentication,CONCEPT,2020,0.95,"However, ADS-B is prone to several cyber-security threats due to the lack of data authentication and encryption.",unique_normalized_exact_quote_match,aa77d5ad503788b3410c4833ffb4b278b5201c28,0,A Microservices Architecture for ADS-B Data Security Using Blockchain,abstract,"The use of Automatic Dependent Surveillance - Broadcast (ADS-B) for aircraft tracking and flight management operations is widely used today. However, ADS-B is prone to several cyber-security threats due to the lack of data authentication and encryption. Recently, Blockchain has emerged as new paradigm that can provide promising solutions in decentralized systems. Furthermore, software containers and Microservices facilitate the scaling of Blockchain implementations within cloud computing environment. When fused together, these technologies could help improve Air Traffic Control (ATC) processing of ADS-B data. In this paper, a Blockchain implementation within a Microservices framework for ADS-B data verification is proposed. The aim of this work is to enable data feeds coming from third-party receivers to be processed and correlated with that of the ATC ground station receivers. The proposed framework could mitigate ADS- B security issues of message spoofing and anomalous traffic data. and hence minimize the cost of ATC infrastructure by throughout third-party support.",,,,,,,,,
triple-107,162,security policy framework,METHOD,APPLIED_TO,security-oriented orchestration of microservices,CONCEPT,2021,0.9,We propose a security policy framework that enables security-oriented orchestration of microservices,unique_normalized_exact_quote_match,d343985d4eb352182471b75f78c6dc4180b7089e,0,Enabling Security-Oriented Orchestration of Microservices,abstract,"As cloud providers push multi-tenancy to new levels to meet growing scalability demands, ensuring that externally developed untrusted microservices will preserve tenant isolation has become a high priority. Developers, in turn, lack a means for expressing and automatically enforcing high-level application security requirements at deployment time. In this paper, we observe that orchestration systems are ideally situated between developers and the cloud provider to address these issues. We propose a security policy framework that enables security-oriented orchestration of microservices by capturing and auditing code properties that are incorporated into microservice code throughout the software supply chain. Orchestrators can leverage these properties to deploy microservices on a node that matches both the developer's and cloud provider's security policy and their resource requirements. We demonstrate our approach with a proof-of-concept based on the Private Data Objects [1] confidential smart contract framework, deploying code only after checking its provenance.",,,,,,,,,
triple-108,735,Spring Security,TOOL,ADDRESSES,access control,CONCEPT,2020,0.9,Spring Security has been studied up to December 2020 for various levels of access control,unique_normalized_exact_quote_match,f5ab88e5f1e08dc931c4f7a8693275c93d82ca07,0,Fine-Grained Access Control with Spring Security,abstract,"Spring Security has been studied up to December 2020 for various levels of access control, especially focusing on the precise and contextual ABAC and RBAC models. When used in combination with OAuth2 and JWT, it was possible to implement dynamic distributed security measures via policy-based solutions. These configurations served us well and offer the elasticity necessary in today’s microservices and multi-tenancy applications, with Spring Security offering a solid foundation for policy-based security of APIs and data assets (Di Vimercati et al., 2010).",,,,,,,,,
triple-109,562,service mesh technologies,TOOL,ADDRESSES,secure service-to-service communication,CONCEPT,2025,0.95,service mesh technologies for secure service-to-service communication,unique_normalized_exact_quote_match,ba4f4b5b26c1f87fd05506de7247e26171888f16,0,A Comprehensive Survey of Privacy-Enhancing and Trust-Centric Cloud-Native Security Techniques Against Cyber Threats,abstract,"Cloud-native architecture is becoming increasingly popular in today’s digital environment, driving the demand for robust security precautions to protect infrastructure and applications. This paper examines a variety of privacy-enhancing and trust-centric tools and techniques intended to meet the unique security requirements within cloud-native environments. Specifically, a variety of solutions are covered, such as runtime protection platforms for real-time threat detection and responses, cloud-native endpoint security solutions for ensuring trust and resilience in dynamic contexts, and service mesh technologies for secure service-to-service communication. Furthermore, we examine the roles of cloud-native encryption, cloud-native identity and access management, and container image scanning technologies in protecting containerized applications and preserving data privacy in transit and at rest. The importance of threat detection and response systems, cloud-native security information and event management (SIEM) solutions, and network security are also covered to strengthen trust and transparency in cloud-native security. We also present a thorough case study that demonstrates how security measures are applied across multiple layers, including application, network, infrastructure, and security, and compliance, to ensure holistic security in a cloud-native architecture. By investigating these privacy-enhancing methods and technologies, organizations may improve the security posture of their cloud-native implementations, reducing risks and ensuring the trustworthiness of their information and applications in the ever-changing ecosystem of today’s digital landscape.",,,,,,,,,
triple-110,346,microservice security agent,METHOD,USES,Kong,TOOL,2019,0.95,we implement a microservice security agent based on the open-source Kong,unique_normalized_exact_quote_match,ed9771ad472ea1c2a7b493c7dd50358fbe759483,0,Microservice Security Agent Based On API Gateway in Edge Computing,abstract,"Internet of Things (IoT) devices are embedded with software, electronics, and sensors, and feature connectivity with constrained resources. They require the edge computing paradigm, with modular characteristics relying on microservices, to provide an extensible and lightweight computing framework at the edge of the network. Edge computing can relieve the burden of centralized cloud computing by performing certain operations, such as data storage and task computation, at the edge of the network. Despite the benefits of edge computing, it can lead to many challenges in terms of security and privacy issues. Thus, services that protect privacy and secure data are essential functions in edge computing. For example, the end user’s ownership and privacy information and control are separated, which can easily lead to data leakage, unauthorized data manipulation, and other data security concerns. Thus, the confidentiality and integrity of the data cannot be guaranteed and, so, more secure authentication and access mechanisms are required to ensure that the microservices are exposed only to authorized users. In this paper, we propose a microservice security agent to integrate the edge computing platform with the API gateway technology for presenting a secure authentication mechanism. The aim of this platform is to afford edge computing clients a practical application which provides user authentication and allows JSON Web Token (JWT)-based secure access to the services of edge computing. To integrate the edge computing platform with the API gateway, we implement a microservice security agent based on the open-source Kong in the EdgeX Foundry framework. Also to provide an easy-to-use approach with Kong, we implement REST APIs for generating new consumers, registering services, configuring access controls. Finally, the usability of the proposed approach is demonstrated by evaluating the round trip time (RTT). The results demonstrate the efficiency of the system and its suitability for real-world applications.",,,,,,,,,
triple-111,246,integration layer,METHOD,PRODUCES,continuous per-service risk score,METRIC,2026,0.95,an integration layer feeds a continuous per-service risk score into the zero-trust policy engine.,unique_normalized_exact_quote_match,dd55d9a63e8a8ce686f53cf7221a980003740879,0,AI-ASSISTED DISTRIBUTED RISK ASSESSMENT FOR ZERO-TRUST MICROSERVICES: A TAXONOMY AND CONCEPTUAL FRAMEWORK,abstract,"Microservice and cloud-native architectures have enlarged the software attack surface faster than the methods used to assess its risk have adapted. Conventional vulnerability management remains centralised, static, focused on intrinsic severity, and disconnected from access control, none of which suits a distributed system in which risk depends on context and connectivity rather than on isolated flaws. This paper proposes a conceptual framework for distributed, AI-assisted risk assessment that addresses this mismatch. The framework is a synthesis of four research literatures, namely zero-trust architecture, microservice and cloud-native security, vulnerability analytics, and software risk management, and the paper first shows precisely where these literatures fail to meet. A six-dimensional taxonomy then organises the design space of distributed risk assessment, classifying approaches by signal source, granularity, analytical technique, risk model, zero-trust integration point, and temporality, and exposing the combination that no current approach occupies. To fill that gap, the paper proposes a four-layer framework in which lightweight per-service agents collect multi-source evidence, AI-assisted analytics estimate exploitation likelihood and detect anomalies, a graph-aware aggregation layer propagates risk across the service dependency graph, and an integration layer feeds a continuous per-service risk score into the zero-trust policy engine. An illustrative scenario shows how a contextually significant but low-severity vulnerability would be surfaced and contained. The contribution is conceptual rather than experimentally validated; the paper closes by setting out the open challenges of data, robustness, performance, consistency, explainability, and evaluation that lie between the framework and a deployable system.",,,,,,,,,
triple-112,126,proposed architectural framework,METHOD,COMBINES,identity and access management,METHOD,2024,0.85,The proposed framework incorporates core security components such as identity and access management,unique_normalized_exact_quote_match,f473421518c9dff903386b4974536d7fd245e96d,0,Implementing Zero Trust Security in Multi-Cloud Microservices Platforms: A Review and Architectural Framework,abstract,"The widespread adoption of multi-cloud infrastructures and microservices architectures has redefined enterprise computing by enhancing scalability, modularity, and service delivery. However, this decentralization has also introduced expanded threat surfaces and complex security challenges that traditional perimeter-based models can no longer address effectively. This paper presents a comprehensive review and a proposed architectural framework for implementing Zero Trust Security (ZTS) in multi-cloud microservices environments. Beginning with a synthesis of existing literature and industry best practices, the study identifies critical vulnerabilities and limitations in current security approaches. It then explores the foundational principles of Zero Trust—including least privilege, continuous verification, and identity-centric access control—and how they apply within distributed cloud-native systems. The proposed framework incorporates core security components such as identity and access management, centralized policy engines, micro-segmentation, and service mesh integration to enable fine-grained, context-aware access enforcement. Designed for cloud-agnostic compatibility, the architecture facilitates secure workload mobility and dynamic service discovery across heterogeneous environments. Practical considerations, including performance impact, interoperability challenges, and governance implications, are also discussed. Although the framework offers a strategic path toward resilient multi-cloud security, it acknowledges limitations in empirical validation and implementation variability. The paper concludes by recommending future research directions in adaptive trust scoring, AI-driven policy enforcement, and Zero Trust extensions to edge-cloud systems, thus contributing to the ongoing evolution of secure cloud-native computing.",,,,,,,,,
triple-113,20,reuse of existing architectural knowledge,METHOD,ADDRESSES,security problems in microservices-based systems,CONCEPT,2019,0.9,reuse of existing architectural knowledge to address security problems in microservices-based systems,unique_normalized_exact_quote_match,c8b613463e55f47a32275accd071a2fb5e876ade,0,Security Mechanisms Used in Microservices-Based Systems: A Systematic Mapping,abstract,"Microservices is an architectural style that conceives systems as a modular, costumer, independent and scalable suite of services; it offers several advantages but its growing popularity has given rise to security challenges. Building secure systems is greatly helped by deploying existing security mechanisms, but current literature does not guide developers about which mechanisms are actually used by developers of microservicesbased systems. This article describes the design and results of a systematic mapping study to identify the security mechanisms used in microservices-based systems described in the literature. The study yielded 321 articles, of which 26 are primary studies. Key findings are that (i) the studies mention 18 security mechanisms; (ii) the most mentioned security mechanisms are authentication, authorization and credentials; and (iii) almost 2/3 of security mechanisms focus on stopping or mitigating attacks, but none on recovering from them. Additionally, it emerges that experiments and case studies are the most used empirical strategies in microservices security research. The clear identification of most-used security solutions will facilitate the reuse of existing architectural knowledge to address security problems in microservices-based systems.",,,,,,,,,
triple-114,381,hybrid encryption algorithm,METHOD,COMBINES,AES,METHOD,2021,0.85,the hybrid encryption algorithm hybridized by encryption algorithm of Rivest Shamir Adleman (RSA) and encryption algorithm of Advanced Encryption Standard (AES),unique_normalized_exact_quote_match,3f7510f5e175698777c9e644ceb99d2490adbdf8,0,Design and Achievement of Security Mechanism of API Gateway Platform Based on Microservice Architecture,abstract,"To solve the current security problems of the microservice architecture, the security mechanism of the API gateway platform using the microservice platform is designed and implemented. To solve the corresponding security problems, a new API platform security mechanism is designed. In the data transmission, the hybrid encryption algorithm hybridized by encryption algorithm of Rivest Shamir Adleman (RSA) and encryption algorithm of Advanced Encryption Standard (AES) is used for data encryption. An API gateway between the client and the microservice is introduced as the only entrance for users to access the microservice, avoiding the complexity of the client logic caused by the direct communication between the client and the server. After the introduction of the API gateway, the API-level service operation authority can be controlled; the security of the front-end and back-end transmission data is improved without affecting the transmission performance. The algorithm designed takes longer time than the AES encryption algorithm, but shorter than the RSA encryption algorithm, which indicates that the time-consuming of the algorithm designed is acceptable, showing the feasibility of the algorithm. The content can provide an important theoretical basis for the security of API gateway platform of microservice architecture.",,,,,,,,,
triple-115,331,proposed framework,METHOD,ADDRESSES,vulnerabilities in containerized microservices,CONCEPT,2022,0.95,This paper proposes a framework for mitigating vulnerabilities in containerized microservices by employing dynamic policy enforcement and automated patching techniques.,unique_normalized_exact_quote_match,b9bc41d91f848e5177eaab14b899071fe095b0ae,0,Runtime Vulnerability Mitigation for Containerized Microservices through Dynamic Policy Enforcement and Automated Patching,abstract,"As the adoption of containerized microservices grows, the complexity of securing these environments increases. Containerized applications offer scalability and flexibility but introduce significant runtime security challenges due to their dynamic and decentralized nature. This paper proposes a framework for mitigating vulnerabilities in containerized microservices by employing dynamic policy enforcement and automated patching techniques. The framework continuously monitors the container runtime environment, identifying potential vulnerabilities in real-time. Dynamic policies, based on both predefined security standards and behavior-based anomaly detection, are enforced to restrict the execution of malicious or compromised services. Furthermore, automated patching mechanisms are integrated to ensure that vulnerabilities are addressed promptly, minimizing the window of exposure. The patching process is designed to be seamless, enabling containers to be updated without downtime, thus maintaining system availability. Through the combination of dynamic policy enforcement and automated patching, the proposed framework provides a robust solution to protect containerized microservices from emerging threats while ensuring continuous operation. This research also highlights the importance of adapting security measures in response to the dynamic nature of microservices and presents a case study demonstrating the effectiveness of the proposed approach. The results suggest that dynamic policy enforcement coupled with automated patching is an essential strategy for mitigating runtime vulnerabilities in modern containerized environments, ensuring better security without compromising system performance.",,,,,,,,,
triple-116,476,OpenID Connect,METHOD,ADDRESSES,autenticação e autorização em microsserviços,CONCEPT,2023,0.9,"soluções para mitigar tais problemas, como o uso de ... OpenID Connect",unmatched_quote,,,,,,,,,,,,,,
triple-117,87,continuous threat modeling,METHOD,USES,OWASP Threat Dragon,TOOL,2023,0.95,"integration of automated security tools, such as OWASP Threat Dragon and IriusRisk, to perform continuous threat modeling",unique_normalized_exact_quote_match,94f4d0c7370040b4601b7079af05a360ae30f0a4,0,Microservices Security Threat Modelling in DevOps Pipelines,abstract,"The rapid adoption of microservices architectures and DevOps pipelines has accelerated software delivery but introduced new security challenges. The decentralized nature of microservices, combined with the dynamic nature of DevOps workflows, increases the attack surface, making it essential to proactively identify and mitigate security threats. This paper presents a comprehensive threat modeling framework designed specifically for microservicesbased systems operating within CI/CD pipelines. By leveraging STRIDE and other threat mod- eling methodologies, we identify key vulnerabilities such as API exploitation, interservice communication risks, and dependency tampering. We also propose the integration of automated security tools, such as OWASP Threat Dragon and IriusRisk, to perform continuous threat modeling throughout the software development lifecycle. Additionally, this work explores the role of service meshes and mTLS protocols in securing microservices communication. A case study demonstrates the application of our framework in a real-world DevOps environment, highlighting how vulnerabilities can be identified and mitigated at different stages of the CI/CD pipeline. Our results indicate that automated threat modeling improves detection rates by 30% and reduces false positives, enhancing the overall security posture. This paper contributes to the growing body of knowledge on DevSecOps by providing actionable insights and best practices for integrating security into cloud-native microservices systems.",,,,,,,,,
triple-118,792,deep-learning-based intrusion detection framework,METHOD,APPLIED_TO,cloud-native and distributed systems,CONCEPT,2024,0.95,this work proposes a deep-learning-based intrusion detection framework with a particular emphasis on ensuring that it is secure in cloud-native and distributed systems.,unique_normalized_exact_quote_match,306b55dc82d00c26a90088f39209a4556e4bd8db,0,Deep learning-based intrusion detection systems for securing cloud-native and distributed architectures,abstract,"Cloud-native and distributed architecture has also deeply changed modern computing environments allowing for scalability, flexibility, and microservices deployments at scale. But this shift has also given rise to specific security challenges, such as dynamic attack surfaces, lateral movement of threats and advanced cyberattacks against containerized and serverless infrastructures. Traditional intrusion detection systems (IDS) have limitations in handling the scale, speed, and diversity of data generated during these incidents. In order to overcome these limitations, this work proposes a deep-learning-based intrusion detection framework with a particular emphasis on ensuring that it is secure in cloud-native and distributed systems. Utilizing state-of-the-art neural network architectures; Convolutional Neural Network (CNN), Recurrent Gnural Network (RNN) and hybrid deep learning models, this new model accounts for both spatial and temporal features of network traffic data. It combines real-time monitoring, anomaly detection, and adaptive learning capabilities to improve the accuracy of detection and minimise false positives. On standard datasets, we show that our new approach significantly overcomes classical machine learning methods in precision, recall and detection rate. Additionally, the model is scalable and cloud-native, while only importing sends for real-time deployment, enabling pervasive security monitoring. This work advances intelligent, autonomous cybersecurity solutions for next-generation cloud infrastructures.",,,,,,,,,
triple-119,767,Open vSwitch (OVS),TOOL,COMBINES,Calico networking,TOOL,2025,0.95,"Open vSwitch (OVS), integrated with Calico networking",unique_normalized_exact_quote_match,05c26ba2473e432f3db292954fc38dfae61d0fcb,0,A Cloud-Edge Microservices Architecture for Smart Healthcare: SDN-Based Medical Asset Management,abstract,"Real-time hospital asset tracking and predictive maintenance are critical for ensuring patient safety, operational efficiency, and cybersecurity in modern healthcare environ-ments. Traditional network architectures often struggle with scalability, security enforcement, and real-time telemetry processing, limiting the effectiveness of medical IoT systems. To address these challenges, this paper presents a novel microservices-based cloud-edge architecture that integrates Software-Defined Networking (SDN), edge-AI, and agents for real-time medical asset tracking, anomaly detection, and adaptive policy enforce-ment. The proposed system leverages SDN for centralized traffic control and dynamic flow reconfiguration, while KubeEdge extends analytics and enforcement capabilities to the edge, ensuring low-latency decision-making and improved telemetry accuracy. Telemetry collector and security enforcement agents, deployed as Kubernetes DaemonSets, continuously monitor medical devices such as ventilators, infusion pumps, and ECG monitors. Real-time inference is powered by Autoencoder-based models, which detect anomalies with 94.5% accuracy at an average latency of 35.2 ms. Open vSwitch (OVS), integrated with Calico networking, enables programmable flow control and security isolation, achieving 99.2% policy enforcement success and reducing unauthorized access attempts by 72%. The network was deployed and validated on a three-node Kuber-netes cluster, demonstrating quantifiable improvements in fault detection, packet loss reduction, and resource responsiveness. These results position the proposed architecture as a scalable, secure, and measurement-aware framework for advancing next-generation healthcare instrumentation and intelligent telemetry systems.",,,,,,,,,
triple-120,377,prototype system,TOOL,USES,OAuth 2.0 authentication server,TOOL,2021,0.95,A prototype system integrated with OAuth 2.0 authentication server is implemented for empirical study.,unique_normalized_exact_quote_match,1f8acfefbdaca20fc15c65d88186e5a5880c8407,0,HT-RBAC: A Design of Role-based Access Control Model for Microservice Security Manager,abstract,"For transitioning to a decentralized system, a microservices platform has become popular in today software development due to its lightweight mechanisms. However, increasing the number of services results in a challenge to maintain the security of access control. The more attack surfaces can bring security and privacy risk via sensitive data. Therefore, a chain of trust domains was introduced to solve this problem. The extended Role-Based Access Control model (Hierarchical Trust RBAC: HT-RBAC) for microservice security managers is proposed for leveraging threats of unauthorized access to sensitive information and identity verification across all environments in application container solutions. This paper proposes using an HT-RBAC to authenticate, authorize, and identify user’s access control via API-Gateway. A prototype system integrated with OAuth 2.0 authentication server is implemented for empirical study. The results report that the approach provides faster and more flexible access to information in addition to improving incident response time.",,,,,,,,,
triple-121,134,vulnerability detection tools,TOOL,PRODUCES,three sources of vulnerabilities,FINDING,2025,0.9,"identifying three sources of vulnerabilities: ‘application code’, ‘dependencies’, and ‘container configurations’",unique_normalized_exact_quote_match,cf6762bf2b96e2478c7430738209dbec46cb2590,0,"Characterizing Vulnerabilities in Microservices: Source, Age and Severity",abstract,"Microservices architecture has become a popular choice for developing scalable, cloud-native applications because of its modularity. However, this architecture introduces unique security risks due to its distributed nature and dependency management requirements. While existing literature has investigated some security challenges and proposed mitigation strategies, there is a lack of comprehensive research on the security vulnerabilities present within systems using this architecture. To bridge this gap, we used three vulnerability detection tools to analyze security vulnerabilities across 30 open-source microservices projects from GitHub, identifying three sources of vulnerabilities: ‘application code’, ‘dependencies’, and ‘container configurations’. Vulnerabilities related to request and data handling were most common, stemming from container misconfigurations and outdated dependencies. Dependency-related vulnerabilities are new but most fall into pre-established CWE and OWASP top 10 categories. Most of the detected vulnerabilities fall under a severity of medium to high. While the emergence of microservices has not introduced new vulnerabilities, the severity of existing vulnerabilities urges developers to implement secure data and request handling, address container misconfigurations, and update dependencies timely.",,,,,,,,,
triple-122,573,OAuth2,METHOD,IMPROVES,security,CONCEPT,2022,0.95,"Key findings indicate that while OAuth2 and JWT significantly improve security, challenges such as token expiration management and service-to-service token validation persist.",unique_normalized_exact_quote_match,e491ab3ee15771ae6bd5a827a7b8b0cf3230f7b0,0,Applying OAuth2 and JWT Protocols in Securing Distributed API Gateways: Best Practices and Case Review,abstract,"The security of distributed systems, particularly in cloud-based environments and microservices architectures, is paramount as organizations increasingly rely on these systems for scalable and efficient operations. This paper explores the implementation of OAuth2 and JWT (JSON Web Tokens) protocols as fundamental components in securing distributed API gateways. OAuth2 offers a robust framework for authorization by decoupling user authentication from application logic, while JWT provides a lightweight and secure method of transmitting authentication information across services. The paper discusses the core components of OAuth2 and JWT, their roles in API security, and the implementation best practices that ensure secure token management, scalability, and fault tolerance. Case studies from cloud-based systems and microservices architectures illustrate real-world applications, highlighting both successes and challenges encountered during deployment. Key findings indicate that while OAuth2 and JWT significantly improve security, challenges such as token expiration management and service-to-service token validation persist. Finally, the paper identifies areas for future research, particularly in the development of enhanced token revocation mechanisms and the adaptation of OAuth2 and JWT for emerging technologies like serverless architectures. The study underscores the importance of these protocols in the evolving landscape of secure API gateway management and their potential to drive secure, scalable digital transformation.",,,,,,,,,
triple-123,774,proposed approach,METHOD,IMPROVES,container security,CONCEPT,2023,0.85,discusses its potential impact on enhancing container security in real-world scenarios.,unique_normalized_exact_quote_match,37a4478b1e6fb9144165dc45a6d8df42631658c3,0,Container Security Intelligence: Leveraging Machine Learning for Anomaly Detection in Containerized Applications,abstract,"This research explores the application of Machine Learning (ML) techniques for anomaly detection in containerized applications. The proposed approach utilizes by applying machine learning techniques for anomaly detection in containerized applications. The proposed methodology integrates container runtime metrics, system call analysis, and network traffic patterns to build a predictive model capable of identifying abnormal behavior within containers. To evaluate the effectiveness of this approach, extensive experiments were conducted using real-world containerized applications and datasets. The experiment focused on assessing the accuracy of anomaly detection and the computational efficiency of the proposed model. The results demonstrated that this approach achieved a remarkable accuracy rate of 95% in detecting anomalies, while maintaining high computational efficiency, with minimal overhead on the container runtime environment. This research contributes valuable insights into bolstering the security of containerized applications, offering practical solutions for real-world deployment scenarios. The research also evaluates the accuracy and efficiency of the proposed approach and discusses its potential impact on enhancing container security in real-world scenarios.",,,,,,,,,
triple-124,618,Security Assertion Markup Language (SAML),METHOD,IMPROVES,data security,CONCEPT,2024,0.95,Security Assertion Markup Language (SAML) or OpenID with OAuth 2.0 are suggested solutions to enhance data security.,unique_normalized_exact_quote_match,39acaaaf4129b1870396b3bcda609c74c034292f,0,SOFTWARE MIGRATION FROM MONOLITHIC ARCHITECTURE TO MICROSERVICES ARCHITECTURE AS A WAY OF PROTECTING CRM SYSTEMS,abstract,"The study of this work was focused on the process of protecting CRM systems in the conditions of the transition of software, which is the main part of CRM systems from a monolithic architecture to an architecture based on microservices. This article explores a migration strategy using the Strangler Fig pattern that facilitates the incremental adoption of microservices while maintaining compatibility with the existing monolith. A key aspect of a migration strategy is choosing a framework, such as the Framework for Microservices Migrations (FMM), that standardizes development practices and helps decompose monoliths into manageable components. Communication between microservices and the monolith is facilitated through a REST API that ensures seamless interaction. The integration of microservices is achieved through the implementation of DTOs (Data Transfer Objects) and API gateways, which ensures smooth data exchange between components. The article emphasizes the importance of dependency and configuration management in microservices, emphasizing the need for encapsulation and autonomy. In addition, the research examines the use of Curcuit Breaker patterns to effectively handle failures and maintain system stability during the migration process. Microservices, implemented as APIs, demand robust authentication methods such as cryptographic API keys and tokens. Security Assertion Markup Language (SAML) or OpenID with OAuth 2.0 are suggested solutions to enhance data security. Centralized architecture for authorization policies is crucial to regulate access across all microservices, while standardized token-based authentication ensures platform-neutral interoperability. However, decentralized authorization enforcement at each microservice entry point may lead to inconsistent security policies. Moreover, access to APIs handling confidential data necessitates authentication tokens with digital signatures or from trusted sources. Access control policies should be meticulously defined and enforced, with considerations for token expiration and scope limitations. The abstract underscores the significance of centralized access management and the challenges posed by anonymous connections bypassing API gateways.",,,,,,,,,
triple-125,75,continuous security assessments,METHOD,APPLIED_TO,vulnerability detection,CONCEPT,2022,0.9,continuous security assessments are used for vulnerability detection.,unique_normalized_exact_quote_match,8ba88dd1693e05285489e811f8171ea3b6bb2166,0,Microservices Security Challenges and Approaches,abstract,"The fast-paced development cycles of microservices applications increase the probability of insufficient security tests in the development pipelines and consequent deployment of vulnerable microservices. The distribution and ephemeral of microservices create a discoverability challenge for traditional security assessment techniques, especially for microservices being dynamically launched and de-registered. To address this in applications and networks, continuous security assessments are used for vulnerability detection. Detected vulnerabilities are thereafter patched, essentially reducing the chances for security attacks. This paper illustrates the microservices architecture and its components from the security perspective. It investigates, summarizes, and highlights the microservices security-related challenges and the suggested approaches and proposals for facing them. It addresses the security impact on the different mi-croservice architectural perspectives.",,,,,,,,,
triple-126,199,Zero Trust Security Model,METHOD,ADDRESSES,unauthorized access,CONCEPT,2024,0.92,"Our experimental validation shows that this model effectively minimizes lateral movement and unauthorized access, significantly reducing attack surfaces.",unique_normalized_exact_quote_match,4e5ebfb3cf4b5b6a33f4494d65b818a453701075,0,Zero Trust Security for Web Applications in Microservice-Based Environments,abstract,"With the rapidly shifting landscape in cybersecurity, cyber threats have made the old perimeter-based models obscurate. With the increasing proliferation of cloud-native applications and microservice architectures into organizations, a sound security model shall be a basic necessity that shall withstand these threats. This paper introduces a Zero Trust Security Model for web applications in Kubernetes clusters, utilizing key technologies such as JSON Web Token (JWT) authentication and mutual Transport Layer Security (mTLS). Unlike traditional models that rely on predefined trust zones, this approach enforces continuous identity verification, dynamic access control, and fine-grained micro-segmentation to secure sensitive data. The model incorporates Zero Trust principles, including encrypted communications, strict user and device authentication, and real-time threat detection. It provides robust policy enforcement to protect APIs, containers, databases, and other critical resources in a microservices environment. The persistent observation of user activity, along with the implementation of machine learning algorithms for the identification of threats, improves the system's capability to recognize and address potential incidents in real-time. Our experimental validation shows that this model effectively minimizes lateral movement and unauthorized access, significantly reducing attack surfaces. The proposed Zero Trust architecture offers a scalable, secure, and resilient framework suited to modern containerized applications, ensuring data integrity and security.",,,,,,,,,
triple-127,185,AI-driven observability model,METHOD,EVALUATES_ON,combined multi-source telemetry datasets,DATASET,2026,0.95,Model performance was evaluated using a hold-out train–test validation protocol across combined multi-source telemetry datasets.,unique_normalized_exact_quote_match,7c8045a4b4f52b91db283c040afbb78c8a6ac7db,0,AI-Driven Observability for Managing Security Complexity in Cloud-native Microservices and Containerized Environments,abstract,"This study investigates security-visibility challenges in cloud-native microservices by analysing adversarial behaviours using the MITRE ATT&CK container-techniques dataset, assessing observability limitations through time-series telemetry-coverage quantification applied to the OpenTelemetry Demo dataset, and proposing an AI-driven observability model for security anomaly detection. The proposed method employs an unsupervised deep autoencoder trained on integrated telemetry from the Google Cloud Microservices Demo and Kubernetes audit logs to learn normal system behaviour and identify anomalies, defined as statistically significant deviations from established baseline telemetry patterns associated with validated security events. Model performance was evaluated using a hold-out train–test validation protocol across combined multi-source telemetry datasets. Results show that the AI-driven observability model improves detection effectiveness compared with a baseline rule-based monitoring approach, increasing recall from 54% to 84%, reducing false negatives from 690 to 240, and substantially lowering average detection latency under comparable operational conditions. These findings demonstrate that AI-enabled observability enhances detection accuracy, reduces monitoring blind spots and supports more timely operational decision-making through improved multi-layer telemetry correlation. Accordingly, the study recommends unified telemetry pipelines, consistent instrumentation across microservices, adoption of unsupervised anomaly-detection models and the development of AI-observability standards to improve the reliability and security of cloud-native systems.",,,,,,,,,
triple-128,111,two layered policy-driven security mechanism,METHOD,USES,mutual TLS,METHOD,2025,0.9,The first layer employs mutual TLS (mTLS) for secure service-to-service authentication using the Istio service mesh.,unique_normalized_exact_quote_match,fdd5e416e4555382978ba18cfd599ae95d621fa8,0,A Policy-Driven Approach for Securing Microservices Workflow in Kubernetes Cluster,abstract,"Kubernetes based microservices deployments are increasingly adopted in modern cloud computing environments. However, securing microservices in Kubernetes cluster is critical because they operate in distributed manner across different nodes and each of which gives a potential entry point for attackers due to weak authentication mechanism or misconfiguration of security policies. To address these issues, we propose two layered policy-driven security mechanism for securing microservices workflow in Kubernetes cluster. The first layer employs mutual TLS (mTLS) for secure service-to-service authentication using the Istio service mesh. The second layer introduces workflow-based authorization policy enforced through Open Policy Agent (OPA) Gatekeeper. Experimental results demonstrate that unauthorized access is effectively blocked at the entry point, confirming that the proposed approach establishes a robust, multi-layered security environment for Kubernetes-based microservices.",,,,,,,,,
triple-129,756,proposed framework,METHOD,USES,machine learning,METHOD,2022,0.95,a framework is proposed for implementing a Host-based Intrusion Detection System (HIDS) by analyzing system calls with machine learning,unique_normalized_exact_quote_match,51fc506c604233773fafb75d739ae8f21f1640f9,0,Intrusion Detection in Container Orchestration Clusters : A framework proposal based on real-time system call analysis with machine learning for anomaly detection,abstract,"Despite the benefits containerization brings, threats and risks of attacks against containerized technology have grown in equal proportion to its adoption. Intrusion Detection Systems (IDS) have been employed to secure cloud and container environments. However, the inherent characteristics of these environments have presented new challenges to ensuring an adequate level of security. In this paper, a framework is proposed for implementing a Host-based Intrusion Detection System (HIDS) by analyzing system calls with machine learning on a Kubernetes container orchestration cluster. The presented framework prevents the overhead of the cluster nodes from processing focused on intrusion detection through a distributed and scalable architecture. Alerts generated in the occurrence of detected anomalies can be used as a complementary source of information for decision making and action by the Security Operations Center (SOC) team to deal with an eventual security incident. The proposed architecture was implemented in the GNS3 software, emulating a corporate network environment to demonstrate the feasibility of implementing the framework in a real environment.",,,,,,,,,
triple-130,736,Spring Security,TOOL,COMBINES,OAuth2,TOOL,2020,0.95,When used in combination with OAuth2 and JWT,unique_normalized_exact_quote_match,f5ab88e5f1e08dc931c4f7a8693275c93d82ca07,0,Fine-Grained Access Control with Spring Security,abstract,"Spring Security has been studied up to December 2020 for various levels of access control, especially focusing on the precise and contextual ABAC and RBAC models. When used in combination with OAuth2 and JWT, it was possible to implement dynamic distributed security measures via policy-based solutions. These configurations served us well and offer the elasticity necessary in today’s microservices and multi-tenancy applications, with Spring Security offering a solid foundation for policy-based security of APIs and data assets (Di Vimercati et al., 2010).",,,,,,,,,
triple-131,31,inter-service authentication and communication,CONCEPT,LACKS,comprehensive analysis on specific security threats,CONCEPT,2024,0.9,"There is a notable lack of comprehensive analysis on specific security threats, particularly in inter-service authentication and communication.",unique_normalized_exact_quote_match,b81815de13660b221f336381d9e9ce068c5eab50,0,A Systematic Literature Review of Inter-Service Security Threats and Mitigation Strategies in Microservice Architectures,abstract,"Ensuring security is of paramount importance in microservice architectures, given their distributed nature, involving numerous services and network-spanning interactions. This architectural style, which can comprise hundreds to thousands of services, inherently presents a more extensive attack surface compared to traditional monolithic applications. Moreover, the polyglot nature of microservices, which encompasses services developed and deployed using diverse programming languages and technologies, further complicates the security landscape. This paper presents a systematic literature review, analyzing 54 publications specifically in the context of security threats and mitigation strategies within the area of inter-service security in microservice architectures. We observed that the majority of studies focus on presenting methods, models, and guidelines for microservice security, with a significant portion validating these approaches. Publications in the field have increased since 2015, with conference papers being the most common type. Security threats identified are mainly related to security perimeters, attack surfaces, and inadequate monitoring and intrusion detection. There is a notable lack of comprehensive analysis on specific security threats, particularly in inter-service authentication and communication. Mitigation strategies receive more attention than security threats, with extensive discussion on infrastructure defense and secure coding practices. The identified research gap highlights the need for establishing a connection between security threats and their mitigation strategies in microservice architectures. It also underscores the necessity for a standardized taxonomy in microservice security to clarify terminology and consolidate best practices, addressing inconsistencies in the literature and guiding future empirical studies on the practical challenges of implementing security measures.",,,,,,,,,
triple-132,771,proposed methodology,METHOD,COMBINES,container runtime metrics,METRIC,2023,0.9,"The proposed methodology integrates container runtime metrics, system call analysis, and network traffic patterns to build a predictive model",unique_normalized_exact_quote_match,37a4478b1e6fb9144165dc45a6d8df42631658c3,0,Container Security Intelligence: Leveraging Machine Learning for Anomaly Detection in Containerized Applications,abstract,"This research explores the application of Machine Learning (ML) techniques for anomaly detection in containerized applications. The proposed approach utilizes by applying machine learning techniques for anomaly detection in containerized applications. The proposed methodology integrates container runtime metrics, system call analysis, and network traffic patterns to build a predictive model capable of identifying abnormal behavior within containers. To evaluate the effectiveness of this approach, extensive experiments were conducted using real-world containerized applications and datasets. The experiment focused on assessing the accuracy of anomaly detection and the computational efficiency of the proposed model. The results demonstrated that this approach achieved a remarkable accuracy rate of 95% in detecting anomalies, while maintaining high computational efficiency, with minimal overhead on the container runtime environment. This research contributes valuable insights into bolstering the security of containerized applications, offering practical solutions for real-world deployment scenarios. The research also evaluates the accuracy and efficiency of the proposed approach and discusses its potential impact on enhancing container security in real-world scenarios.",,,,,,,,,
triple-133,84,STIDE,METHOD,EVALUATES_ON,microservice-based application,CONCEPT,2023,0.9,"Their effectiveness is evaluated using two lightweight algorithms (STIDE and BoSC) with representative workloads, attacks, and a microservice-based application",unique_normalized_exact_quote_match,c9be4435eb2cdf1dc5e18f473d51848690675487,0,Intrusion Detection for Scalable and Elastic Microservice Applications,abstract,"The growing complexity and dynamicity of microservices, combined with their ability to scale, present significant challenges to security monitoring tools. Integrating these tools into a DevSecOps pipeline is currently impractical, necessitating research into adaptive intrusion detection approaches. This paper introduces three data processing techniques that enable intrusion detection in scalable and elastic microservice applications utilizing CI/CD approaches. These techniques manipulate data collected from active microservice replicas and feed it to algorithms, resulting in reliable intrusion detection even after scaling operations. To evaluate these techniques, we integrate them into a state-of-the-art intrusion detection tool developed for microservice environments. Their effectiveness is evaluated using two lightweight algorithms (STIDE and BoSC) with representative workloads, attacks, and a microservice-based application, demonstrating their ability to detect most attacks, even in scenarios involving multiple replicas.",,,,,,,,,
triple-134,33,systematic literature review,METHOD,PRODUCES,"majority of studies focus on presenting methods, models, and guidelines for microservice security",FINDING,2024,0.9,"We observed that the majority of studies focus on presenting methods, models, and guidelines for microservice security, with a significant portion validating these approaches.",unique_normalized_exact_quote_match,b81815de13660b221f336381d9e9ce068c5eab50,0,A Systematic Literature Review of Inter-Service Security Threats and Mitigation Strategies in Microservice Architectures,abstract,"Ensuring security is of paramount importance in microservice architectures, given their distributed nature, involving numerous services and network-spanning interactions. This architectural style, which can comprise hundreds to thousands of services, inherently presents a more extensive attack surface compared to traditional monolithic applications. Moreover, the polyglot nature of microservices, which encompasses services developed and deployed using diverse programming languages and technologies, further complicates the security landscape. This paper presents a systematic literature review, analyzing 54 publications specifically in the context of security threats and mitigation strategies within the area of inter-service security in microservice architectures. We observed that the majority of studies focus on presenting methods, models, and guidelines for microservice security, with a significant portion validating these approaches. Publications in the field have increased since 2015, with conference papers being the most common type. Security threats identified are mainly related to security perimeters, attack surfaces, and inadequate monitoring and intrusion detection. There is a notable lack of comprehensive analysis on specific security threats, particularly in inter-service authentication and communication. Mitigation strategies receive more attention than security threats, with extensive discussion on infrastructure defense and secure coding practices. The identified research gap highlights the need for establishing a connection between security threats and their mitigation strategies in microservice architectures. It also underscores the necessity for a standardized taxonomy in microservice security to clarify terminology and consolidate best practices, addressing inconsistencies in the literature and guiding future empirical studies on the practical challenges of implementing security measures.",,,,,,,,,
triple-135,259,AI-enabled adaptive authentication framework,METHOD,ADDRESSES,securing microservices within enterprise settings,CONCEPT,2026,0.85,"Securing microservices within enterprise settings is difficult... In this paper, we introduce an AI-enabled adaptive authentication framework",unmatched_quote,,,,,,,,,,,,,,
triple-136,796,deep-learning-based intrusion detection framework,METHOD,EVALUATES_ON,standard datasets,DATASET,2024,0.95,"On standard datasets, we show that our new approach significantly overcomes classical machine learning methods",unique_normalized_exact_quote_match,306b55dc82d00c26a90088f39209a4556e4bd8db,0,Deep learning-based intrusion detection systems for securing cloud-native and distributed architectures,abstract,"Cloud-native and distributed architecture has also deeply changed modern computing environments allowing for scalability, flexibility, and microservices deployments at scale. But this shift has also given rise to specific security challenges, such as dynamic attack surfaces, lateral movement of threats and advanced cyberattacks against containerized and serverless infrastructures. Traditional intrusion detection systems (IDS) have limitations in handling the scale, speed, and diversity of data generated during these incidents. In order to overcome these limitations, this work proposes a deep-learning-based intrusion detection framework with a particular emphasis on ensuring that it is secure in cloud-native and distributed systems. Utilizing state-of-the-art neural network architectures; Convolutional Neural Network (CNN), Recurrent Gnural Network (RNN) and hybrid deep learning models, this new model accounts for both spatial and temporal features of network traffic data. It combines real-time monitoring, anomaly detection, and adaptive learning capabilities to improve the accuracy of detection and minimise false positives. On standard datasets, we show that our new approach significantly overcomes classical machine learning methods in precision, recall and detection rate. Additionally, the model is scalable and cloud-native, while only importing sends for real-time deployment, enabling pervasive security monitoring. This work advances intelligent, autonomous cybersecurity solutions for next-generation cloud infrastructures.",,,,,,,,,
triple-137,23,Manual analysis,METHOD,PRODUCES,Catalog of 28 microservices security practices,METHOD,2021,0.95,Our analysis led to a catalog of 28 microservices security practices.,unique_normalized_exact_quote_match,c3c98df61cc4afeb7e9fc6af6d91c1a43b3bd887,0,An Empirical Study of Security Practices for Microservices Systems,abstract,"Despite the numerous benefits of microservices systems, security has been a critical issue in such systems. Several factors explain this difficulty, including a knowledge gap among microservices practitioners on properly securing a microservices system. To (partially) bridge this gap, we conducted an empirical study. We first manually analyzed 861 microservices security points, including 567 issues, 9 documents, and 3 wiki pages from 10 GitHub open-source microservices systems and 306 Stack Overflow posts concerning security in microservices systems. In this study, a microservices security point is referred to as""a GitHub issue, a Stack Overflow post, a document, or a wiki page that entails 5 or more microservices security paragraphs"". Our analysis led to a catalog of 28 microservices security practices. We then ran a survey with 74 microservices practitioners to evaluate the usefulness of these 28 practices. Our findings demonstrate that the survey respondents affirmed the usefulness of the 28 practices. We believe that the catalog of microservices security practices can serve as a valuable resource for microservices practitioners to more effectively address security issues in microservices systems. It can also inform the research community of the required or less explored areas to develop microservices-specific security practices and tools.",,,,,,,,,
triple-138,310,supervised Out-of-Distribution (OOD) detector,METHOD,USES,deep neural network,METHOD,2024,0.95,"Using a deep neural network, we learn features and minimize classification errors.",unique_normalized_exact_quote_match,23e6f01ada28decc963360b8032039561247ae8d,0,Supervised Intrusion Detection with Out-of-Distribution Detection for Microservices,abstract,"Microservice architecture enhances system flexibility and reliability but raises security concerns due to potential malicious attacks. We propose a supervised Out-of-Distribution (OOD) detector leveraging AI and ML to analyze container command sequences. Our technique identifies known and unknown attack patterns, employing out-of-distribution detection. Using a deep neural network, we learn features and minimize classification errors. Comparative evaluations demonstrate its efficacy, aiming to enhance container security and deepen insights into microservice attack behaviors.",,,,,,,,,
triple-139,550,AgentSecurity,METHOD,COMBINES,Open Policy Agent (OPA),TOOL,2026,0.95,"We present AgentSecurity, a production-ready framework that unifies three complementary standards to achieve zero-trust identity with governed identity propagation for multi-agent systems: ... (3) the Open Policy Agent (OPA)",unmatched_quote,,,,,,,,,,,,,,
triple-140,6,refactoring,METHOD,ADDRESSES,security smells,CONCEPT,2021,0.92,refactorings enabling to mitigate the effects of such smells.,unique_normalized_exact_quote_match,40fda014e97c5ff3bfe5a3a55766b79d17cd42c8,0,Smells and Refactorings for Microservices Security: A Multivocal Literature Review,abstract,"Context: Securing microservice-based applications is crucial, as many IT companies are delivering their businesses through microservices. If security smells affect microservice-based applications, they can possibly suffer from security leaks and need to be refactored to mitigate the effects of security smells therein. Objective: As the currently available knowledge on securing microservices is scattered across different pieces of white and grey literature, our objective here is to distill well-known smells for securing microservices, together with the refactorings enabling to mitigate the effects of such smells. Method: To capture the state of the art and practice in securing microservices, we conducted a multivocal review of the existing white and grey literature on the topic. We systematically analyzed 58 studies published from 2014 until the end of 2020. Results: Ten bad smells for securing microservices are identified, which we organized in a taxonomy, associating each smell with the security properties it may violate and the refactorings enabling to mitigate its effects. Conclusions: The security smells and the corresponding refactorings have pragmatic value for practitioners, who can exploit them in their daily work on securing microservices. They also serve as a starting point for researchers wishing to establish new research directions on securing microservices.",,,,,,,,,
triple-141,318,industry rule-based detectors,METHOD,LACKS,detection coverage,METRIC,2026,0.9,"In contrast, industry rule-based detectors avoid these costs but offer limited detection coverage.",unique_normalized_exact_quote_match,1a2d7a592bf53c73a4733c3242727a44625e5145,0,ImmuCheck: Selective Immutability for Container Escape Detection in Containerized Microservices,abstract,"Container escape attacks break isolation boundaries, granting threat actors code execution on the underlying host and potentially full control over the entire cluster. Existing runtime defenses exhibit an inherent trade-off. Anomaly- and provenance-based detection mechanisms achieve broad escape detection, yet incur substantial operational costs due to model retraining requirements or system-wide provenance capture. In contrast, industry rule-based detectors avoid these costs but offer limited detection coverage. We introduce a container escape detection approach that breaks this trade-off, offering broad detection coverage without operational costs. Our key insight is that container escape attacks commonly involve filesystem writes, violating the immutable state expected in microservices. While enforcing strict immutability can expose such behavior, microservices sometimes perform legitimate writes for ephemeral operations (e.g., logging), making blanket immutability impractical. Our system, ImmuCheck, instead applies selective immutability, automatically inferring legitimate write regions during initialization and flagging subsequent writes outside these regions as potential escape attempts. We evaluate our approach across 12 escape scenarios spanning five microservices-based applications from major cloud providers. ImmuCheck achieves 99.22% precision and 100% recall, with low overhead, no retraining requirements, and timely detection.",,,,,,,,,
triple-142,18,systematic mapping study,METHOD,PRODUCES,key findings,FINDING,2019,0.9,"Key findings are that (i) the studies mention 18 security mechanisms; (ii) the most mentioned security mechanisms are authentication, authorization and credentials; and (iii) almost 2/3 of security mechanisms focus on stopping or mitigating attacks, but none on recovering from them.",unique_normalized_exact_quote_match,c8b613463e55f47a32275accd071a2fb5e876ade,0,Security Mechanisms Used in Microservices-Based Systems: A Systematic Mapping,abstract,"Microservices is an architectural style that conceives systems as a modular, costumer, independent and scalable suite of services; it offers several advantages but its growing popularity has given rise to security challenges. Building secure systems is greatly helped by deploying existing security mechanisms, but current literature does not guide developers about which mechanisms are actually used by developers of microservicesbased systems. This article describes the design and results of a systematic mapping study to identify the security mechanisms used in microservices-based systems described in the literature. The study yielded 321 articles, of which 26 are primary studies. Key findings are that (i) the studies mention 18 security mechanisms; (ii) the most mentioned security mechanisms are authentication, authorization and credentials; and (iii) almost 2/3 of security mechanisms focus on stopping or mitigating attacks, but none on recovering from them. Additionally, it emerges that experiments and case studies are the most used empirical strategies in microservices security research. The clear identification of most-used security solutions will facilitate the reuse of existing architectural knowledge to address security problems in microservices-based systems.",,,,,,,,,
triple-143,282,"Combination of API Gateway, Keycloak, and short-lived secrets",METHOD,IMPROVES,Cluster security against token interception and lateral movement,CONCEPT,2026,0.9,"the combination of an API Gateway, Keycloak with LDAP, short-lived secrets, and separated privileges for applications and migrations reduces the risk of token interception, secret leakage, and lateral movement",unique_normalized_exact_quote_match,b59f406a655bf959c3df50b3dc4abb21b60e944b,0,"Designing Secure Microservices on Kubernetes: An Architectural Deep Dive into OAuth2, PKCE, Keycloak, Vault, and LDAP",abstract,"The article examines an architectural model for securing microservice systems in a Kubernetes environment, integrating mechanisms for federated authentication, secrets management, network isolation, and secure data evolution, leveraging OAuth 2.1, PKCE, Keycloak, Vault, and LDAP. This is motivated by the increasing attack surface of cloud‑native environments, exacerbated by container ephemerality, flat cluster networking, and fragmented access domains. In such environments, a compromised container can attack other services, steal credentials, and intercept traffic․ The paper thus seeks to develop and validate an integrated architectural approach to secure the Kubernetes microservice ecosystem under the Zero Trust security model․ The main contribution of the article is formalizing an end-to-end security pattern for the IAM domain․ This pattern is formed by combining several technologies (PKCE, mTLS‚ Vault PKI‚ External Secrets Operator‚ and Liquibase) into a single model․ It is concluded that the combination of an API Gateway, Keycloak with LDAP, short-lived secrets, and separated privileges for applications and migrations reduces the risk of token interception, secret leakage, and lateral movement within the cluster at an acceptable infrastructure cost. The article will be useful for IT architects, DevSecOps engineers, information security specialists, and cloud platform developers.",,,,,,,,,
triple-144,105,Logic Scoring of Preference (LSP),METHOD,APPLIED_TO,attack detection in microservice applications,CONCEPT,2023,0.95,"This paper explores the applicability of Logic Scoring of Preference (LSP), a multi-criteria decision-making method to compute a score based on a set of preferences, for attack detection in microservice applications.",unique_normalized_exact_quote_match,cf206555bb0eb545921dcfcaac0f36ad0d4025f6,0,Exploring Logic Scoring of Preference for DoS Attack Detection in Microservice Applications,abstract,"Microservice architectures allow the development of highly scalable, flexible, and manageable systems. However, such architectures raise new security problems and exacerbate the challenge of monitoring applications at runtime due to their high service granularity and distributed nature. Developing effective monitoring and security strategies is thus crucial to effectively detect potential attacks. This paper explores the applicability of Logic Scoring of Preference (LSP), a multi-criteria decision-making method to compute a score based on a set of preferences, for attack detection in microservice applications. We present an extensive experimental study and define a model based on LSP and application-level metrics to characterize the impact of DoS attacks. The output of the model is a unique score used to determine whether a microservice is under a DoS attack. The results of the experimental study show precision, recall, and f1-score rates of more than 80%, indicating that LSP could effectively characterize the application under attack, opening several possibilities for future work.",,,,,,,,,
triple-145,666,AZTEM,METHOD,EVALUATES_ON,UNSW-NB15,DATASET,2025,0.85,"the system relies on the deep-learning-based anomaly detection methods such as LSTM-based sequence classifiers on cloud workload telemetry, network flow logs, and publicly accessible datasets (UNSW-NB15 and CICIDS2018).",unique_normalized_exact_quote_match,d5cc9fbb197d4e02eba3d20ee1c5f6224b95e2cb,0,AZTEM: A Self-Evolving Zero-Trust Model for Adaptive Cloud Security Using AI-Driven Threat Mitigation and Quantum-Resilient Encryption,abstract,"The new digital ecosystems are being based on cloud environments but they are highly vulnerable to the shifts in cyber threat, which can take advantage of the stationary trust models, loose access rules and encryption functions that hangs in the air with the advent of quantum computing. The traditional models of perimeter based security fail to operate in highly dynamic cloud environments with insider based mauling, cross-lateral mauling and the zero day mauling bypassing the traditional security models. In this work, A Self-evolving Zero-Trust Model of Adaptive Cloud security with AI-based Threat Mitigation and Quantumresilient Encryption is introduced and is capable of addressing these emerging problems. AZTEM eliminates the implicit trust, validating and permitting all user, device, and microservice relations through the utilization of a contextsensitive trust engine that is reinforced by reinforcement learning algorithms. To counter the rapid adaptations of attack vectors, the system relies on the deep-learning-based anomaly detection methods such as LSTM-based sequence classifiers on cloud workload telemetry, network flow logs, and publicly accessible datasets (UNSW-NB15 and CICIDS2018). An adaptive policy controller is the basis of dynamic orchestration of mitigation strategies and uses AI-based response mechanisms to quarantine, reroute, or restrict malicious sessions in real time. Besides, the model includes quantum-resilient encryption that extends the protection of both data-at-rest and data-in-transit by using lattice cryptography to secure quantum decryption threats where confidentiality is ensured at the long-term scale. An initial deployment of AWS on Kubernetes clusters demonstrated that threat detection accuracy and false positives decreased by 27 percent and 34 percent respectively over a baseline zero-trust deployment, and performance overhead is less than 8 percent. Its application in adversarial context was assessed through measures such as precision, recall, F1-score and confidence intervals and proved it to be qualified. The architecture is not only making the cloud more resilient to the present, and the infrastructures of the quantum age impervious to the threats of the quantum age, but it is also providing businesses, governments and hard-to-secure areas in need of cloud security without a trade-off an ethical and scaleable and deployment-ready path.",,,,,,,,,
triple-146,649,Two-Factor Authentication,METHOD,IMPROVES,typical authentication paradigm,METHOD,2021,0.9,Such an approach improves the typical authentication paradigm,unique_normalized_exact_quote_match,3082b464eb036f925a76952f88d3f3c19cbb2a4f,0,A Microservices and Blockchain Based One Time Password (MBB-OTP) Protocol for Security-Enhanced Authentication,abstract,"Nowadays, the increasing complexity of digital applications for social and business activities has required more and more advanced mechanisms to prove the identity of subjects like those based on the Two-Factor Authentication (2FA). Such an approach improves the typical authentication paradigm but it has still some weaknesses. Specifically, it has to deal with the disadvantages of a centralized architecture causing several security threats like denial of service (DoS) and man-in-the-middle (MITM). In fact, an attacker who succeeds in violating the central authentication server could be able to impersonate an authorized user or block the whole service. This work advances the state of art of 2FA solutions by proposing a decentralized Microservices and Blockchain Based One Time Password (MBB-OTP) protocol for security-enhanced authentication able to mitigate the aforementioned threats and to fit different application scenarios. Experiments prove the goodness of our MBB-OTP protocol considering both private and public Blockchain configurations.",,,,,,,,,
triple-147,49,Microservices,METHOD,USES,REST API,TOOL,2018,0.95,with implementation via the Rest API,unique_normalized_exact_quote_match,e5188350d3c9a3958c766fd15a5d7f881e7a6b77,0,Microservices API Security,abstract,"—Microservices have become the hot term since 2014. This particular programming methodology involves an architectural approach that emphasizes the decomposition of applications into single purpose, with implementation via the Rest API. A new software development style that has grown from recent trends in software development/management practices, Microservices are composable, fine-grained modules which can be independently deployable and scaled both vertically and horizontally. This empowers the development, manageability and speed to the changing market by adapting to Agile methods, DevOps culture, cloud, Linux containers, and Continuous Integration/ Continuous Development methods. This paper will focus on the necessity for this methodology as well as it’s corresponding API security options needed for securing all of the back-end Microservices",,,,,,,,,
triple-148,301,token-based methods,METHOD,IMPROVES,user experience,METRIC,2025,0.95,token-based methods like JWT improve scalability and user experience,unique_normalized_exact_quote_match,ad9fe516be3a3683a7f9b6a7cb4026ab493deb8c,0,An In-Depth Review Of Authentication Mechanisms In Microservice Architectures,abstract,"Authentication in microservice architectures (MSA) is hard because services are spread out. Managing user identities is tricky. Keeping communication between services secure is important. Controlling access to APIs is also complex. It is more challenging than in traditional monolithic systems. The main goal of this study is to review and compare existing authentication mechanisms for microservices to identify effective and scalable solutions. This review uses a structured narrative method, analyzing recent research and technologies such as JSON Web Tokens (JWT), session-based authentication, Single Sign-On (SSO), passwordless, and biometric approaches. The findings show that token-based methods like JWT improve scalability and user experience but are vulnerable to token theft. Session-based systems offer stronger central control but struggle to scale in large networks. Passwordless and SSO solutions enhance usability but still require strong security controls. This review compares different authentication methods clearly. It describes the pros and cons of each system. It also explains how new trends like zero-trust, adaptive, and decentralized authentication may change the future. These trends help make microservice systems more secure and scalable",,,,,,,,,
triple-149,466,proposed architecture,METHOD,USES,Keycloak,TOOL,2026,0.95,"integrating FreeIPA for centralized identity management, Keycloak for federated authentication",unique_normalized_exact_quote_match,22ace70b22f48955ed083a85771451d7a837b602,0,Security Policy Orchestration in SDN–Microservices Environments,abstract,"Securing SDN-microservices environments requires a coherent orchestration of identity, authentication, and authorization policies. This paper proposes an architecture integrating FreeIPA for centralized identity management, Keycloak for federated authentication using OAuth2/OIDC, Open Policy Agent for declarative policy-as-code authorization, and VXLAN for multitenant network segmentation. The proposed approach ensures end-to-end, multi-layer governance, ranging from applicationlevel access control to the orchestration of the SDN control plane via RESTCONF. Experimental validation in a distributed environment demonstrates the effective integration of federated authentication, dynamic policy evaluation based on JWT claims, and network isolation with 0% inter-tenant leakage. The results confirm the feasibility of secure orchestration aligned with Zero Trust principles, providing a modular and extensible solution for cloud-native SDN-microservices infrastructures.",,,,,,,,,
triple-150,791,AI-powered security systems,METHOD,LACKS,high-quality training datasets,DATASET,2025,0.85,limited availability of high-quality training datasets,unique_normalized_exact_quote_match,4b9aeabba3cc181c264c99089be698bd8b8685e0,0,ASSESSING THE POTENTIAL OF USING ARTIFICIAL INTELLIGENCE AND MACHINE LEARNING MODELS TO ENSURE THE SECURITY OF CLOUD ENVIRONMENTS AND AUTOMATED MANAGEMENT SYSTEMS FOR CONTAINERIZED APPLICATIONS,abstract,"Cloud computing and containerized environments have become foundational components of modern IT infrastructure, offering scalability and agility. However, their dynamic nature introduces significant security challenges, including anomalies in traffic, DDoS attacks, hidden crypto mining (cryptojacking), and credential compromise. Traditional signature-based security mechanisms often fail to address these rapidly evolving threats effectively. The objective of this study is to assess the potential of artificial intelligence (AI) and machine learning (ML) in enhancing cloud and container security. Specifically, it explores the effectiveness of AI/ML models for anomaly detection, threat classification, cryptojacking, and DDoS identification, deception-based defenses, and false positive reduction. The methodology involves a structured literature review of key scientific publications from 2023 to 2025. Comparative analysis is conducted on experimental solutions, including hybrid models (XGBoost, CNN, LSTM) in intrusion detection systems; eBPF-based syscalls tracing for container behavior profiling; ML classifiers for vulnerability prioritization in DevSecOps; and active defense platforms combining honeypots and adaptive monitoring loops (MAPE-K). Findings indicate that AI-powered security systems achieve detection accuracies above 99%, reduce false positive rates to around 2%, and enable real-time responsiveness without degrading system performance. Notably, systems that integrate multiple models and utilize low-level data (e.g., syscalls, network patterns) exhibit superior threat identification and resilience. In conclusion, integrating AI into cloud security architectures is essential for ensuring continuous and proactive defense in dynamic infrastructures. The paper also outlines future research challenges, such as the need for explainable AI (XAI), limited availability of high-quality training datasets, and vulnerability to adversarial inputs. The insights are relevant for cybersecurity researchers and practitioners seeking to deploy intelligent defense mechanisms in cloud-native ecosystems.",,,,,,,,,
triple-151,337,"lightweight, preplanned path traversal platform",METHOD,APPLIED_TO,microservices-based system,CONCEPT,2025,0.9,Load testing on a microservices-based system with 750 simultaneous users,unique_normalized_exact_quote_match,639adbbe925620afa7594bfd2cf37b6c344f50e3,0,"Access Microservices with Zero-Knowledge, Path Certainty and Distributed Traceability",abstract,"The widespread adoption of Microservices Architecture (MSA) across industries has amplified trust, privacy, and security challenges. Due to its distributed nature, the growth in data-sharing rate among microservices increases privacy concerns. These are implicit privacy risks that users are unaware of, and they rarely realize when or how their private data has been exposed. For instance, fitness trackers can leak location data via third-party app installation, while photo-sharing apps may expose it through weak APIs. Existing distributed tracing technologies provide runtime monitoring, security solutions that rely on them are retrospective. The massive trace data with excessively redundant traces further complicates real-time threat detection, especially when data can travel beyond the intended destination. Our lightweight, preplanned path traversal platform ensures authentication without exposing private data, monitors service paths, and decentralizes trust. We demonstrate experimentally that the platform enhances privacy protection and guarantees absolute path certainty. Load testing on a microservices-based system with 750 simultaneous users achieved (100 %) accuracy in blocking unauthorized path deviation. Our theoretical analysis confirms robust protection, precise path planning, and effective monitoring-delivering privacy, security, and data integrity.",,,,,,,,,
triple-152,82,three data processing techniques,METHOD,PRODUCES,reliable intrusion detection,CONCEPT,2023,0.95,"These techniques manipulate data collected from active microservice replicas and feed it to algorithms, resulting in reliable intrusion detection even after scaling operations.",unique_normalized_exact_quote_match,c9be4435eb2cdf1dc5e18f473d51848690675487,0,Intrusion Detection for Scalable and Elastic Microservice Applications,abstract,"The growing complexity and dynamicity of microservices, combined with their ability to scale, present significant challenges to security monitoring tools. Integrating these tools into a DevSecOps pipeline is currently impractical, necessitating research into adaptive intrusion detection approaches. This paper introduces three data processing techniques that enable intrusion detection in scalable and elastic microservice applications utilizing CI/CD approaches. These techniques manipulate data collected from active microservice replicas and feed it to algorithms, resulting in reliable intrusion detection even after scaling operations. To evaluate these techniques, we integrate them into a state-of-the-art intrusion detection tool developed for microservice environments. Their effectiveness is evaluated using two lightweight algorithms (STIDE and BoSC) with representative workloads, attacks, and a microservice-based application, demonstrating their ability to detect most attacks, even in scenarios involving multiple replicas.",,,,,,,,,
triple-153,357,SFTSDH,METHOD,COMBINES,Spring Framework,TOOL,2022,0.95,The adopted solution (SFTSDH = SF + TSD + H),unique_normalized_exact_quote_match,22df84590b05ad2688bd961ef25158166b6b2048,0,SFTSDH: Applying Spring Security Framework With TSD-Based OAuth2 to Protect Microservice Architecture APIs,abstract,"The Internet of Medical Things (IoMT) combines medical devices and applications that use network technologies to connect healthcare information systems (HIS). IoMT is reforming the medical industry by adopting information and communication technologies (ICTs). Identity verification, secure collection, and exchange of medical data are essential in health applications. In this study, we implemented a hybrid security solution to secure the collection and management of personal health data using Spring Framework (SF), Services for Sensitive Data (TSD) as a service platform, and Hyper-Text-Transfer-Protocol (HTTP (H)) security methods. The adopted solution (SFTSDH = SF + TSD + H) instigated the following security features: identity brokering, OAuth2, multifactor authentication, and access control to protect the Microservices Architecture Application Programming Interfaces (APIs), following the General Data Protection Regulation (GDPR). Moreover, we extended the adopted security solution to develop a digital infrastructure to facilitate the research and innovation work in the electronic health (eHealth) section, focusing on solution validation with theoretical evaluation and experimental testing. We used a web engineering security methodology to achieve and explain the adopted security solution. As a case study, we designed and implemented electronic coaching (eCoaching) prototype system and deployed the same in the developed infrastructure to securely record and share personal health data. Furthermore, we compared the test results with related studies qualitatively for the efficient evaluation of the implemented security solution. The SFTSDH implementation and configuration in the prototype system have effectively secured the eCoach APIs from an attack in all the considered scenarios. The eCoach prototype with the SFTSDH solution effectively sustained a load of (≈) 1000 concurrent users in the developed digital health infrastructure. In addition, we performed a qualitative comparison among the following security solutions: SF security, third-party security, and SFTSDH, where SFTSDH showed a promising outcome.",,,,,,,,,
triple-154,24,Survey with 74 microservices practitioners,METHOD,EVALUATES_ON,Catalog of 28 microservices security practices,METHOD,2021,0.9,We then ran a survey with 74 microservices practitioners to evaluate the usefulness of these 28 practices.,unique_normalized_exact_quote_match,c3c98df61cc4afeb7e9fc6af6d91c1a43b3bd887,0,An Empirical Study of Security Practices for Microservices Systems,abstract,"Despite the numerous benefits of microservices systems, security has been a critical issue in such systems. Several factors explain this difficulty, including a knowledge gap among microservices practitioners on properly securing a microservices system. To (partially) bridge this gap, we conducted an empirical study. We first manually analyzed 861 microservices security points, including 567 issues, 9 documents, and 3 wiki pages from 10 GitHub open-source microservices systems and 306 Stack Overflow posts concerning security in microservices systems. In this study, a microservices security point is referred to as""a GitHub issue, a Stack Overflow post, a document, or a wiki page that entails 5 or more microservices security paragraphs"". Our analysis led to a catalog of 28 microservices security practices. We then ran a survey with 74 microservices practitioners to evaluate the usefulness of these 28 practices. Our findings demonstrate that the survey respondents affirmed the usefulness of the 28 practices. We believe that the catalog of microservices security practices can serve as a valuable resource for microservices practitioners to more effectively address security issues in microservices systems. It can also inform the research community of the required or less explored areas to develop microservices-specific security practices and tools.",,,,,,,,,
triple-155,436,MicroShieldEHR,TOOL,APPLIED_TO,Hospital Network,CONCEPT,2026,0.85,if our framework is applied to a production environment like that of a typical hospital network,unique_normalized_exact_quote_match,7be5143439b57d938d2934e7f7b2720fa2c7cd12,0,Enhancing Healthcare Systems Security Using Microservices and Zero Trust,abstract,"The goal of this study is to create a scalable and secure system for the healthcare system through the use of a combination of Microservice Architecture (MSA) and Zero Trust Security (ZTS). To do so, we have developed two innovative models: MediTrustNet - A Context-Aware Semantic/Syntactic Trust Assessment Model for preventing medical errors, and MicroShieldEHR - A ZTS-enabled micro-service-based Electronic Health Record (EHR) System. In addition, we simulate a health care environment in order to evaluate the performance of our integrated MediTrustNet and MicroShieldEHR system according to three evaluation criteria (Accuracy, Latency, Decision Quality) that each were constrained to meet the ZTS requirements. Our main contributions include: 1) A dual-layered trust assessment methodology that utilizes Word2Vec and BLEU to assess both the semantic and syntactic aspects of a user's access request in order to reduce medical errors and enhance the accuracy of the user's access; 2) A micro-service based EHR system utilizing Service Mesh, OAuth2, and dynamic policy engines to enforce ZTS at service-level boundaries; 3) A decision engine capable of generating real-time decisions that adhere to relevant legal frameworks (HIPAA, GDPR, AIDA). Our results show a maximum F1 score of 94.2% in determining high-risk requests with an average of only 190 ms of increased latency. The potential to greatly improve the protection of patient health data, the resilience of the system, and compliance with relevant regulations (such as HIPAA and GDPR) is present if our framework is applied to a production environment like that of a typical hospital network.",,,,,,,,,
triple-156,497,fifteen machine/deep learning models,METHOD,APPLIED_TO,manually constructed dataset,DATASET,2021,0.95,"We applied these models on a manually constructed dataset consisting of 4,813 security discussions and 12,464 non-security discussions.",unique_normalized_exact_quote_match,a0eba00e24181e1010b0f3913af128b0b9bf8e21,0,Automated Identification of Security Discussions in Microservices Systems: Industrial Surveys and Experiments,abstract,"Lack of awareness and knowledge of microservices-specific security challenges and solutions often leads to ill-informed security decisions in microservices system development. We claim that identifying and leveraging security discussions scattered in existing microservices systems can partially close this gap. We define security discussion as ""a paragraph from developer discussions that includes design decisions, challenges, or solutions relating to security"". We first surveyed 67 practitioners and found that securing microservices systems is a unique challenge and that having access to security discussions is useful for making security decisions. The survey also confirms the usefulness of potential tools that can automatically identify such security discussions. We developed fifteen machine/deep learning models to automatically identify security discussions. We applied these models on a manually constructed dataset consisting of 4,813 security discussions and 12,464 non-security discussions. We found that all the models can effectively identify security discussions: an average precision of 84.86%, recall of 72.80%, F1-score of 77.89%, AUC of 83.75% and G-mean 82.77%. DeepM1, a deep learning model, performs the best, achieving above 84% in all metrics and significantly outperforms three baselines. Finally, the practitioners' feedback collected from a validation survey reveals that security discussions identified by DeepM1 have promising applications in practice.",,,,,,,,,
triple-157,738,Spring Security,TOOL,ADDRESSES,policy-based security of APIs and data assets,CONCEPT,2020,0.9,Spring Security offering a solid foundation for policy-based security of APIs and data assets,unique_normalized_exact_quote_match,f5ab88e5f1e08dc931c4f7a8693275c93d82ca07,0,Fine-Grained Access Control with Spring Security,abstract,"Spring Security has been studied up to December 2020 for various levels of access control, especially focusing on the precise and contextual ABAC and RBAC models. When used in combination with OAuth2 and JWT, it was possible to implement dynamic distributed security measures via policy-based solutions. These configurations served us well and offer the elasticity necessary in today’s microservices and multi-tenancy applications, with Spring Security offering a solid foundation for policy-based security of APIs and data assets (Di Vimercati et al., 2010).",,,,,,,,,
triple-158,109,two layered policy-driven security mechanism,METHOD,ADDRESSES,weak authentication mechanism or misconfiguration of security policies,CONCEPT,2025,0.95,"To address these issues, we propose two layered policy-driven security mechanism for securing microservices workflow in Kubernetes cluster.",unique_normalized_exact_quote_match,fdd5e416e4555382978ba18cfd599ae95d621fa8,0,A Policy-Driven Approach for Securing Microservices Workflow in Kubernetes Cluster,abstract,"Kubernetes based microservices deployments are increasingly adopted in modern cloud computing environments. However, securing microservices in Kubernetes cluster is critical because they operate in distributed manner across different nodes and each of which gives a potential entry point for attackers due to weak authentication mechanism or misconfiguration of security policies. To address these issues, we propose two layered policy-driven security mechanism for securing microservices workflow in Kubernetes cluster. The first layer employs mutual TLS (mTLS) for secure service-to-service authentication using the Istio service mesh. The second layer introduces workflow-based authorization policy enforced through Open Policy Agent (OPA) Gatekeeper. Experimental results demonstrate that unauthorized access is effectively blocked at the entry point, confirming that the proposed approach establishes a robust, multi-layered security environment for Kubernetes-based microservices.",,,,,,,,,
triple-159,308,trial-level split evaluation,METHOD,PRODUCES,trace structure alone is insufficient,FINDING,2026,0.9,The stricter trial-level results show that trace structure alone is insufficient,unique_normalized_exact_quote_match,5872be65512ef6ea163997ebc7805365296b7ee1,0,Can Graph-Based Microservice Performance Detection Be Used for Microservice Intrusion Detection?,abstract,"Microservice systems expose rich telemetry streams, including metrics, logs, and distributed traces. Existing performance anomaly detection methods increasingly model these systems as graphs, where nodes represent services and edges represent runtime dependencies. This paper asks whether graph-based microservice performance detection can also serve as a foundation for microservice intrusion detection. We deploy a Docker Compose based synthetic e-commerce microservice benchmark, run 50 controlled trials across five attack types under normal workloads, and collect metrics, logs, and distributed traces. Each request trace is converted into a request-level invocation graph with multi-modal node features derived from timestamped logs and per-service performance metrics. As a first baseline, we train a two-layer graph convolutional network for 6-way classification over 21,438 request graphs. The model achieves 96.2% test accuracy with a macro F1 of 0.955 under a graph-level random split. We then conduct modality ablation, trial-level split evaluation, non-graph baseline comparison, runtime analysis, t-SNE visualization, confusion-matrix analysis, and error-case inspection. The stricter trial-level results show that trace structure alone is insufficient, logs and metrics improve detection, and strong flattened baselines currently outperform the shallow graph model on the engineered feature set.",,,,,,,,,
triple-160,731,mixture of experts,METHOD,COMBINES,deep neural models,METHOD,2024,0.95,"proposes to use a mixture of experts, i.e., deep neural models trained on local datasets that are combined",unique_normalized_exact_quote_match,dea68588503b2b3762a7abf4262ddbd078f96b43,0,A Few to Unveil Them All: Leveraging Mixture of Experts on Minimal Data for Detecting Covert Channels in Containerized Cloud Infrastructures,abstract,"Containers are fundamental to pursue the vision of cloud-native applications and implement frameworks taking advantage of the microservice paradigm. Owing to their rapid diffusion, understanding the security posture of containerized deployments is of prime importance. An aspect largely neglected concerns network covert channels, which can be used to implement advanced persistent threats or ex-filtrate sensitive data. Unfortunately, revealing the presence of parasitic information hidden in network traffic is a hard task often clashing with privacy, performance and scalability constraints. Therefore, this paper proposes to use a mixture of experts, i.e., deep neural models trained on local datasets that are combined to enhance the overall detection capabilities. Results obtained by considering covert communications targeting the TTL field of IPv4 traffic collected in realistic settings demonstrated the effectiveness of our approach.",,,,,,,,,
triple-161,8,security strategies,METHOD,ADDRESSES,threats specific to microservices,CONCEPT,2019,0.95,develop security strategies that counter threats specific to microservices,unique_normalized_exact_quote_match,fb3d52bcb2a1ca5b588ce01846d002c12edd713c,0,Security strategies for microservices-based application systems,abstract,"Microservices architecture is increasingly being used to develop application systems since its smaller codebase facilitates faster code development, testing, and deployment as well as optimization of the platform based on the type of microservice, support for independent development teams, and the ability to scale each component independently. Microservices generally communicate with each other using Application Programming Interfaces (APIs), which requires several core features to support complex interactions between a substantial number of components. These core features include authentication and access management, service discovery, secure communication protocols, security monitoring, availability/resiliency improvement techniques (e.g., circuit breakers), load balancing and throttling, integrity assurance techniques during induction of new services, and handling of session persistence. Additionally, the core features could be bundled or packaged into architectural frameworks such as API gateways and service mesh. The purpose of this document is to analyze the multiple implementation options available for each individual core feature and configuration options in architectural frameworks, develop security strategies that counter threats specific to microservices, and enhance the overall security profile of the microservices-based application.",,,,,,,,,
triple-162,193,gateway,TOOL,ADDRESSES,code duplication,CONCEPT,2022,0.85,"To avoid this, there are developed some services - so called gateways",unique_normalized_exact_quote_match,3a3d9cf566e9c29db356bea048e2b97aea1f4ff7,0,Information Security in Microservices Architectures,abstract,"In this paper we investigate how can be provided security of an information system, which uses a microservice architecture. So, using of microservice architecture means that information system can be easily developed, deployed, and tested, but, on the other hand it means that it should be protected differently than the information system using monolith architecture. Firstly, a software architect should decide if each service should be protected separately or should be better to protect the system on the whole. Choosing the right way of protecting is very important, because, in some cases, protection of each service separately is not the best idea, as this could lead to code duplication. This means that, in case of necessity of changes a piece of code or fixing a bug it should be done everywhere this code appears. To avoid this, there are developed some services - so called gateways, which, also, very often have implemented the function of user/client authentication and authorization using protocol OAuth 2.0. Anyway, at each stage of development and implementation of a software product, it is necessary to solve many security related problems, and if it will not be done properly, then the company may incur enormous material losses or even may be closed.",,,,,,,,,
triple-163,67,proposed method,METHOD,ADDRESSES,security smells,CONCEPT,2023,0.95,automatically detect security smells in modeled microservice applications and recommend the refactorings known to resolve the identiﬁed security smells.,unique_normalized_exact_quote_match,b8255053e7a184b814f4ba91f60f2876fc2c59c9,0,"Towards Resolving Security Smells in Microservices, Model-Driven",abstract,": Resolving security issues in microservice applications is crucial, as many IT companies rely on microservices to deliver their core businesses. Security smells denote possible symptoms of such security issues. However, detecting security smells and reasoning on how to resolve them through refactoring is complex and costly, mainly because of the intrinsic complexity of microservice architectures. This paper presents the ﬁrst idea towards supporting a model-driven resolution of microservices’ security smell. The proposed method relies on LEMMA to model microservice applications by suitably extending LEMMA itself to enable the modeling of microservices’ security aspects. The proposed method then enables processing LEMMA models to automatically detect security smells in modeled microservice applications and recommend the refactorings known to resolve the identiﬁed security smells. To assess the feasibility of the proposed method, this paper also introduces a proof-of-concept implementation of the proposed LEMMA-based, automated microservices’ security smell detection and refactoring.",,,,,,,,,
triple-164,288,policy-driven Zero Trust architecture,METHOD,USES,Azure API Management,TOOL,2023,0.95,utilizing Azure API Management for secure exposure and traffic mediation.,unique_normalized_exact_quote_match,90223aef4fdea1a6b02d0576df3a478680af2865,0,Securing .Net Microservices Through Conditional Access and Zero Trust Principles using Azure AD and OAUTH2,abstract,"The increasing adoption of distributed microservices in enterprise applications has amplified the need for robust, identity-centric security frameworks. This thesis presents a policy-driven Zero Trust architecture for securing .NET-based microservices using Azure Active Directory (Azure AD), OAuth 2.0, and Conditional Access. The proposed approach leverages Microsoft Entra ID for centralized identity governance and employs Conditional Access policies to enforce real-time, risk-based access decisions. Fine-grained authorization is achieved through integration with OAuth 2.0 token scopes and claims, ensuring contextual access based on user identity, device compliance, location, and session risk signals. The framework is implemented within a cloud-native .NET Core microservices environment, utilizing Azure API Management for secure exposure and traffic mediation. Telemetry from Microsoft Defender for Cloud and Azure Monitor is integrated to dynamically adapt authorization rules, aligning access decisions with real-time threat intelligence. The system is validated through a series of controlled simulations, demonstrating its effectiveness in minimizing unauthorized access, preventing lateral movement, and reducing the attack surface. This research provides a practical and scalable methodology for implementing Zero Trust principles across modern .NET applications using Microsoft’s identity and cloud security ecosystem..",,,,,,,,,
triple-165,54,REPLICAWATCHER,TOOL,APPLIED_TO,microservices-based environments,CONCEPT,2024,0.95,"We propose a novel, training-less approach to monitoring microservices-based environments. Our system, R EPLI - CA W ATCHER , observes the behavior of identical container instances",unique_normalized_exact_quote_match,c0bcd3e6d71c327fc64950f61f58c4c1b53d9fe5,0,REPLICAWATCHER: Training-less Anomaly Detection in Containerized Microservices,abstract,"—Despite its detection capabilities against previously unseen threats, anomaly detection suffers from critical limitations, which often prevent its deployment in real-world settings. In fact, anomaly-based intrusion detection systems rely on comprehensive pre-established baselines for effectively identifying suspicious activities. Unfortunately, prior research showed that these baselines age and gradually lose their effectiveness over time, especially in dynamic deployments such as microservices-based environments, where the concept of “normality” is frequently redefined due to shifting operational conditions. This scenario reinforces the need for periodic retraining to uphold optimal performance — a process that proves challenging, particularly in the context of security applications. We propose a novel, training-less approach to monitoring microservices-based environments. Our system, R EPLI - CA W ATCHER , observes the behavior of identical container instances (i.e., replicas ) and detects anomalies without requiring prior training. Our key insight is that replicas, adopted for fault tolerance or scalability reasons, execute analogous tasks and exhibit similar behavioral patterns, which allow anomalous containers to stand out as a notable deviation from their corresponding replicas, thereby serving as a crucial indicator of security threats. The results of our experimental evaluation show that our approach is resilient against normality shifts and maintains its effectiveness without the necessity for retraining. Besides, despite not relying on a training phase, R EPLICA W ATCHER performs comparably to state-of-the-art, training-based solutions, achieving an average precision of 91.08% and recall of 98.35%.",,,,,,,,,
triple-166,589,holistic security model,METHOD,COMBINES,OpenID Connect identity layers,METHOD,2025,0.9,"This paper offers a holistic security model that encompasses OAuth 2.0 authorization protocols, OpenID Connect identity layers",unique_normalized_exact_quote_match,a4363faaecabe97b6f820ea61c9240d3415befd0,0,Secure API Gateway Strategies for Financial Institutions Using OAuth2 and Identity Federation,abstract,"Financial​‍​‌‍​‍‌​‍​‌‍​‍‌ institutions are confronted with numerous challenges in maintaining the security of their distributed API ecosystems, as their digital banking platforms continue to evolve on cloud-native microservices architectures. The security measures based on the traditional perimeter fail to provide solutions to issues that arise due to open banking mandates, partner integrations, and multi-channel customer engagement platforms. The existence of fragmented identity systems, static credential vulnerabilities, and overlapping regulatory compliance requirements unveils considerable security holes in the protection of sensitive financial data during API transactions. This paper offers a holistic security model that encompasses OAuth 2.0 authorization protocols, OpenID Connect identity layers, and federation mechanisms to achieve the unification of API gateway architectures. Token-based access control eliminates the use of static credentials with the help of time-limited authorization tokens that carry cryptographically verified claims and detailed permission scopes. Centralized gateway enforcement consolidates security functions, including TLS termination, token validation, threat detection, and policy-based routing across distributed service meshes. Identity federation protocols enable trust establishment with external partner organizations while maintaining organizational autonomy over authentication policies. Context-aware authorization mechanisms adjust security requirements based on transaction risk profiles, geographic locations, and behavioral patterns. Implementation strategies address operational security concerns through automated cryptographic key rotation, least-privilege scope design, comprehensive security monitoring, and regulatory-compliant consent management frameworks. The framework supports strong customer authentication requirements, real-time payment systems, and artificial intelligence-enabled financial services while maintaining scalability for high-volume transaction processing environments.",,,,,,,,,
triple-167,159,Systematic Literature Review,METHOD,USES,McCumber Cube,CONCEPT,2021,0.9,"considering the three possible states of data, according to the McCumber Cube.",unique_normalized_exact_quote_match,d47e4540f9c6aa354c86d9b16399205caf07cf0a,0,Information and Communication Security Mechanisms For Microservices-based Systems,abstract,"Security has become paramount in modern software services as more and more security breaches emerge, impacting final users and organizations alike. Trends like the Microservice Architecture bring new security challenges related to communication, system design, development, and operation. The literature presents a plethora of security-related solutions for microservices-based systems, but the spread of information difficult practitioners' adoption of novel security related solutions. In this study, we aim to present a catalogue and discussion of security solutions based on algorithms, protocols, standards, or implementations; supporting principles or characteristics of information security, considering the three possible states of data, according to the McCumber Cube. Our research follows a Systematic Literature Review, synthesizing the results with a meta-aggregation process. We identified a total of 30 primary studies, yielding 75 security solutions for the communication of microservices.",,,,,,,,,
triple-168,165,microservices architecture,CONCEPT,PRODUCES,security vulnerabilities,CONCEPT,2025,0.9,but its nature of being distributed generated certain specific security issues.,unique_normalized_exact_quote_match,170a224f7c5d42870fbb32213a2c640d45e2961e,0,Securing Microservices: Challenges and Solutions,abstract,"Microservices architecture, described with characteristics of being distributed and loosely coupled, has become popular in recent times for software development. It offers flexibility, scalability, and a fault tolerance that accompanies a different set of security challenges. The introduction of microservices architecture shifted the application development pattern as well as deployment pattern because the monolithic systems were broken down into smaller, independent, and scalable services, but its nature of being distributed generated certain specific security issues. This research paper explores security vulnerabilities related to microservices, analyzes specific problems they raise, and seeks to know the methods and best practices for reducing these threats. Discussed subjects include authentication and authorization, secure communication, data protection, service segregation, monitoring, and incident response. This paper discusses the critical security threats arising with microservices applications and those that include increased attack surface, API security, data protection, and IAM. We discuss the root cause of these weaknesses and then present a feasible approach to combating them. Then we proceed further and involve discussions about security as code and DevSecOps practices and new technologies like blockchain and zero-trust architecture for protecting microservices environments. Organizations can enjoy the benefits of microservices and still keep their applications safe from any kind of threat by identifying these challenges and applying suitable security strategies.",,,,,,,,,
triple-169,755,Fault and Intrusion Tolerance framework,METHOD,IMPROVES,dependability and security properties,CONCEPT,2022,0.85,preserve their core dependability and security properties.,unique_normalized_exact_quote_match,64ea3fef2945f44f29528c7c140d5a251e30a5e3,0,A Fault and Intrusion Tolerance Framework for Containerized Environments: A Specification-Based Error Detection Approach,abstract,"Container-based virtualization has gained momentum over the past few years thanks to its lightweight nature and support for agility. However, its appealing features come at the price of a reduced isolation level compared to the traditional host-based virtualization techniques, exposing workloads to various faults, such as co-residency attacks like container escape. In this work, we propose to leverage the automated management capabilities of containerized environments to derive a Fault and Intrusion Tolerance (FIT) framework based on error detection-recovery and fault treatment. Namely, we aim at deriving a specification-based error detection mechanism at the host level to systematically and formally capture security state errors indicating breaches potentially caused by malicious containers. Although the paper focuses on security side use cases, results are logically extendable to accidental faults. Our aim is to immunize the target environments against accidental and malicious faults and preserve their core dependability and security properties.",,,,,,,,,
triple-170,424,layered Zero-Trust enforcement,METHOD,IMPROVES,security resilience,CONCEPT,2023,0.9,combining layered Zero-Trust enforcement with AI-guided identity risk scoring improves security resilience,unique_normalized_exact_quote_match,ae8846723c582d9b922d68fce2fdd20ab83f2f59,0,A Multi-Layered Zero-Trust Security Framework for Cloud-Native and Distributed Enterprise Systems Using AI-Driven Identity and Access Intelligence,abstract,"Cloud-native and distributed enterprise systems span multi-cloud platforms, Kubernetes-based microservices, SaaS applications, and edge environments, where traditional perimeter-based security assumptions no longer hold. This paper proposes a multi-layered Zero-Trust Security Framework that enforces continuous verification across identities, devices, networks, workloads, and data. The framework is enhanced with AI-driven identity and access intelligence to replace static, rule-based authorization with adaptive, risk-aware policy enforcement. Context is collected from user behavior, device posture, and network conditions, then transformed into risk signals that support continuous authentication and dynamic access decisions. Policy-as-code enables consistent orchestration across ZTNA gateways, API gateways, service meshes, and cloud-native controls, while micro-segmentation limits lateral movement and reduces blast radius under assume-breach conditions. The model integrates with enterprise IAM, PAM, and SIEM to support privileged access governance, centralized auditing, and automated response actions such as step-up MFA, session restriction, or access revocation. In a simulated cloud-native environment using Kubernetes and identity-analytics datasets, the framework demonstrates strong detection effectiveness (94.7% accuracy) with low false positives (3.2%) and practical access latency (1.8 s), outperforming traditional IAM and basic Zero-Trust baselines. The results indicate that combining layered Zero-Trust enforcement with AI-guided identity risk scoring improves security resilience without sacrificing operational scalability in modern enterprise deployments.",,,,,,,,,
triple-171,577,cloud-native systems,CONCEPT,IMPROVES,microservices architectures,CONCEPT,2024,0.9,The development of cloud-native systems has improved the shift towards monolithic to microservices architectures.,unique_normalized_exact_quote_match,4dc7226fe8233804f20571add887a6b7929102ea,0,A Security and Performance Comparative Study of Monolithic and Microservices Architectures in Java Spring Boot Applications with Containerized Distributed Deployment,abstract,"The development of cloud-native systems has improved the shift towards monolithic to microservices architectures. The presented research is a quantitative and qualitative comparative study of the monolithic and microservices architectures applied to the containerized environment (Docker and Kubernetes) using Java spring boot. The performance measurements (latency, throughput, CPU, memory) and security measurements (attack surface, breach containment, trust boundaries) are measured in the study. Result validation is done using statistical tools like t-test, ANOVA, and regression analysis. The results show that whereas monolithic systems are economical on light workloads, microservices systems are more efficient in terms of scale, resiliency, and security isolation when used in a high-load distributed system.",,,,,,,,,
triple-172,575,OAuth2,METHOD,APPLIED_TO,serverless architectures,CONCEPT,2022,0.85,the adaptation of OAuth2 and JWT for emerging technologies like serverless architectures.,unique_normalized_exact_quote_match,e491ab3ee15771ae6bd5a827a7b8b0cf3230f7b0,0,Applying OAuth2 and JWT Protocols in Securing Distributed API Gateways: Best Practices and Case Review,abstract,"The security of distributed systems, particularly in cloud-based environments and microservices architectures, is paramount as organizations increasingly rely on these systems for scalable and efficient operations. This paper explores the implementation of OAuth2 and JWT (JSON Web Tokens) protocols as fundamental components in securing distributed API gateways. OAuth2 offers a robust framework for authorization by decoupling user authentication from application logic, while JWT provides a lightweight and secure method of transmitting authentication information across services. The paper discusses the core components of OAuth2 and JWT, their roles in API security, and the implementation best practices that ensure secure token management, scalability, and fault tolerance. Case studies from cloud-based systems and microservices architectures illustrate real-world applications, highlighting both successes and challenges encountered during deployment. Key findings indicate that while OAuth2 and JWT significantly improve security, challenges such as token expiration management and service-to-service token validation persist. Finally, the paper identifies areas for future research, particularly in the development of enhanced token revocation mechanisms and the adaptation of OAuth2 and JWT for emerging technologies like serverless architectures. The study underscores the importance of these protocols in the evolving landscape of secure API gateway management and their potential to drive secure, scalable digital transformation.",,,,,,,,,
triple-173,140,Snyk,TOOL,ADDRESSES,security vulnerabilities,CONCEPT,2024,0.9,"efficacy of three leading security scanning tools, namely Veracode, Snyk, and Checkmarx, in identifying and remedying security vulnerabilities",unique_normalized_exact_quote_match,202a597eceed719ef4836cd405cde512cdc15b03,0,Microservices Security Vulnerability Remediation approach using Veracode and Checkmarx,abstract,"Abstract — As organizations increasingly adopt microservices architectures for building scalable and resilient applications, ensuring the security of these distributed systems becomes paramount. In this empirical study, we conduct a comprehensive comparative analysis to assess the efficacy of three leading security scanning tools, namely Veracode, Snyk, and Checkmarx, in identifying and remedying security vulnerabilities within microservices applications deployed on the AWS and Azure cloud platforms. The study aims to provide nuanced insights into the performance, usability, and integration capabilities of these tools, offering valuable guidance to organizations striving to fortify their microservices-based infrastructures. By meticulously evaluating scanning capabilities, vulnerability detection accuracy, remediation guidance comprehensiveness, CI/CD pipeline integration proficiency, and overall ease of use, our research sheds light on the relative strengths and weaknesses of each tool in the context of modern cloud-native application security. Through meticulously designed experiments utilizing realistic microservices application scenarios encompassing diverse vulnerability types, including injection attacks, authentication bypasses, and insecure configurations, we present a thorough examination of the tools' capabilities and limitations. The findings from our study contribute to the evolving discourse on microservices security, emphasizing the critical importance of selecting appropriate security scanning solutions tailored to the unique requirements and constraints of cloud-based microservices architectures. By leveraging the insights gleaned from our comparative analysis, organizations can make well-informed decisions regarding tool selection and deployment strategies, thereby bolstering the resilience of their microservices ecosystems against an ever-expanding threat landscape.",,,,,,,,,
triple-174,698,holistic solution for intrusion detection,METHOD,EVALUATES_ON,realistic attack scenarios,DATASET,2026,0.9,"The system is validated using realistic attack scenarios such as network flooding, port scanning, authentication abuse, and privilege escalation on vulnerable containerized services",unique_normalized_exact_quote_match,9043a6160f52d2d40b39dab34a038f441d73cff0,0,C-Shield: LLM-Enhanced Cybersecurity Platform for Intrusion Detection in Kubernetes Clusters,abstract,"A holistic solution for intrusion detection in Kubernetes clusters is presented, combining multi-layer monitoring with selective LLM-based analysis. Statistical and rule-based detectors first identify suspicious activity and selectively trigger on-demand LLM reasoning to estimate threat probability and classify attack behavior, producing natural language explanations. The system is validated using realistic attack scenarios such as network flooding, port scanning, authentication abuse, and privilege escalation on vulnerable containerized services, demonstrating how cross-layer threat indicators and selective LLM reasoning support accurate security incident interpretation.",,,,,,,,,
triple-175,729,"dual-workflow, cloud-native architecture",METHOD,USES,Kubernetes,TOOL,2025,0.85,"blueprint for orchestrating the framework as a containerized, microservice-based cluster using platforms like Kubernetes",unique_normalized_exact_quote_match,0cc0881a21c14ff1295640ea8e6ea6fdbc07e155,0,"A Framework for ML-Based Intrusion Detection and Prevention: A Containerized, Cloud-Native Approach",abstract,"The operational deployment of machine learning (ML) based security systems in production cloud environments remains a significant challenge, often hindered by a disconnect between offline training and real-time inference known as train-serve skew. This paper presents a novel, dual-workflow, cloud-native architecture for an Intrusion Detection and Prevention System (IDPS) that bridges this gap. Our architecture builds upon a flexible ML framework from foundational research, which was validated in an offline-only proof-of-concept. The primary contributions of this paper are twofold: first, we provide a complete blueprint for orchestrating the framework as a containerized, microservice-based cluster using platforms like Kubernetes. Second, we introduce a minimal-overhead online workflow that uses high-performance, kernel-level probes and a real-time agent to replicate the feature-rich vectors required for accurate detection, thus solving the train-serve skew problem. This dual-workflow design separates low-latency real-time detection from deep offline analysis, which leverages the foundational two-stage ML pipeline and context-aware capture tools. This work provides a validated blueprint for an effective IDPS that achieves the scalability, resilience, and maintainability required for a modern cloud security service.",,,,,,,,,
triple-176,359,SFTSDH,METHOD,USES,OAuth2,METHOD,2022,0.95,"The adopted solution (SFTSDH = SF + TSD + H) instigated the following security features: identity brokering, OAuth2, multifactor authentication",unique_normalized_exact_quote_match,22df84590b05ad2688bd961ef25158166b6b2048,0,SFTSDH: Applying Spring Security Framework With TSD-Based OAuth2 to Protect Microservice Architecture APIs,abstract,"The Internet of Medical Things (IoMT) combines medical devices and applications that use network technologies to connect healthcare information systems (HIS). IoMT is reforming the medical industry by adopting information and communication technologies (ICTs). Identity verification, secure collection, and exchange of medical data are essential in health applications. In this study, we implemented a hybrid security solution to secure the collection and management of personal health data using Spring Framework (SF), Services for Sensitive Data (TSD) as a service platform, and Hyper-Text-Transfer-Protocol (HTTP (H)) security methods. The adopted solution (SFTSDH = SF + TSD + H) instigated the following security features: identity brokering, OAuth2, multifactor authentication, and access control to protect the Microservices Architecture Application Programming Interfaces (APIs), following the General Data Protection Regulation (GDPR). Moreover, we extended the adopted security solution to develop a digital infrastructure to facilitate the research and innovation work in the electronic health (eHealth) section, focusing on solution validation with theoretical evaluation and experimental testing. We used a web engineering security methodology to achieve and explain the adopted security solution. As a case study, we designed and implemented electronic coaching (eCoaching) prototype system and deployed the same in the developed infrastructure to securely record and share personal health data. Furthermore, we compared the test results with related studies qualitatively for the efficient evaluation of the implemented security solution. The SFTSDH implementation and configuration in the prototype system have effectively secured the eCoach APIs from an attack in all the considered scenarios. The eCoach prototype with the SFTSDH solution effectively sustained a load of (≈) 1000 concurrent users in the developed digital health infrastructure. In addition, we performed a qualitative comparison among the following security solutions: SF security, third-party security, and SFTSDH, where SFTSDH showed a promising outcome.",,,,,,,,,
triple-177,85,BoSC,METHOD,EVALUATES_ON,microservice-based application,CONCEPT,2023,0.9,"Their effectiveness is evaluated using two lightweight algorithms (STIDE and BoSC) with representative workloads, attacks, and a microservice-based application",unique_normalized_exact_quote_match,c9be4435eb2cdf1dc5e18f473d51848690675487,0,Intrusion Detection for Scalable and Elastic Microservice Applications,abstract,"The growing complexity and dynamicity of microservices, combined with their ability to scale, present significant challenges to security monitoring tools. Integrating these tools into a DevSecOps pipeline is currently impractical, necessitating research into adaptive intrusion detection approaches. This paper introduces three data processing techniques that enable intrusion detection in scalable and elastic microservice applications utilizing CI/CD approaches. These techniques manipulate data collected from active microservice replicas and feed it to algorithms, resulting in reliable intrusion detection even after scaling operations. To evaluate these techniques, we integrate them into a state-of-the-art intrusion detection tool developed for microservice environments. Their effectiveness is evaluated using two lightweight algorithms (STIDE and BoSC) with representative workloads, attacks, and a microservice-based application, demonstrating their ability to detect most attacks, even in scenarios involving multiple replicas.",,,,,,,,,
triple-178,621,decentralized authorization enforcement,METHOD,PRODUCES,inconsistent security policies,FINDING,2024,0.85,decentralized authorization enforcement at each microservice entry point may lead to inconsistent security policies.,unique_normalized_exact_quote_match,39acaaaf4129b1870396b3bcda609c74c034292f,0,SOFTWARE MIGRATION FROM MONOLITHIC ARCHITECTURE TO MICROSERVICES ARCHITECTURE AS A WAY OF PROTECTING CRM SYSTEMS,abstract,"The study of this work was focused on the process of protecting CRM systems in the conditions of the transition of software, which is the main part of CRM systems from a monolithic architecture to an architecture based on microservices. This article explores a migration strategy using the Strangler Fig pattern that facilitates the incremental adoption of microservices while maintaining compatibility with the existing monolith. A key aspect of a migration strategy is choosing a framework, such as the Framework for Microservices Migrations (FMM), that standardizes development practices and helps decompose monoliths into manageable components. Communication between microservices and the monolith is facilitated through a REST API that ensures seamless interaction. The integration of microservices is achieved through the implementation of DTOs (Data Transfer Objects) and API gateways, which ensures smooth data exchange between components. The article emphasizes the importance of dependency and configuration management in microservices, emphasizing the need for encapsulation and autonomy. In addition, the research examines the use of Curcuit Breaker patterns to effectively handle failures and maintain system stability during the migration process. Microservices, implemented as APIs, demand robust authentication methods such as cryptographic API keys and tokens. Security Assertion Markup Language (SAML) or OpenID with OAuth 2.0 are suggested solutions to enhance data security. Centralized architecture for authorization policies is crucial to regulate access across all microservices, while standardized token-based authentication ensures platform-neutral interoperability. However, decentralized authorization enforcement at each microservice entry point may lead to inconsistent security policies. Moreover, access to APIs handling confidential data necessitates authentication tokens with digital signatures or from trusted sources. Access control policies should be meticulously defined and enforced, with considerations for token expiration and scope limitations. The abstract underscores the significance of centralized access management and the challenges posed by anonymous connections bypassing API gateways.",,,,,,,,,
triple-179,433,MediTrustNet,METHOD,ADDRESSES,Medical Errors,CONCEPT,2026,0.95,MediTrustNet - A Context-Aware Semantic/Syntactic Trust Assessment Model for preventing medical errors,unique_normalized_exact_quote_match,7be5143439b57d938d2934e7f7b2720fa2c7cd12,0,Enhancing Healthcare Systems Security Using Microservices and Zero Trust,abstract,"The goal of this study is to create a scalable and secure system for the healthcare system through the use of a combination of Microservice Architecture (MSA) and Zero Trust Security (ZTS). To do so, we have developed two innovative models: MediTrustNet - A Context-Aware Semantic/Syntactic Trust Assessment Model for preventing medical errors, and MicroShieldEHR - A ZTS-enabled micro-service-based Electronic Health Record (EHR) System. In addition, we simulate a health care environment in order to evaluate the performance of our integrated MediTrustNet and MicroShieldEHR system according to three evaluation criteria (Accuracy, Latency, Decision Quality) that each were constrained to meet the ZTS requirements. Our main contributions include: 1) A dual-layered trust assessment methodology that utilizes Word2Vec and BLEU to assess both the semantic and syntactic aspects of a user's access request in order to reduce medical errors and enhance the accuracy of the user's access; 2) A micro-service based EHR system utilizing Service Mesh, OAuth2, and dynamic policy engines to enforce ZTS at service-level boundaries; 3) A decision engine capable of generating real-time decisions that adhere to relevant legal frameworks (HIPAA, GDPR, AIDA). Our results show a maximum F1 score of 94.2% in determining high-risk requests with an average of only 190 ms of increased latency. The potential to greatly improve the protection of patient health data, the resilience of the system, and compliance with relevant regulations (such as HIPAA and GDPR) is present if our framework is applied to a production environment like that of a typical hospital network.",,,,,,,,,
triple-180,509,Ab-HIDS,METHOD,EVALUATES_ON,Leipzig Intrusion Detection Data Set (LID-DS),DATASET,2024,0.98,"The proposed system is evaluated using the Leipzig Intrusion Detection Data Set (LID‐DS), demonstrating substantial performance compared to existing state‐of‐the‐art methods.",unique_normalized_exact_quote_match,6bc01158cf9d3d012f9ea74688034c6c0a0aafe9,0,Ab‐HIDS: An anomaly‐based host intrusion detection system using frequency of N‐gram system call features and ensemble learning for containerized environment,abstract,"Cloud's operating‐system‐level virtualization has introduced a new phase of lightweight virtualization through containers. The architecture of cloud‐native and microservices‐based application development strongly advocates for the use of containers due to their swift and convenient deployment capabilities. However, the security of applications within containers is important, as malicious or vulnerable content could jeopardize the container and the host system. This vulnerability also extends to neighboring containers and may compromise data integrity and confidentiality. The article focuses on developing an intrusion detection system tailored to containerized cloud environments by identifying system call analysis techniques and also proposes an anomaly‐based host intrusion detection system (Ab‐HIDS). This system employs the frequency of N‐grams system calls as distinctive features. To enhance performance, two ensemble learning models, namely voting‐based ensemble learning and XGBoost ensemble learning, are employed for training and testing the data. The proposed system is evaluated using the Leipzig Intrusion Detection Data Set (LID‐DS), demonstrating substantial performance compared to existing state‐of‐the‐art methods. Ab‐HIDS is validated for class imbalance using the imbalance ratio and synthetic minority over‐sampling technique methods. Our system achieved significant improvements in detection accuracy with 4% increase for the voting‐based ensemble model and 6% increase for the XGBoost ensemble model. Additionally, we observed reductions in the false positive rate by 0.9% and 0.8% for these models, respectively, compared to existing state‐of‐the‐art methods. These results illustrate the potential of our proposed approach in improving security measures within containerized environments.",,,,,,,,,
triple-181,600,Zero-Trust Agent Gateway,METHOD,USES,mutual TLS,METHOD,2024,0.95,ZTAG enforces mutual TLS for all agent-to-platform and agent-to-agent communication,unique_normalized_exact_quote_match,ffa18e986782143ae40fde1caa5136964eab180c,0,Zero-Trust Agent Gateway: Identity-Centric Access Control for Multi-Actor AI Ecosystems Aligned with SASE Principles,abstract,"Contemporary AI agent platforms operate across hostile multi-actor environments in which traditional perimeter-based security controls offer inadequate protection. Agents, KOL accounts, brand wallets, and third-party protocol integrations form a distributed trust surface that cannot be defended by network boundary assumptions. This paper presents the Zero-Trust Agent Gateway (ZTAG), an identity-centric access control architecture for AI agent platforms aligned with Secure Access Service Edge (SASE) principles. ZTAG enforces mutual TLS for all agent-to-platform and agent-to-agent communication, assigns cryptographically verifiable workload identities using SPIFFE/SPIRE, and implements fine-grained Role-Based and Attribute-Based Access Control (RBAC/ABAC) across a microservice mesh. Continuous context verification evaluates trust posture at every request boundary rather than at session establishment, eliminating implicit trust accumulation. We present the ZTAG architecture, its integration with SASE policy enforcement points at the network edge, and a formal security analysis demonstrating resistance to the principal threat classes identified by NIST SP 800-207. An empirical evaluation on a production-representative service mesh of 18 microservices shows that ZTAG adds a median overhead of 4.2 ms per inter-service request, well within acceptable latency budgets for synchronous API calls, while reducing the mean time to contain a lateral movement incident from 47 minutes to under 6 minutes in tabletop exercises.",,,,,,,,,
triple-182,281,End-to-end security pattern for IAM domain,METHOD,COMBINES,External Secrets Operator,TOOL,2026,0.9,"This pattern is formed by combining several technologies (PKCE, mTLS‚ Vault PKI‚ External Secrets Operator‚ and Liquibase) into a single model",unique_normalized_exact_quote_match,b59f406a655bf959c3df50b3dc4abb21b60e944b,0,"Designing Secure Microservices on Kubernetes: An Architectural Deep Dive into OAuth2, PKCE, Keycloak, Vault, and LDAP",abstract,"The article examines an architectural model for securing microservice systems in a Kubernetes environment, integrating mechanisms for federated authentication, secrets management, network isolation, and secure data evolution, leveraging OAuth 2.1, PKCE, Keycloak, Vault, and LDAP. This is motivated by the increasing attack surface of cloud‑native environments, exacerbated by container ephemerality, flat cluster networking, and fragmented access domains. In such environments, a compromised container can attack other services, steal credentials, and intercept traffic․ The paper thus seeks to develop and validate an integrated architectural approach to secure the Kubernetes microservice ecosystem under the Zero Trust security model․ The main contribution of the article is formalizing an end-to-end security pattern for the IAM domain․ This pattern is formed by combining several technologies (PKCE, mTLS‚ Vault PKI‚ External Secrets Operator‚ and Liquibase) into a single model․ It is concluded that the combination of an API Gateway, Keycloak with LDAP, short-lived secrets, and separated privileges for applications and migrations reduces the risk of token interception, secret leakage, and lateral movement within the cluster at an acceptable infrastructure cost. The article will be useful for IT architects, DevSecOps engineers, information security specialists, and cloud platform developers.",,,,,,,,,
triple-183,375,Hierarchical Trust RBAC,METHOD,ADDRESSES,unauthorized access,CONCEPT,2021,0.9,Hierarchical Trust RBAC: HT-RBAC) for microservice security managers is proposed for leveraging threats of unauthorized access to sensitive information,unique_normalized_exact_quote_match,1f8acfefbdaca20fc15c65d88186e5a5880c8407,0,HT-RBAC: A Design of Role-based Access Control Model for Microservice Security Manager,abstract,"For transitioning to a decentralized system, a microservices platform has become popular in today software development due to its lightweight mechanisms. However, increasing the number of services results in a challenge to maintain the security of access control. The more attack surfaces can bring security and privacy risk via sensitive data. Therefore, a chain of trust domains was introduced to solve this problem. The extended Role-Based Access Control model (Hierarchical Trust RBAC: HT-RBAC) for microservice security managers is proposed for leveraging threats of unauthorized access to sensitive information and identity verification across all environments in application container solutions. This paper proposes using an HT-RBAC to authenticate, authorize, and identify user’s access control via API-Gateway. A prototype system integrated with OAuth 2.0 authentication server is implemented for empirical study. The results report that the approach provides faster and more flexible access to information in addition to improving incident response time.",,,,,,,,,
triple-184,322,signature rules,METHOD,LACKS,zero-day behaviors,CONCEPT,2026,0.85,exposed zero-day behaviors that signature rules missed,unique_normalized_exact_quote_match,08487f09bd230f5950c7a0b1529a6d4d822c3cc0,0,From Reactive to Predictive: Lessons Learned in Cloud Microservice Security,abstract,"Security for cloud-native microservices can no longer rely on after-the-fact patching and incident response. Highly distributed services expand the attack surface and compress the time from intrusion to impact, overwhelming traditional monitoring. This paper distills lessons from moving to a predictive posture in cloud-native environments. By continuously analyzing logs, traces, and network flows across services, organizations can flag weak signals of misuse, surface likely attack paths, and act before impact. In practice, this has improved detection precision, shortened response, and exposed zero-day behaviors that signature rules missed—while also reducing alert noise for operators.We outline design patterns that proved effective: end-to-end telemetry, risk-based scoring of service behaviors, automated guardrails for high-risk changes, and feedback loops that validate detections against production reality. The result is a security program that prioritizes prevention, contains blast radius quickly, and remains cloud-agnostic across diverse platforms. These lessons offer a pragmatic blueprint for hardening microservices as threats grow faster and more complex.",,,,,,,,,
triple-185,273,zero-trust security architecture,METHOD,IMPROVES,mean time to detection,METRIC,2026,0.9,significant reductions in unauthorized access attempts and a mean time to detection of security incidents,unique_normalized_exact_quote_match,6e2a1c38e17e6de57e66e9d2b5fc1194184ff4f5,0,Zero-Trust Security Architecture for Multi-Tenant Cloud Applications,abstract,"As enterprises migrate workloads to cloud environments, enforcing comprehensive security across multi-tenant architectures is increasingly complex, with challenges that traditional perimeter-based defenses cannot handle effectively. This article proposes a complete zero-trust security architecture specifically designed for multi-tenant Software-as-a-Service systems built on ASP.NET Core microservices, OAuth 2.0 identity frameworks, and Kubernetes orchestration platforms. Traditional implicit trust assumptions are removed by continuously verifying users and devices and application programming interfaces via a sophisticated dynamic trust-scoring engine that assesses contextual parameters such as IP address reputation, session entropy characteristics, behavioral analytics patterns, device posture attributes, and real-time threat intelligence feeds. A metadata-driven security policy engine integrates seamlessly with Kubernetes-based service mesh technologies that allow fine-grained microsegmentation and adaptive access control responding dynamically to changing risk profiles. The proposed architecture was rigorously evaluated across three distinct enterprise-grade workloads: customer relationship management systems, e-commerce platforms, and healthcare data management applications. It demonstrated substantial improvement in security effectiveness through significant reductions in unauthorized access attempts and a mean time to detection of security incidents when compared to traditional perimeter-based models and semi-modern security implementations. This framework enhances real-time visibility into security events, aligns compliance more easily with regulatory requirements, and accomplishes meaningful attack surface reduction through comprehensive defense-in-depth strategies. This article further advances the practical adoption of zero-trust principles by introducing a scalable metadata-driven architectural approach that maintains compatibility with modern continuous integration and continuous deployment pipelines and DevSecOps automation practices, thus letting organizations realize robust security controls without sacrificing development velocity or operational agility.",,,,,,,,,
triple-186,103,machine learning techniques,METHOD,APPLIED_TO,microservice scenario,CONCEPT,2023,0.85,evaluation of machine learning techniques for intrusion detection in a microservice scenario,unique_normalized_exact_quote_match,48a956f86a7505177d4f651644122259251fd493,0,Evaluation of Machine Learning for Intrusion Detection in Microservice Applications,abstract,"Microservices have thrived recently as an approach for service design, development, and delivery. It provides several benefits to the systems as an architecture, such as faster delivery, improved scalability, and greater autonomy. Although microservice architectures are popular, security characteristics of these architectures impair the deployment of security, such as sizable attack surface, network complexity, heterogeneity, and others. For years, intrusion detection has been a practical security approach for many applications. Recently, machine learning provided improved functionality for intrusion detection systems with exciting results in overall tests. This paper presents the evaluation of machine learning techniques for intrusion detection in a microservice scenario. System call data was collected from containers simulating microservice applications; these containers were submitted to attacks that exploited different vulnerabilities. The data was used to train and test machine learning techniques, and the test results provided us with exciting possibilities for this approach. Some of the tested attacks were very well detected by the techniques, while some were not, attesting that machine-learning-based intrusion detection is usable in this environment. However, to enhance detection, it is required to improve data processing and representation for this type of scenario.",,,,,,,,,
triple-187,558,container security framework,METHOD,EVALUATES_ON,XXXX,DATASET,2025,0.85,"We introduce a custom dataset named XXXX, which capture container captures system call sequences behavior in micro-services containers and simulated attacks.",unique_normalized_exact_quote_match,7a6ffced6c93e71105477ca0ad7c3dd9fb22d5fa,0,Enhancing Virtualization Security Through System Call-Based Anomaly Detection in Containers,abstract,"In the current era of micro-services, containerized applications face unprecedented security challenges due to shared kernels and limited isolation. This research proposes a container security framework based on monitoring system call sequences to detect anomalies in micro-service containers. We introduce a custom dataset named XXXX, which capture container captures system call sequences behavior in micro-services containers and simulated attacks. The framework includes real-time system call monitors, parsers, dashboards, and an unsupervised anomaly detection model using unsupervised learning with autoencoders to enhance the detection capability of unknown vulnerabilities. It leverages containerization benefits-simplicity, scalability, and automation. Our evaluation emphasizes false alarm rate and average detection time. Results show that the attack detection performance of most containers meets expectations, though the detection time of one subset had slightly longer detection time due to the intrinsic complexity of vulnerabilities. This work offers valuable insights for improving container security in microservice systems.",,,,,,,,,
triple-188,498,DeepM1,METHOD,IMPROVES,three baselines,METHOD,2021,0.95,"DeepM1, a deep learning model, performs the best, achieving above 84% in all metrics and significantly outperforms three baselines.",unique_normalized_exact_quote_match,a0eba00e24181e1010b0f3913af128b0b9bf8e21,0,Automated Identification of Security Discussions in Microservices Systems: Industrial Surveys and Experiments,abstract,"Lack of awareness and knowledge of microservices-specific security challenges and solutions often leads to ill-informed security decisions in microservices system development. We claim that identifying and leveraging security discussions scattered in existing microservices systems can partially close this gap. We define security discussion as ""a paragraph from developer discussions that includes design decisions, challenges, or solutions relating to security"". We first surveyed 67 practitioners and found that securing microservices systems is a unique challenge and that having access to security discussions is useful for making security decisions. The survey also confirms the usefulness of potential tools that can automatically identify such security discussions. We developed fifteen machine/deep learning models to automatically identify security discussions. We applied these models on a manually constructed dataset consisting of 4,813 security discussions and 12,464 non-security discussions. We found that all the models can effectively identify security discussions: an average precision of 84.86%, recall of 72.80%, F1-score of 77.89%, AUC of 83.75% and G-mean 82.77%. DeepM1, a deep learning model, performs the best, achieving above 84% in all metrics and significantly outperforms three baselines. Finally, the practitioners' feedback collected from a validation survey reveals that security discussions identified by DeepM1 have promising applications in practice.",,,,,,,,,
triple-189,50,Microservices,METHOD,USES,Agile methods,METHOD,2018,0.9,"by adapting to Agile methods, DevOps culture, cloud, Linux containers, and Continuous Integration/ Continuous Development methods",unique_normalized_exact_quote_match,e5188350d3c9a3958c766fd15a5d7f881e7a6b77,0,Microservices API Security,abstract,"—Microservices have become the hot term since 2014. This particular programming methodology involves an architectural approach that emphasizes the decomposition of applications into single purpose, with implementation via the Rest API. A new software development style that has grown from recent trends in software development/management practices, Microservices are composable, fine-grained modules which can be independently deployable and scaled both vertically and horizontally. This empowers the development, manageability and speed to the changing market by adapting to Agile methods, DevOps culture, cloud, Linux containers, and Continuous Integration/ Continuous Development methods. This paper will focus on the necessity for this methodology as well as it’s corresponding API security options needed for securing all of the back-end Microservices",,,,,,,,,
triple-190,208,datasets,DATASET,IMPROVES,advanced detection algorithms,METHOD,2025,0.85,"By offering these datasets, we aim to facilitate the development of advanced detection algorithms",unique_normalized_exact_quote_match,3a822bd68c45ae2a3de7a137553a5f9b52491b0a,0,A Benchmark for DDoS Attacks Detection in Microservice Architectures,abstract,"Microservices have become increasingly popular in modern software architectures due to their scalability and flexibility. However, this architectural paradigm introduces unique security challenges, particularly in the detection and mitigation of cyberattacks. This paper presents a collection of datasets designed to benchmark and evaluate attack detection strategies in microservices applications. The datasets include normal and malicious traffic patterns simulating real-world scenarios and attacks, such as classic DDoS, Slow DDoS, Syn Flood, GET Flood. Data was collected from experiments with a popular benchmark microservice system with diverse services interacting via standard protocols and API gateways. Each entry is labeled to distinguish between benign and malicious activities, providing a robust foundation for training and evaluating machine learning models aimed at intrusion detection. In addition to raw data, the dataset includes metadata detailing the configuration of microservices, the nature of simulated attacks, and the temporal sequence of events. This level of detail ensures that researchers and practitioners can reproduce experiments and gain deeper insights into the behavior of attacks in microservice contexts. By offering these datasets, we aim to facilitate the development of advanced detection algorithms and promote more effective security measures in microservice environments.",,,,,,,,,
triple-191,465,proposed architecture,METHOD,USES,FreeIPA,TOOL,2026,0.95,This paper proposes an architecture integrating FreeIPA for centralized identity management,unique_normalized_exact_quote_match,22ace70b22f48955ed083a85771451d7a837b602,0,Security Policy Orchestration in SDN–Microservices Environments,abstract,"Securing SDN-microservices environments requires a coherent orchestration of identity, authentication, and authorization policies. This paper proposes an architecture integrating FreeIPA for centralized identity management, Keycloak for federated authentication using OAuth2/OIDC, Open Policy Agent for declarative policy-as-code authorization, and VXLAN for multitenant network segmentation. The proposed approach ensures end-to-end, multi-layer governance, ranging from applicationlevel access control to the orchestration of the SDN control plane via RESTCONF. Experimental validation in a distributed environment demonstrates the effective integration of federated authentication, dynamic policy evaluation based on JWT claims, and network isolation with 0% inter-tenant leakage. The results confirm the feasibility of secure orchestration aligned with Zero Trust principles, providing a modular and extensible solution for cloud-native SDN-microservices infrastructures.",,,,,,,,,
triple-192,545,scientific literature surveys,CONCEPT,LACKS,analysis on the fault and vulnerability coverage,CONCEPT,2025,0.85,most of them lack analysis on the fault and vulnerability coverage that is introduced by microservice architectures.,unique_normalized_exact_quote_match,bca61ccc246f39eea38a00b72e768769b88760fe,0,SoK: Microservice Architectures from a Dependability Perspective,abstract,"The microservice software architecture leverages the idea of splitting large monolithic applications into multiple smaller services that interact using lightweight communication schemes. While the microservice architecture has proven its ability to support modern business applications, it also introduces new possible weak points in a system. Some scientific literature surveys have already addressed fault tolerance or security concerns but most of them lack analysis on the fault and vulnerability coverage that is introduced by microservice architectures. We explore the known faults and vulnerabilities that microservice architecture might suffer from, and the recent scientific literature that addresses them. We emphasize runtime detection and recovery mechanisms instead of offline prevention and mitigation mechanisms to limit the scope of this document.",,,,,,,,,
triple-193,166,zero-trust architecture,METHOD,APPLIED_TO,microservices environments,CONCEPT,2025,0.9,zero-trust architecture for protecting microservices environments.,unique_normalized_exact_quote_match,170a224f7c5d42870fbb32213a2c640d45e2961e,0,Securing Microservices: Challenges and Solutions,abstract,"Microservices architecture, described with characteristics of being distributed and loosely coupled, has become popular in recent times for software development. It offers flexibility, scalability, and a fault tolerance that accompanies a different set of security challenges. The introduction of microservices architecture shifted the application development pattern as well as deployment pattern because the monolithic systems were broken down into smaller, independent, and scalable services, but its nature of being distributed generated certain specific security issues. This research paper explores security vulnerabilities related to microservices, analyzes specific problems they raise, and seeks to know the methods and best practices for reducing these threats. Discussed subjects include authentication and authorization, secure communication, data protection, service segregation, monitoring, and incident response. This paper discusses the critical security threats arising with microservices applications and those that include increased attack surface, API security, data protection, and IAM. We discuss the root cause of these weaknesses and then present a feasible approach to combating them. Then we proceed further and involve discussions about security as code and DevSecOps practices and new technologies like blockchain and zero-trust architecture for protecting microservices environments. Organizations can enjoy the benefits of microservices and still keep their applications safe from any kind of threat by identifying these challenges and applying suitable security strategies.",,,,,,,,,
triple-194,495,Microservices-based edge computing framework,METHOD,PRODUCES,secure AI-based applications,METHOD,2023,0.9,We also propose a Microservices-based edge computing framework that provides secure edge AI algorithms as Microservices utilizing the containerization technology to offer automated and secure AI-based applications at the network edge.,unique_normalized_exact_quote_match,514a96af287ab19a399479f91ae91a28b1593c5c,0,AI-Enabled Secure Microservices in Edge Computing: Opportunities and Challenges,abstract,"The paradigm of edge computing has formed an innovative scope within the domain of the Internet of Things (IoT) through expanding the services of the cloud to the network edge to design distributed architectures and securely enhance decision-making applications. Due to the heterogeneous, distributed and resource-constrained essence of edge Computing, edge applications are required to be developed as a set of lightweight and interdependent modules. As this concept aligns with the objectives of microservice architecture, effective implementation of microservices-based edge applications within IoT networks has the prospective of fully leveraging edge nodes capabilities. Deploying microservices at IoT edge faces plenty of challenges associated with security and privacy. Advances in Artificial Intelligence (AI) (especially Machine Learning), and the easy access to resources with powerful computing providing opportunities for deriving precise models and developing different intelligent applications at the edge of network. In this study, an extensive survey is presented for securing edge computing-based AI Microservices to elucidate the challenges of IoT management and enable secure decision-making systems at the edge. We present recent research studies on edge AI and microservices orchestration and highlight key requirements as well as challenges of securing Microservices at IoT edge. We also propose a Microservices-based edge computing framework that provides secure edge AI algorithms as Microservices utilizing the containerization technology to offer automated and secure AI-based applications at the network edge.",,,,,,,,,
triple-195,635,Depth-Bounded Semantic Rate Limiting (DBSRL),METHOD,COMBINES,query depth and semantic complexity,METRIC,2022,0.9,DBSRL considers query depth and semantic complexity based on resolver execution patterns and service dependencies.,unique_normalized_exact_quote_match,0ba3efc9d8f2304abf7c1daa125b1d5e8a5faf97,0,Mitigating Algorithmic Complexity Attacks in Federated GraphQL Architectures: A Depth-Bounded Semantic Rate Limiting Approach for Open Banking,abstract,"This swift financial services digitization has given rise to the open banking ecosystems which are powered by the contemporary API architecture. GraphQL has become very popular among them since it is flexible, data retrieval can be made efficient, and integrating multiple microservices into one unity can be achieved. The additional advantages of federated GraphQL are that such architectures support the use of distributed compositional services, such that independent development teams create scalable services that interoperate well with a single API gateway. Nevertheless, the security issues that are posed by this architectural paradigm are new, especially by the attacks associated with algorithmic complexity. The attacks are possible because the computational cost of deeply nested or semantically expensive GraphQL queries can be used to exhaust server resources in denial-of-service conditions. The difference between algorithmic complexity attacks and traditional volumetric attacks is that the attacks are not based on the volume of request. Rather, attackers construct a small set of queries that invoke computations which are computationally expensive like recursive field resolutions, cross-services joins, and graph deep traversal. Such attacks are more harmful in federated GraphQL environments deployed in open banking settings since the query can spread to several back-end services, increasing the computing costs. As a result, the few malicious queries can slow down the performance of the systems and undermine the availability of services. The current mitigation measures usually are based on either fixed query depths, query cost metrics, or conventional rate control methods. These strategies offer certain defence, but they are limited in a number of ways. The use of static depth limiting is known to block legitimate complex queries may be needed in financial analytics. Systems of query cost estimation are challenging to tune on a microservice distributed system. Traditional rate limiting schemes are more concerned with the frequency of requests as opposed to the computation complexity. Due to this, attackers are able to compromise such defenses by making low-frequency, but Poisson queries. In order to overcome these challenges, the current paper suggests an innovative conceptual security framework, namely, Depth-Bounded Semantic Rate Limiting (DBSRL). The suggested approach integrates the analysis of the structure of queries with the semantic interpretation of query implementation cost to dynamically manage API access. Differing with the traditional methods where the syntactic depth is only used, DBSRL considers query depth and semantic complexity based on resolver execution patterns and service dependencies.",,,,,,,,,
triple-196,64,anomaly detection,METHOD,EVALUATES_ON,password guessing attack,CONCEPT,2021,0.85,This approach is evaluated using a password guessing attack.,unique_normalized_exact_quote_match,8701b69157ad4e20d160586ba1ce9a840d8fd947,0,Detecting Cyber Security Attacks against a Microservices Application using Distributed Tracing,abstract,"Microservices are emerging as the dominant software design architecture for many different applications, and cyber attacks are targeting more software organisations every day. Newer techniques for detecting cyber intrusions against such applications are in high demand. Application functionality that is executed within a microservices application can be monitored and logged using distributed tracing. Distributed tracing is normally used for performance management of microservices applications. In this paper, we used distributed tracing for detecting cyber-security attacks. Each microservice call, or sequence of calls, executed in response to a request by an end user of the application is logged as a trace. Anomaly detection is a means of detecting irregular or unusual events or patterns in a data set that occur to a greater or a lesser degree than the majority of the data. In this paper, we present initial work that identifies anomalous distributions of traces. A frequency distribution of traces is obtained from normal data and traffic is identified as an anomaly candidate if it differs sufficiently from the base distribution. This approach is evaluated using a password guessing attack. In addition, we briefly discuss a NoSQL injection attack which we argue is difficult to detect using trace data.",,,,,,,,,
triple-197,324,zero-trust security architecture,METHOD,APPLIED_TO,containerized microservices,CONCEPT,2026,0.95,This paper presents a comprehensive zero-trust security architecture designed specifically for containerized microservices,unique_normalized_exact_quote_match,db9b65ee4c61621058cad337f28f7adcd1a0423b,0,Zero-Trust Security Architecture for Containerized Microservices in Enterprise Telecommunications Networks,abstract,"The proliferation of containerized microservices in enterprise telecommunications environments has fundamentally altered the security perimeter. Traditional perimeter-based security models, which assume trust within the network boundary, are inadequate for dynamic, distributed container orchestration platforms where workloads are ephemeral, network topologies shift in real time, and east-west traffic dwarfs north-south traffic. This paper presents a comprehensive zero-trust security architecture designed specifically for containerized microservices running on Kubernetes in enterprise telecommunications networks. Drawing from 12+ years of experience managing production Linux environments and implementing DevSecOps practices for telecommunications infrastructure at AT&T, the author describes a layered security framework encompassing mutual TLS service mesh encryption, Kubernetes network policies, container image supply chain security, runtime behavioral analysis, and automated incident response. The implementation of this framework reduced the attack surface by 78%, achieved 100% encrypted inter-service communication, decreased mean time to detect security incidents from 72 hours to under 4 minutes, and eliminated three categories of vulnerabilities that had previously required quarterly emergency patching.",,,,,,,,,
triple-198,383,hybrid encryption algorithm,METHOD,APPLIED_TO,data encryption,CONCEPT,2021,0.85,the hybrid encryption algorithm hybridized by encryption algorithm of Rivest Shamir Adleman (RSA) and encryption algorithm of Advanced Encryption Standard (AES) is used for data encryption.,unique_normalized_exact_quote_match,3f7510f5e175698777c9e644ceb99d2490adbdf8,0,Design and Achievement of Security Mechanism of API Gateway Platform Based on Microservice Architecture,abstract,"To solve the current security problems of the microservice architecture, the security mechanism of the API gateway platform using the microservice platform is designed and implemented. To solve the corresponding security problems, a new API platform security mechanism is designed. In the data transmission, the hybrid encryption algorithm hybridized by encryption algorithm of Rivest Shamir Adleman (RSA) and encryption algorithm of Advanced Encryption Standard (AES) is used for data encryption. An API gateway between the client and the microservice is introduced as the only entrance for users to access the microservice, avoiding the complexity of the client logic caused by the direct communication between the client and the server. After the introduction of the API gateway, the API-level service operation authority can be controlled; the security of the front-end and back-end transmission data is improved without affecting the transmission performance. The algorithm designed takes longer time than the AES encryption algorithm, but shorter than the RSA encryption algorithm, which indicates that the time-consuming of the algorithm designed is acceptable, showing the feasibility of the algorithm. The content can provide an important theoretical basis for the security of API gateway platform of microservice architecture.",,,,,,,,,
triple-199,569,Proposed framework,METHOD,ADDRESSES,message spoofing,CONCEPT,2020,0.9,The proposed framework could mitigate ADS- B security issues of message spoofing and anomalous traffic data.,unique_normalized_exact_quote_match,aa77d5ad503788b3410c4833ffb4b278b5201c28,0,A Microservices Architecture for ADS-B Data Security Using Blockchain,abstract,"The use of Automatic Dependent Surveillance - Broadcast (ADS-B) for aircraft tracking and flight management operations is widely used today. However, ADS-B is prone to several cyber-security threats due to the lack of data authentication and encryption. Recently, Blockchain has emerged as new paradigm that can provide promising solutions in decentralized systems. Furthermore, software containers and Microservices facilitate the scaling of Blockchain implementations within cloud computing environment. When fused together, these technologies could help improve Air Traffic Control (ATC) processing of ADS-B data. In this paper, a Blockchain implementation within a Microservices framework for ADS-B data verification is proposed. The aim of this work is to enable data feeds coming from third-party receivers to be processed and correlated with that of the ATC ground station receivers. The proposed framework could mitigate ADS- B security issues of message spoofing and anomalous traffic data. and hence minimize the cost of ATC infrastructure by throughout third-party support.",,,,,,,,,
triple-200,425,service mesh with integrated NIDS,METHOD,ADDRESSES,lateral movement attacks,CONCEPT,2025,0.9,"Cloud-native environments are increasingly vulnerable to lateral movement attacks that exploit misconfigured or vulnerable containers. Traditional service meshes rely on static configurations and lack runtime adaptability, while conventional NIDS operate globally, introducing latency and failing to reflect the behavioral patterns specific to containerized services. To address these limitations, we propose a service mesh with integrated NIDS",unique_normalized_exact_quote_match,2d875d04d227bb39fcb9bbcbbe11854439b37d72,0,Lightweight Service Mesh for Intrusion Detection using KD-CNN in Cloud-Native Environments,abstract,"Cloud-native environments are increasingly vulnerable to lateral movement attacks that exploit misconfigured or vulnerable containers. Traditional service meshes rely on static configurations and lack runtime adaptability, while conventional NIDS operate globally, introducing latency and failing to reflect the behavioral patterns specific to containerized services. To address these limitations, we propose a service mesh with integrated NIDS, implemented in Kubernetes. Each application container is paired with a lightweight proxy that intercepts traffic and performs real-time anomaly detection using a lightweight CNN encoder obtained through knowledge distillation from a self-supervised teacher model. Combined with a One-Class SVM, the system enables unsupervised, service-specific detection from unlabeled benign traffic. We evaluate our approach using real-world microservice deployments and MITRE ATT&CK-based lateral movement scenarios. Experimental results show that the proposed KD-CNN+OCSVM model outperforms existing deep learning methods in detection accuracy, while knowledge distillation reduces inference latency by up to 88.74% with minimal degradation in performance. Even with detection enabled, the system maintains end-to-end latency below 14 ms and throughput above 600 req/s, indicating its suitability for deployment in resource-constrained cloud-native environments.",,,,,,,,,
